date,XLC,XLRE,XLB,XLE,XLF,XLI,XLK,XLP,XLU,XLV,XLY
2015-10-08,55.98,30.21,36.800636291503906,47.740623474121094,15.959920883178713,45.11732482910156,37.0059700012207,38.825592041015625,32.83816146850586,58.712886810302734,70.15492248535156
2015-10-09,56.13,30.16,36.783966064453125,47.43101119995117,15.857563018798828,45.269981384277344,37.1672477722168,38.912147521972656,32.68143081665039,58.98004913330078,70.23625946044922
2015-10-12,55.975,30.3499,36.46738052368164,46.818695068359375,15.871212005615234,45.2784538269043,37.21204376220703,39.0144157409668,32.972511291503906,59.13517761230469,70.57061767578125
2015-10-13,55.54,30.16,36.325740814208984,46.33018493652344,15.74839210510254,44.79505920410156,37.13141250610352,38.77839660644531,32.89788055419922,58.394046783447266,70.19107818603516
2015-10-15,56.2,30.07,36.71731185913086,47.568603515625,15.973563194274902,44.79505920410156,37.53460693359375,38.67611312866211,33.37553787231445,59.58329772949219,70.38084411621094
2015-10-16,56.1601,30.642,36.73398971557617,47.63053894042969,16.069093704223633,44.56608200073242,37.60630416870117,39.04589080810547,33.4202995300293,60.11760711669922,70.75138854980469
2015-10-19,55.88,30.9999,36.4757080078125,46.68796157836914,16.05544090270996,44.62546157836914,37.74965286254883,39.218963623046875,33.44269943237305,60.33304214477539,71.08576965332031
2015-10-20,56.57,31.03,36.534027099609375,46.818695068359375,16.150976181030273,44.92227935791016,37.651100158691406,39.195369720458984,33.55463790893555,59.38507461547851,70.9953842163086
2015-10-21,55.7178,31.055,36.209083557128906,46.240753173828125,16.034976959228516,44.93074798583984,37.3643798828125,39.20322799682617,33.48747634887695,58.85078048706055,70.6790771484375
2015-10-22,56.77,31.4475,37.20055389404297,47.07323455810547,16.29427146911621,46.18588638305664,38.206634521484375,39.98210525512695,33.87557601928711,58.49745178222656,71.60990142822266
2015-10-23,57.9,31.07,37.508819580078125,46.963165283203125,16.471675872802734,46.355506896972656,39.272918701171875,39.919166564941406,33.278499603271484,59.747047424316406,71.96232604980469
2015-10-26,57.47,31.11,37.20055389404297,45.81418991088867,16.4034423828125,46.25374984741211,39.12059020996094,39.84050750732422,33.15908432006836,59.97970199584961,72.46842956542969
2015-10-27,56.6005,31.1183,37.04225158691406,45.2637939453125,16.307912826538086,45.744903564453125,38.896583557128906,39.89557647705078,33.039669036865234,61.082786560058594,72.12501525878906
2015-10-28,58.474,31.005,37.600460052490234,46.26827621459961,16.69002342224121,46.10957717895508,39.47899627685547,39.66741561889648,32.688907623291016,61.59124755859375,72.81181335449219
2015-10-29,57.5365,31.146,37.67545700073242,46.5022087097168,16.669553756713867,46.084129333496094,39.37147903442383,39.68314743041992,32.502323150634766,61.867000579833984,73.01968383789062
2015-11-03,58.66,31.35,38.10870742797851,49.12348937988281,16.683198928833008,46.59296798706055,39.66716384887695,39.28977584838867,32.785919189453125,62.56504821777344,73.78783416748047
2015-11-04,58.13,31.22,37.85874938964844,48.68317413330078,16.63542938232422,46.46576690673828,39.71196365356445,39.124549865722656,32.95758819580078,62.28927230834961,73.3088607788086
2015-11-05,58.05,31.1,37.6671257019043,48.2703857421875,16.70366668701172,46.52511978149414,39.59547805786133,39.11669158935547,32.673973083496094,62.09105682373047,73.57093811035156
2015-11-06,58.6,29.95,37.76709747314453,48.0226936340332,16.87425994873047,46.52511978149414,39.729888916015625,38.69185256958008,31.53210830688477,61.8325309753418,73.5799789428711
2015-11-09,57.94,29.71,37.508819580078125,47.5479621887207,16.69002342224121,46.1689338684082,39.3445930480957,38.432228088378906,31.614200592041016,61.35854721069336,72.56783294677734
2015-11-10,57.27,30.03,37.23387145996094,47.65117263793945,16.76508140563965,46.16044998168945,39.08473587036133,38.53450012207031,31.89781188964844,61.77220916748047,73.25462341308594
2015-11-11,57.4737,30.1339,37.27553176879883,46.63981246948242,16.71048927307129,46.21982955932617,39.06682968139648,38.47943878173828,32.1739501953125,61.16033935546875,72.82086944580078
2015-11-12,56.56,29.95,36.52570724487305,45.580291748046875,16.45802879333496,45.59223937988281,38.72633743286133,37.96017074584961,31.867948532104492,60.10036087036133,72.1430892944336
2015-11-13,55.83,29.56,36.99227142333984,45.394527435302734,16.321556091308594,45.38871383666992,37.96471405029297,37.62975311279297,31.748533248901367,59.95386505126953,70.24529266357422
2015-11-16,56.4178,29.53,37.46717071533203,46.90813064575195,16.51943588256836,45.973880767822266,38.54713439941406,38.27488327026367,32.28589630126953,60.70359420776367,71.09481048583984
2015-11-17,56.6609,29.99,37.425506591796875,46.39212417602539,16.485326766967773,45.880592346191406,38.55608367919922,38.2591552734375,31.703760147094727,60.962120056152344,71.2303466796875
2015-11-18,57.0,30.3448,38.09203338623047,47.15581512451172,16.77872657775879,46.51664733886719,39.138519287109375,38.7862548828125,31.905277252197266,62.15142059326172,72.45034790039062
2015-11-19,57.25,30.51,38.05037689208984,46.5228385925293,16.806020736694336,46.72018051147461,39.317718505859375,38.88854217529297,32.24856185913086,61.108642578125,72.54071807861328
2015-11-20,57.33,30.76,37.933738708496094,46.02748107910156,16.83331298828125,46.9576416015625,39.60443878173828,38.61317825317383,32.382911682128906,61.63432693481445,73.40829467773438
2015-11-23,57.4613,30.92,37.98371887207031,46.35771942138672,16.76508140563965,46.72018051147461,39.37147903442383,38.95148468017578,32.084388732910156,61.47919845581055,73.67938232421875
2015-11-24,57.381,30.45,38.300323486328125,47.34844970703125,16.717315673828125,46.64386367797851,39.380428314208984,39.053749084472656,32.03960418701172,61.66878890991211,73.5257568359375
2015-11-30,57.8,30.75,38.100379943847656,46.79804611206055,16.75825309753418,46.423362731933594,39.3893928527832,38.88068008422851,31.95750617980957,61.2809944152832,73.0016098022461
2015-12-01,58.14,31.2586,38.366981506347656,47.16957092285156,16.94248390197754,46.64386367797851,39.73884582519531,39.21110534667969,32.21126174926758,62.31515121459961,73.7516860961914
2015-12-02,57.98,30.62,37.85041427612305,45.71099853515625,16.74460792541504,46.1689338684082,39.48796463012695,39.0144157409668,31.49479866027832,61.78944778442383,73.11005401611328
2015-12-03,56.99,30.01,37.51715850830078,44.79595947265625,16.471675872802734,45.59223937988281,38.97723388671875,38.80986022949219,31.25596618652344,60.43643951416016,72.00752258300781
2015-12-04,57.91,30.62,38.17535400390625,44.51387405395508,16.90837287902832,46.27070999145508,39.93596267700195,39.68314743041992,31.696306228637695,61.85839080810547,73.39925384521484
2015-12-08,57.13,30.72,36.783966064453125,42.38105392456055,16.539907455444336,45.30390930175781,39.640281677246094,39.691017150878906,31.793315887451172,61.651580810546875,72.87510681152344
2015-12-09,56.56,30.55,37.89207077026367,42.9383430480957,16.348854064941406,45.16822052001953,39.05786895751953,39.31338882446289,31.80078887939453,61.03107070922851,71.94429016113281
2015-12-10,56.304,30.3,37.60880279541016,43.21355056762695,16.36249542236328,45.380226135253906,39.165382385253906,39.36056900024414,31.278356552124023,61.48780822753906,72.18827056884766
2015-12-11,55.14,30.1382,36.6090202331543,41.59673309326172,16.000858306884766,44.61697006225586,38.349998474121094,38.92787170410156,31.18880844116211,60.582977294921875,70.54350280761719
2015-12-14,54.592,30.2312,36.12577819824219,41.81689453125,16.034976959228516,44.77810287475586,38.64569854736328,39.31338882446289,31.345535278320312,60.979373931884766,70.90501403808594
2015-12-15,55.349,30.58,36.325740814208984,42.86954116821289,16.410261154174805,44.78657913208008,38.815940856933594,39.56513977050781,31.591808319091797,61.77220916748047,71.2936019897461
2015-12-16,56.22,31.13,36.700660705566406,42.58745574951172,16.67637825012207,45.583778381347656,39.3445930480957,40.32827377319336,32.3903694152832,62.57365798950195,72.48650360107422
2015-12-17,55.75,31.09,35.96747970581055,41.54169464111328,16.437559127807617,44.8289909362793,38.72633743286133,39.80902099609375,32.457557678222656,61.901493072509766,71.2936019897461
2015-12-18,54.96,30.35,35.48147201538086,40.81414413452149,15.998120307922363,44.14556121826172,37.97529220581055,39.103668212890625,32.05413055419922,61.004032135009766,70.17291259765625
2015-12-21,55.0247,30.4,35.800437927246094,40.85578536987305,16.15604019165039,44.486846923828125,38.362518310546875,39.5474967956543,32.03151321411133,61.557884216308594,70.52680206298828
2015-12-22,55.2491,30.68,36.25372314453125,41.334808349609375,16.30710792541504,45.10115814208984,38.64168930053711,40.0626335144043,32.30297088623047,61.97332000732422,71.04403686523438
2015-12-23,56.49,30.98,37.10991287231445,43.13288497924805,16.499351501464844,45.63015365600586,38.96586990356445,40.35587310791016,32.8006477355957,62.63969039916992,71.40701293945312
2015-12-24,56.7601,31.01,37.02595901489258,42.744102478027344,16.48562240600586,45.61309051513672,38.94786834716797,40.31624984741211,32.77800750732422,62.70026016235352,71.21646881103516
2015-12-28,56.432,30.9272,36.7657585144043,41.966552734375,16.471881866455078,45.51072311401367,38.920860290527344,40.26077651977539,32.83833312988281,62.40603256225586,71.39793395996094
2015-12-29,57.042,31.44,37.10991287231445,42.25814437866211,16.643543243408203,45.94585418701172,39.4521598815918,40.60948944091797,33.01929473876953,63.16759490966797,72.2237319946289
2015-12-30,56.5799,31.4399,36.7657585144043,41.68886947631836,16.526813507080078,45.5619010925293,39.11896514892578,40.466827392578125,32.989139556884766,62.89933013916016,71.64298248291016
2015-12-31,56.22,31.184,36.44677734375,41.87630844116211,16.362028121948242,45.22914505004883,38.56964111328125,40.01509475708008,32.634742736816406,62.336788177490234,70.92607879638672
2016-01-04,54.95,30.46,35.87598419189453,41.8624267578125,16.04619026184082,44.62335586547851,38.065338134765625,39.50785827636719,32.56687927246094,61.21174240112305,69.71012878417969
2016-01-05,54.84,31.383,35.85919189453125,42.02210235595703,16.10797882080078,44.74281692504883,37.96628189086914,39.76146697998047,32.8006477355957,61.50598907470703,69.619384765625
2016-01-06,54.16,31.08,34.919063568115234,40.4045295715332,15.860803604125977,44.05170440673828,37.498016357421875,39.62675094604492,32.74031066894531,61.004032135009766,68.93877410888672
2016-01-07,52.45,30.51,33.970542907714844,39.4187126159668,15.414501190185549,42.857200622558594,36.3903694152832,39.15121841430664,32.521644592285156,59.76645278930664,67.5231704711914
2016-01-08,52.33,30.11,33.626380920410156,38.91193389892578,15.174185752868652,42.42205810546875,36.10219955444336,38.85005569458008,32.50656509399414,58.86641311645508,66.79718780517578
2016-01-11,51.74,30.2899,33.055599212646484,38.07884216308594,15.194785118103027,42.44764709472656,36.33633041381836,39.214622497558594,32.67998123168945,58.1654167175293,67.32353210449219
2016-01-12,51.731,29.96,33.10596466064453,38.16908645629883,15.31151008605957,42.78893280029297,36.768585205078125,39.42861557006836,32.55178451538086,58.909698486328125,68.06761169433594
2016-01-13,50.2699,29.65,32.342105865478516,37.25270462036133,14.913274765014648,41.75654220581055,35.77800750732422,38.70738983154297,32.53671646118164,57.161529541015625,65.77178955078125
2016-01-14,51.3153,29.75,32.77859115600586,38.856388092041016,15.043730735778809,42.251407623291016,36.45339584350586,38.88968276977539,33.0268440246582,58.693336486816406,66.24365234375
2016-01-15,49.6499,29.25,32.10707473754883,37.73172378540039,14.707286834716797,41.50910186767578,35.42679977416992,38.2794303894043,32.73277282714844,57.87119674682617,64.88246154785156
2016-01-19,49.32,29.45,31.712554931640625,36.919464111328125,14.700424194335938,41.500579833984375,35.46282196044922,38.739105224609375,33.2228889465332,57.86252212524414,65.12747192382812
2016-01-20,48.5699,28.66,31.477523803710938,35.94060516357422,14.412043571472168,40.96303939819336,35.18365478515625,38.25566101074219,32.476402282714844,57.97502899169922,64.55580139160156
2016-01-21,48.6999,28.88,31.75452995300293,37.058326721191406,14.350247383117676,41.1422233581543,35.38177490234375,38.40623474121094,32.44623947143555,57.801944732666016,65.38156127929688
2016-01-22,50.1401,29.48,32.325313568115234,38.69671630859375,14.611161231994627,41.500579833984375,36.36334609985352,39.06404495239258,33.0268440246582,58.71929168701172,66.52495574951172
2016-01-26,50.998,29.7422,31.8300724029541,38.287105560302734,14.556235313415527,41.76507568359375,36.29130554199219,39.071964263916016,32.97406768798828,58.61545181274414,66.72460174560547
2016-01-27,50.2577,29.48,31.5782470703125,38.10661315917969,14.501298904418944,41.29580307006836,35.54386901855469,39.032344818115234,33.04947280883789,57.949066162109375,65.6810302734375
2016-01-28,49.3041,29.16,31.628612518310547,39.265987396240234,14.50816822052002,41.534706115722656,36.00313949584961,39.42861557006836,33.57729721069336,56.59901428222656,66.52495574951172
2016-01-29,50.3,29.19,32.54357147216797,40.41147232055664,14.913274765014648,42.65242385864258,37.1378059387207,40.22906494140625,34.24838638305664,57.525001525878906,67.25093841552734
2016-02-01,50.95,29.81,32.6778678894043,39.73807144165039,14.851472854614258,42.5500373840332,37.27288055419922,40.363800048828125,34.572628021240234,57.611541748046875,67.65926361083984
2016-02-02,49.1999,29.43,32.459632873535156,38.412078857421875,14.439505577087402,41.69681930541992,36.60649490356445,39.84864807128906,34.72343444824219,56.78074645996094,66.34346771240234
2016-02-03,49.8412,29.46,33.55083084106445,39.77972030639648,14.453241348266602,42.370845794677734,36.56147384643555,39.76146697998047,35.15322494506836,57.15286636352539,66.17105865478516
2016-02-04,50.6388,29.6365,34.482566833496094,39.75890350341797,14.57682991027832,43.10462188720703,36.59748840332031,39.39690017700195,35.00242614746094,56.84131622314453,65.78994750976562
2016-02-05,49.549,29.098,34.08805847167969,38.83555603027344,14.3845796585083,42.6950798034668,35.57087707519531,39.333499908447266,35.11553955078125,55.73356246948242,63.666507720947266
2016-02-08,47.1568,27.556,33.18989944458008,38.63422393798828,14.020672798156738,42.33673477172851,35.05756759643555,39.2304801940918,34.994876861572266,54.97199249267578,62.432376861572266
2016-02-09,47.36,27.34,33.60121536254883,37.70396041870117,14.000070571899414,42.59270095825195,34.89548873901367,39.492000579833984,35.11553955078125,55.37874221801758,62.332542419433594
2016-02-10,47.68,27.92,33.282249450683594,37.55123519897461,13.924549102783203,42.370845794677734,34.949527740478516,39.444461822509766,35.07783126831055,55.87202453613281,62.22364044189453
2016-02-12,48.68,27.49,33.525657653808594,38.37736511230469,14.068735122680664,42.37938690185547,35.36376190185547,39.682220458984375,34.353946685791016,55.70760726928711,63.330753326416016
2016-02-17,51.32,28.35,34.709205627441406,40.02963638305664,14.487565994262695,43.89812469482422,36.73256301879883,40.41134262084961,34.50475311279297,57.47308349609375,66.26177978515625
2016-02-18,51.6193,28.7,34.608489990234375,39.52980041503906,14.405179023742676,43.872528076171875,36.588478088378906,40.22906494140625,35.070281982421875,57.11824798583984,65.82624816894531
2016-02-19,51.661,28.66,34.205562591552734,39.439544677734375,14.405179023742676,43.787200927734375,36.61549377441406,40.29247283935547,34.8365364074707,57.057674407958984,66.00770568847656
2016-02-22,52.5399,29.1,34.860313415527344,40.4461784362793,14.631759643554688,44.52951431274414,37.10179138183594,40.490604400634766,35.24372863769531,57.87119674682617,67.28720092773438
2016-02-23,52.423,28.95,34.004119873046875,39.06466293334961,14.370847702026367,44.08583450317383,36.51643753051758,40.48268508911133,35.27387237548828,57.438472747802734,66.91517639160156
2016-02-24,53.66,28.974,34.356666564941406,39.46036911010742,14.336517333984377,44.11143493652344,36.79560852050781,40.60948944091797,35.43975830078125,57.62885665893555,67.30537414550781
2016-02-25,53.87,29.16,34.801551818847656,39.49508285522461,14.535630226135254,44.691612243652344,37.25487518310547,41.069149017333984,35.80170822143555,58.34715270996094,67.97688293457031
2016-02-26,54.1101,29.37,35.305198669433594,39.73111343383789,14.638628005981444,44.75135803222656,37.15580749511719,40.490604400634766,34.81391143798828,58.24332809448242,67.90425872802734
2016-02-29,54.678,29.33,35.086952209472656,39.27986907958984,14.480703353881836,44.46977615356445,36.89466094970703,40.35587310791016,34.91194534301758,57.31730651855469,67.55036926269531
2016-03-01,55.46,30.03,35.98511505126953,40.307350158691406,14.96820068359375,45.34006881713867,37.99330139160156,40.74420547485352,34.73851013183594,58.54620361328125,69.33805084228516
2016-03-02,56.32,30.36,35.842403411865234,41.293155670166016,15.13298797607422,45.37419509887695,38.10136032104492,40.863094329833984,34.91948699951172,58.64141082763672,69.2745361328125
2016-03-03,55.77,30.402,36.060646057128906,41.91796875,15.235984802246094,45.69841384887695,38.10136032104492,41.069149017333984,35.1306037902832,58.47697448730469,69.68289947509766
2016-03-04,55.73,30.49,36.4803581237793,42.32062149047851,15.297769546508787,45.8861198425293,38.20043182373047,41.243507385253906,35.522708892822266,58.3385009765625,69.619384765625
2016-03-07,56.05,30.47,36.900054931640625,43.31338119506836,15.29090976715088,46.02264022827149,37.96628189086914,40.989898681640625,35.71875762939453,58.805816650390625,69.31990814208984
2016-03-08,55.2,30.424,36.178165435791016,41.49448776245117,15.043730735778809,45.37419509887695,37.73215103149414,41.10878372192383,36.073143005371094,58.08753204345703,68.77545166015625
2016-03-09,55.2201,30.3312,36.404808044433594,42.16789245605469,15.064332962036133,45.51922225952149,38.05633544921875,41.41786575317383,36.239044189453125,58.191375732421875,68.91156005859375
2016-03-10,54.79,30.1884,36.597862243652344,42.202606201171875,15.050594329833984,45.45099639892578,38.02031326293945,41.433719635009766,36.26920700073242,58.22600936889648,69.0839614868164
2016-03-11,55.6489,30.89,37.26939392089844,43.29256439208984,15.441961288452148,46.10795211791992,38.60567092895508,41.568450927734375,36.306915283203125,59.35972213745117,70.14569854736328
2016-03-14,55.88,30.9901,37.0175666809082,43.00791931152344,15.393898010253906,46.150630950927734,38.65068817138672,41.54467010498047,36.35214614868164,59.108734130859375,70.40882873535156
2016-03-15,54.8599,31.195,37.10151672363281,42.92460632324219,15.387033462524414,46.12503433227539,38.794776916503906,41.64769744873047,36.42000961303711,58.191375732421875,70.39068603515625
2016-03-16,55.29,30.9601,37.41209411621094,43.66743850708008,15.352705955505373,46.287132263183594,39.24503707885742,41.7428092956543,36.97800827026367,58.05293273925781,70.9623794555664
2016-03-17,56.0801,31.9956,38.10041427612305,44.26448440551758,15.538086891174316,47.30247497558594,39.38913345336914,41.99642181396485,37.18159103393555,57.37787628173828,71.06220245361328
2016-03-18,56.06,31.47,38.25790786743164,44.39173126220703,15.676024436950684,47.70811462402344,39.452484130859375,41.94145584106445,36.94457244873047,58.05274200439453,71.15422821044922
2016-03-21,56.04,31.31,38.434791564941406,44.2379264831543,15.64843463897705,47.991119384765625,39.5882568359375,41.965354919433594,36.90657806396485,58.39147186279297,71.190673828125
2016-03-22,55.94,31.2552,37.996788024902344,43.99319839477539,15.600165367126465,47.7166862487793,39.5972900390625,41.71840286254883,36.785030364990234,58.973365783691406,71.07221984863281
2016-03-23,55.2813,31.14,37.52510070800781,43.0283088684082,15.482916831970217,47.4079475402832,39.371036529541016,41.72636795043945,37.05852127075195,58.55646896362305,70.57106018066406
2016-03-24,55.29,31.19,37.52510070800781,43.23807144165039,15.386363983154297,47.27073287963867,39.47962951660156,41.67856979370117,37.15727996826172,58.53042221069336,70.66220092773438
2016-03-28,55.4693,31.39,37.68513107299805,43.00733184814453,15.434640884399414,47.28789520263672,39.38006591796875,41.9016227722168,37.020530700683594,58.36540222167969,70.98109436035156
2016-03-29,56.68,32.07,37.895713806152344,43.2100944519043,15.46222686767578,47.59661483764648,39.99553298950195,42.21229553222656,37.56752395629883,59.04288101196289,71.70091247558594
2016-03-30,57.04,32.0,38.064178466796875,43.294002532958984,15.551885604858398,47.682373046875,40.2308464050293,42.49111557006836,37.47636032104492,59.051551818847656,72.15653228759766
2016-03-31,57.1,32.16,37.74409866333008,43.27302932739258,15.517400741577148,47.570892333984375,40.1494026184082,42.268062591552734,37.69667434692383,58.86914825439453,72.07453155517578
2016-04-01,57.2551,32.227,38.10629653930664,42.69268798828125,15.655327796936035,47.79386901855469,40.45712661743164,42.714168548583984,37.841026306152344,59.53791809082031,72.37519836425781
2016-04-04,57.244,32.1799,37.60932159423828,42.37805938720703,15.579468727111816,47.25357818603515,40.30325698852539,42.730106353759766,37.681488037109375,60.2501220703125,71.81027221679688
2016-04-05,56.59,31.8916,37.373477935791016,42.09139633178711,15.358777046203612,46.96199798583984,39.9140739440918,42.44331741333008,36.97494888305664,59.46844482421875,71.19977569580078
2016-04-06,56.9205,31.98,37.80306243896485,43.0003547668457,15.441535949707031,47.19355010986328,40.30325698852539,42.77790832519531,36.92937088012695,61.06654357910156,71.87406921386719
2016-04-07,56.3276,31.7202,37.25556182861328,42.74863052368164,15.151881217956545,46.739036560058594,39.72399139404297,42.31586837768555,36.914180755615234,60.397762298583984,71.06310272216797
2016-04-08,56.44,32.02,37.49983215332031,43.608646392822266,15.20705509185791,46.91912078857422,39.72399139404297,42.546878814697266,37.111690521240234,60.23272705078125,70.95378875732422
2016-04-11,56.3989,32.0,37.66829299926758,43.42685317993164,15.269121170043944,46.93628692626953,39.61540222167969,42.24416732788086,36.9521598815918,59.772430419921875,70.68952941894531
2016-04-12,55.91,32.14,38.19052505493164,44.720359802246094,15.46222686767578,47.210697174072266,39.88692092895508,42.50705337524414,37.21046447753906,60.25880432128906,71.22711181640625
2016-04-13,56.82,32.0165,38.5695686340332,44.93011474609375,15.813957214355469,47.9139404296875,40.294212341308594,42.18043899536133,36.982547760009766,60.82332992553711,72.22942352294922
2016-04-14,56.938,31.89,38.59483337402344,45.03499984741211,15.848441123962402,47.99969482421875,40.285160064697266,41.9892463684082,36.93696212768555,60.85808563232422,72.22942352294922
2016-04-15,56.6799,32.11,38.77170944213867,44.42669296264648,15.793265342712402,48.06828308105469,40.13129806518555,42.25213241577149,37.14208221435547,60.81464767456055,72.42990112304688
2016-04-18,56.768,32.23,38.948604583740234,45.160850524902344,15.910511016845703,48.11117935180664,40.30325698852539,42.49111557006836,37.28643798828125,61.37921905517578,73.1132583618164
2016-04-19,56.61,32.12,39.782501220703125,46.06281280517578,16.110511779785156,48.45421600341797,40.07698059082031,42.46721267700195,37.347206115722656,61.59634780883789,72.71234130859375
2016-04-20,56.89,31.8,39.664573669433594,46.47532653808594,16.234647750854492,48.37702560424805,40.158451080322266,41.9892463684082,36.41276931762695,61.926368713378906,72.80345153808594
2016-04-21,56.4394,31.0636,39.487693786621094,46.20265197753906,16.08982276916504,48.25697326660156,40.01362991333008,41.240440368652344,35.65304946899414,62.291168212890625,72.54834747314453
2016-04-22,57.3072,31.4601,39.76565170288086,46.87387466430664,16.24154281616211,48.37702560424805,39.31671905517578,41.39179992675781,35.97213363647461,62.42146301269531,72.40254211425781
2016-04-25,57.08,31.6807,39.63087844848633,46.34947204589844,16.207063674926758,48.14548110961914,39.32577133178711,41.67856979370117,36.04051208496094,62.178253173828125,72.48455047607422
2016-04-26,57.39,31.77,39.95096969604492,47.09062576293945,16.31051254272461,48.57428359985352,39.135711669921875,41.51129913330078,36.09369659423828,61.94377517700195,72.65768432617188
2016-04-27,57.6765,31.6499,40.28789138793945,47.98558044433594,16.33810043334961,48.91731643676758,38.954689025878906,41.7104377746582,36.617889404296875,61.874267578125,72.58479309082031
2016-04-28,57.99,31.6824,39.90884017944336,47.27241134643555,16.16568946838379,48.44563674926758,38.46593475341797,41.750274658203125,36.5647087097168,61.578983306884766,71.80117797851562
2016-04-29,56.908,31.38,39.67299270629883,47.19550323486328,16.076026916503906,48.16263961791992,38.131065368652344,41.66265106201172,36.785030364990234,60.61491394042969,72.1656265258789
2016-05-02,57.0533,31.71,39.816184997558594,47.14655685424805,16.22085189819336,48.41134262084961,38.4116325378418,42.140621185302734,37.08132553100586,60.96230697631836,73.17704772949219
2016-05-03,56.3419,31.8699,39.15919494628906,46.03483581542969,16.01395606994629,48.016841888427734,38.05865478515625,42.06093978881836,37.05093002319336,60.771244049072266,72.50276184082031
2016-05-04,56.04,32.3299,38.76329803466797,45.37060546875,15.889820098876951,47.42510223388672,37.94099044799805,42.18840026855469,37.48394775390625,60.18933868408203,72.17473602294922
2016-05-05,55.6599,32.3599,38.5695686340332,45.741172790527344,15.882917404174805,47.39936828613281,37.95909118652344,42.19637680053711,37.339603424072266,60.44119644165039,71.71003723144531
2016-05-06,55.1114,32.53,38.8812255859375,45.63629913330078,15.951886177062988,47.7166862487793,38.23966598510742,42.41145706176758,37.09650039672851,60.08509063720703,72.238525390625
2016-05-09,55.56,32.858,38.40953063964844,44.972068786621094,15.910511016845703,47.50228500366211,38.23966598510742,42.64247512817383,37.3092155456543,60.771244049072266,72.43900299072266
2016-05-10,56.2026,32.9799,39.0496940612793,45.76215362548828,16.138097763061523,48.31700897216797,38.737457275390625,43.064674377441406,37.347206115722656,61.28365707397461,73.36837768554688
2016-05-11,56.08,32.38,38.914920806884766,45.9019889831543,15.965685844421388,47.9139404296875,38.45689392089844,42.72213363647461,37.48394775390625,60.5454216003418,71.89228057861328
2016-05-12,55.5,32.4899,39.08338165283203,46.0278434753418,15.972578048706056,47.8110237121582,38.3482780456543,42.953155517578125,37.70426559448242,60.18933868408203,72.0289535522461
2016-05-13,55.35,32.021,38.704345703125,45.44052505493164,15.779471397399902,47.210697174072266,38.20346450805664,42.41145706176758,37.521942138671875,60.05036544799805,71.17245483398438
2016-05-16,56.12,32.4575,39.36977005004883,46.20963287353515,15.86223316192627,47.79386901855469,38.737457275390625,42.68229675292969,37.56752395629883,60.86676788330078,71.61891174316406
2016-05-17,55.14,31.92,39.16761016845703,46.4263801574707,15.772578239440918,47.562313079833984,38.3482780456543,41.84585952758789,36.92937088012695,60.23272705078125,70.80799102783203
2016-05-18,55.66,31.133,38.5695686340332,45.978904724121094,16.048439025878906,47.39936828613281,38.42068099975586,41.35992813110352,36.238040924072266,60.48463439941406,70.39793395996094
2016-05-20,55.89,31.2816,38.98230743408203,46.25859451293945,16.00706672668457,47.19355010986328,38.674110412597656,41.551116943359375,36.68626403808594,60.52804946899414,70.79886627197266
2016-05-23,56.1201,31.38,39.43715286254883,46.13971710205078,15.993268013000488,47.1077880859375,38.60170364379883,41.590938568115234,36.35959243774414,60.28486251831055,70.55284118652344
2016-05-24,56.89,31.5901,39.698265075683594,46.37044143676758,16.234647750854492,47.59661483764648,39.32577133178711,41.94145584106445,36.724246978759766,61.153411865234375,71.4002456665039
2016-05-26,57.506,31.78,39.75724029541016,46.90882873535156,16.31051254272461,47.78529739379883,39.72399139404297,42.17247009277344,37.03572845458984,61.54423141479492,71.9378433227539
2016-05-27,57.58,31.9053,39.74037551879883,46.936798095703125,16.42085838317871,47.96539306640625,39.9140739440918,42.22026443481445,37.09650039672851,61.82216262817383,72.27498626708984
2016-05-31,58.1754,31.92,39.53822326660156,46.7550048828125,16.379484176635742,47.95680618286133,39.99553298950195,41.94942092895508,37.339603424072266,61.96981048583984,72.20208740234375
2016-06-01,57.9209,31.8,39.58877182006836,46.76900863647461,16.413963317871094,47.99969482421875,39.895965576171875,42.37958908081055,37.438377380371094,62.195655822753906,72.15653228759766
2016-06-02,58.61,31.9,39.807762145996094,46.70606231689453,16.44845199584961,48.05971145629883,39.859764099121094,42.39553451538086,37.45356750488281,62.99467468261719,72.55742645263672
2016-06-03,58.2391,32.0443,40.14468765258789,46.524269104003906,16.213960647583008,48.016841888427734,39.76926040649414,42.66636657714844,38.04615020751953,62.786251068115234,72.08363342285156
2016-06-06,58.74,32.0599,40.557430267333984,47.55210494995117,16.31051254272461,48.47136688232422,39.8416633605957,42.714168548583984,37.992958068847656,63.12497329711914,72.26586151123047
2016-06-07,59.0266,32.086,40.57427215576172,48.62884521484375,16.276029586791992,48.70293045043945,40.00457382202149,42.66636657714844,37.96257781982422,62.73411178588867,72.35700225830078
2016-06-08,59.3,32.24,40.810115814208984,48.51697540283203,16.28982162475586,49.01165390014648,40.08603286743164,42.92127990722656,38.19048309326172,62.95124435424805,72.43900299072266
2016-06-09,58.7926,32.3084,40.51531982421875,48.14641571044922,16.17258071899414,49.003082275390625,40.095088958740234,43.08857345581055,38.51715469360352,62.84702682495117,72.27498626708984
2016-06-10,58.291,32.15,40.21208190917969,47.10460662841797,15.972578048706056,48.428489685058594,39.787353515625,43.12043762207031,38.41840362548828,62.34328842163086,71.51868438720703
2016-06-13,57.9834,32.14,39.76565170288086,46.96476364135742,15.86223316192627,47.905364990234375,39.343875885009766,42.76195526123047,38.372798919677734,61.84822463989258,71.12688446044922
2016-06-14,57.61,31.99,39.47084045410156,46.936798095703125,15.627748489379885,47.9139404296875,39.43438720703125,42.92925262451172,38.57793045043945,61.94377517700195,70.94466400146484
2016-06-15,58.21,32.32,39.64772415161133,46.824928283691406,15.64843463897705,47.93108367919922,39.334815979003906,42.80179214477539,38.3348274230957,61.518192291259766,71.14513397216797
2016-06-17,58.36,32.17,39.95604705810547,47.07696914672851,15.67664623260498,48.0573844909668,39.153446197509766,42.85094451904297,38.71733856201172,61.09435272216797,71.26042938232422
2016-06-20,58.57,32.2,40.18459701538086,47.48514938354492,15.766779899597168,48.49715423583984,39.317138671875,42.9871826171875,38.57180404663086,61.478065490722656,71.90055084228516
2016-06-21,58.71,32.46,40.07454681396485,48.048187255859375,15.856915473937988,48.462669372558594,39.58999252319336,43.09937286376953,38.62541961669922,61.26878356933594,71.73590850830078
2016-06-22,58.37,32.43,40.11687850952149,47.780738830566406,15.843047142028809,48.3246955871582,39.453556060791016,43.1234130859375,38.44159698486328,61.44317626953125,71.6353530883789
2016-06-23,59.324,32.57,40.734832763671875,48.56901168823242,16.175853729248047,48.88520812988281,39.99016952514648,43.38787841796875,38.54883575439453,62.24544906616211,72.33943939208984
2016-06-24,57.02,32.16,38.95713424682617,46.999542236328125,15.309168815612791,46.89323425292969,38.45313262939453,42.554420471191406,38.6100959777832,60.44034957885742,69.65104675292969
2016-06-27,54.7059,32.1101,37.6450309753418,45.49340057373047,14.872356414794922,45.789459228515625,37.68007278442383,42.46626663208008,39.0849723815918,59.6293830871582,68.37088775634766
2016-06-28,55.7999,32.7,37.96670150756836,46.76024627685547,15.25369930267334,46.5655632019043,38.42584228515625,42.73073196411133,39.230491638183594,60.78916549682617,69.73336791992188
2016-06-29,57.579,33.32,38.61005783081055,47.64702606201172,15.600374221801758,47.39338302612305,39.01702117919922,43.227596282958984,39.33773422241211,61.948944091796875,70.85809326171875
2016-06-30,57.9486,33.59,39.228031158447266,48.0270881652832,15.849981307983398,48.2988166809082,39.44448471069336,44.197288513183594,40.18790817260742,62.5332145690918,71.37931060791016
2016-07-01,57.98,33.5701,39.244964599609375,48.28044128417969,15.766779899597168,48.45404052734375,39.53542709350586,43.98893356323242,40.19556427001953,62.925628662109375,72.11998748779297
2016-07-05,57.605,33.815,38.53387069702149,47.30921173095703,15.53104019165039,48.01424789428711,39.244380950927734,44.237361907958984,40.4942741394043,62.86459732055664,71.53474426269531
2016-07-06,57.8086,33.77,38.686248779296875,47.513309478759766,15.572641372680664,48.25571823120117,39.517234802246094,44.27742385864258,40.57851791381836,63.5709228515625,72.14742279052734
2016-07-07,58.11,33.35,38.7878303527832,47.02769088745117,15.593442916870115,48.38505935668945,39.517234802246094,44.18928146362305,39.82791519165039,63.47499465942383,72.45830535888672
2016-07-08,59.78,33.928,39.75287628173828,47.654075622558594,15.891578674316406,49.350860595703125,40.13568115234375,44.63004302978515,40.24151611328125,64.25983428955078,73.72021484375
2016-07-11,60.3,34.19,39.947566986083984,47.74555969238281,15.981715202331545,49.66130065917969,40.37215042114258,44.638057708740234,40.21087646484375,64.0854263305664,74.14998626708984
2016-07-12,60.94,34.26,40.67558670043945,48.92794418334961,16.182788848876953,50.11833190917969,40.69955825805664,44.397647857666016,39.659420013427734,64.39934539794922,74.44261169433594
2016-07-13,60.922,34.4199,40.7856330871582,48.505653381347656,16.182788848876953,50.23905563354492,40.708648681640625,44.64608383178711,39.97343826293945,64.37321472167969,74.07684326171875
2016-07-14,61.0,34.229,41.149635314941406,48.751976013183594,16.335325241088867,50.61847305297851,40.972412109375,44.638057708740234,39.7130241394043,64.65223693847656,74.37858581542969
2016-07-15,61.3,34.179,41.29354476928711,48.72383499145508,16.307586669921875,50.609859466552734,40.936031341552734,44.638057708740234,39.82791519165039,64.59991455078125,74.04940795898438
2016-07-18,61.1482,34.19,41.56443405151367,48.75901794433594,16.363056182861328,50.566741943359375,41.2088737487793,44.5899658203125,39.94280624389648,64.62608337402344,74.33287048339844
2016-07-19,60.74,34.288,41.31895446777344,48.48454284667969,16.3699893951416,50.59261703491211,41.117923736572266,44.55792236328125,39.87387466430664,64.4865493774414,74.1957015991211
2016-07-21,60.8913,34.34,41.081912994384766,47.93559265136719,16.314523696899414,50.17005920410156,41.43625259399414,44.26942825317383,39.88154983520508,65.2626724243164,74.30543518066406
2016-07-25,62.0401,34.55,41.124229431152344,47.126220703125,16.38386344909668,49.99760818481445,41.62724304199219,44.4296989440918,40.34109115600586,65.32372283935547,74.73521423339844
2016-07-26,62.63,34.3553,41.43746566772461,47.40069580078125,16.397727966308594,50.41151809692383,41.71819305419922,44.08509826660156,39.98876190185547,65.21035766601562,74.64378356933594
2016-07-27,62.2256,34.1,41.48824691772461,46.93619537353515,16.390796661376953,50.213191986083984,42.06379318237305,43.42795181274414,39.52921295166016,65.50684356689453,74.41516876220703
2016-07-28,61.6885,34.31,41.42898941040039,46.943233489990234,16.425460815429688,50.19594192504883,42.091087341308594,43.62028884887695,39.682395935058594,65.44580078125,74.55233764648438
2016-07-29,62.156,34.678,41.21736526489258,47.42181015014648,16.397727966308594,50.04935836791992,42.24570846557617,43.83665084838867,39.91982650756836,65.57658386230469,74.63462829589844
2016-08-01,62.0896,34.79,40.98880386352539,45.85939025878906,16.356122970581055,49.98899459838867,42.32754898071289,43.88475036621094,39.94280624389648,65.99517822265625,74.75352478027344
2016-08-02,61.0916,34.26,40.87874603271485,46.274620056152344,16.217456817626953,49.5233268737793,42.00921249389648,43.82063293457031,39.682395935058594,65.74229431152344,73.63790893554688
2016-08-03,61.58,34.0,40.980342864990234,47.168453216552734,16.38386344909668,49.76477813720703,42.15473175048828,43.58020782470703,39.4449577331543,65.55915832519531,73.84823608398438
2016-08-04,61.8999,33.94,41.149635314941406,47.09806442260742,16.342256546020508,49.78203201293945,42.38212585449219,43.67638397216797,39.4219856262207,65.46322631835938,73.81166076660156
2016-08-05,62.4699,33.94,41.28509140014648,47.527374267578125,16.654264450073242,50.28218078613281,42.791385650634766,43.74850845336914,38.855201721191406,65.6202163696289,74.58893585205078
2016-08-08,62.16,33.93,41.36974334716797,48.16079330444336,16.675065994262695,50.35115051269531,42.78229904174805,43.700408935546875,38.839874267578125,65.06208801269531,74.342041015625
2016-08-09,62.72,34.16,41.24277114868164,47.90742874145508,16.688932418823242,50.33390808105469,42.87324142456055,43.83665084838867,38.832218170166016,65.21904754638672,74.12255859375
2016-08-10,62.3987,34.09,41.25123596191406,47.38663101196289,16.557201385498047,50.308048248291016,42.736820220947266,43.996952056884766,38.839874267578125,65.0010757446289,74.27800750732422
2016-08-11,62.39,33.77,41.42898941040039,48.083377838134766,16.591869354248047,50.6357307434082,42.89142608642578,43.996952056884766,38.931785583496094,65.37602233886719,75.01869201660156
2016-08-12,62.3843,33.88,40.98880386352539,48.35081481933594,16.543333053588867,50.49775695800781,42.8459587097168,44.149208068847656,38.98539733886719,65.21035766601562,74.98209381103516
2016-08-15,63.2161,33.8401,41.40359878540039,48.73790740966797,16.654264450073242,50.83405685424805,43.05514144897461,44.03701400756836,38.38798141479492,65.32372283935547,75.12843322753906
2016-08-16,62.93,33.43,41.18350982666016,48.81533432006836,16.612668991088867,50.609859466552734,42.736820220947266,43.84468460083008,37.936092376708984,64.73944854736328,74.69866180419922
2016-08-17,62.192,33.57,41.149635314941406,48.96312713623047,16.668132781982422,50.75645065307617,42.718631744384766,43.96488571166992,38.502872467041016,64.87026977539062,74.52490234375
2016-08-18,62.85,33.5,41.41205978393555,49.96956253051758,16.654264450073242,50.91167068481445,42.736820220947266,44.11715316772461,38.97774124145508,64.89640808105469,74.47917938232422
2016-08-19,62.87,33.24,41.47132110595703,49.55432891845703,16.6473331451416,50.89442443847656,42.76409149169922,44.01297378540039,38.502872467041016,64.84408569335938,74.52490234375
2016-08-22,62.675,33.4,41.41205978393555,48.9842414855957,16.6473331451416,50.8513069152832,42.76409149169922,44.07707977294922,38.602447509765625,64.97489166259766,74.45176696777344
2016-08-23,63.3399,33.38,41.76760482788086,49.3290901184082,16.668132781982422,50.89442443847656,42.91870880126953,43.98893356323242,38.43394470214844,65.03592681884766,74.82662963867188
2016-08-24,62.9788,33.29,41.28509140014648,49.132049560546875,16.66120147705078,50.73921585083008,42.6822509765625,43.916805267333984,38.41862487792969,64.01566314697266,74.47004699707031
2016-08-25,63.21,33.43,41.48824691772461,48.99831771850586,16.695873260498047,50.730587005615234,42.77320098876953,43.74850845336914,38.44159698486328,63.47499465942383,74.22312927246094
2016-08-26,62.5741,33.1,41.25123596191406,48.82939147949219,16.71666717529297,50.58399963378906,42.791385650634766,43.52411651611328,37.64503479003906,63.71919631958008,74.0128402709961
2016-08-29,63.3899,33.43,41.62369918823242,49.160194396972656,16.86227035522461,50.9461669921875,42.95509338378906,43.78056335449219,37.951412200927734,63.85868835449219,74.26885223388672
2016-08-30,63.54,33.33,41.52211380004883,48.99128341674805,17.014806747436523,50.80818557739258,42.809574127197266,43.52411651611328,37.55312728881836,63.64069747924805,73.85739135742188
2016-08-31,63.26,33.38,41.10730743408203,48.21709442138672,17.028675079345703,50.523624420166016,42.736820220947266,43.58020782470703,37.70631790161133,63.4488639831543,73.66535949707031
2016-09-01,63.5682,33.37,41.2766227722168,48.07635116577149,16.95934295654297,50.566741943359375,42.87324142456055,43.59624099731445,37.514835357666016,63.283164978027344,73.81166076660156
2016-09-02,63.98,33.59,41.69141387939453,48.618263244628906,17.035612106323242,50.81682205200195,43.064231872558594,43.932838439941406,38.0126838684082,63.35296249389648,73.95795440673828
2016-09-06,64.3975,33.87,41.598297119140625,49.35021209716797,17.00787925720215,50.67021942138672,43.28249740600586,44.02899932861328,38.42628860473633,63.57964324951172,74.0951156616211
2016-09-07,64.67,33.86,41.539039611816406,49.63173294067383,17.00094223022461,50.730587005615234,43.39165115356445,43.64433670043945,38.43394470214844,63.57964324951172,74.13169860839844
2016-09-08,64.7199,33.43,41.36126708984375,50.560760498046875,16.987077713012695,50.68747329711914,43.036956787109375,43.40390396118164,38.56414031982422,63.63199234008789,73.49160766601562
2016-09-09,63.34,32.16,40.159202575683594,49.05460739135742,16.668132781982422,49.256004333496094,41.9819450378418,42.2258415222168,37.1165657043457,62.35881423950195,71.7176284790039
2016-09-12,64.21,32.29,40.5401496887207,49.54023742675781,16.855342864990234,49.885498046875,42.6822509765625,43.01923370361328,37.775245666503906,63.283164978027344,72.72349548339844
2016-09-13,63.37,31.72,39.786739349365234,48.1255989074707,16.557201385498047,49.15252685546875,42.373023986816406,42.49031066894531,37.254417419433594,62.43728256225586,71.69023132324219
2016-09-14,63.9301,31.78,39.69361877441406,47.55552673339844,16.515602111816406,49.109413146972656,42.5731086730957,42.362091064453125,37.39994430541992,62.43728256225586,71.69937133789062
2016-09-15,64.75,32.02,39.947566986083984,48.1467170715332,16.612668991088867,49.49747467041016,43.273406982421875,42.70668029785156,37.683345794677734,63.08258819580078,72.22059631347656
2016-09-16,64.2401,31.91,39.78759002685547,47.75799560546875,16.45522117614746,49.08301544189453,43.11451721191406,42.567989349365234,38.051021575927734,63.1254997253418,72.06452941894531
2016-09-19,64.99,32.24,39.84717559814453,47.72969055175781,16.560142517089844,49.29976272583008,43.03230667114258,42.47929763793945,38.42953109741211,62.89788818359375,72.00944519042969
2016-09-20,64.204,32.18,39.728050231933594,47.38272476196289,16.56871795654297,49.343116760253906,43.00492477416992,42.592193603515625,38.36001205444336,63.09049224853515,72.06452941894531
2016-09-21,64.97,32.55,40.332176208496094,48.48021697998047,16.671632766723633,49.9847297668457,43.48894500732422,42.826026916503906,39.14018630981445,63.72076797485352,72.76212310791016
2016-09-22,66.15,33.19,40.45980453491211,48.536865234375,16.705936431884766,50.340213775634766,43.7537841796875,43.205020904541016,39.379642486572266,64.2022476196289,73.29450988769531
2016-09-23,65.87,33.32,40.25559616088867,47.89252471923828,16.62017822265625,50.045433044433594,43.37022018432617,43.01148986816406,39.34873962402344,64.00089263916016,73.1292953491211
2016-09-26,65.39,33.39,40.06840133666992,47.68011474609375,16.354320526123047,49.82865905761719,43.11451721191406,42.64863586425781,39.24833297729492,63.256805419921875,72.32154846191406
2016-09-27,65.8882,33.1,40.18752670288086,47.36149215698242,16.482961654663086,50.17547607421875,43.58939743041992,42.826026916503906,38.7385139465332,63.70325469970703,73.05587005615234
2016-09-28,66.2301,33.33,40.647010803222656,49.40775680541992,16.560142517089844,50.565650939941406,43.671592712402344,42.89859771728515,38.68444061279297,63.60695266723633,73.25780487060547
2016-09-29,65.86,32.92,40.332176208496094,49.322784423828125,16.328596115112305,50.16680145263672,43.40675354003906,42.47929763793945,38.105098724365234,62.486446380615234,72.88148498535156
2016-09-30,65.6601,32.77,40.62998580932617,49.99544906616211,16.55156707763672,50.6176643371582,43.63506317138672,42.90666580200195,37.84246444702149,63.1254997253418,73.46894073486328
2016-10-03,65.2933,32.14,40.57893371582031,49.96004486083984,16.474382400512695,50.661014556884766,43.507205963134766,42.63249588012695,37.30946731567383,63.072967529296875,73.42300415039062
2016-10-04,65.1199,31.65,40.02585983276367,49.45024490356445,16.542993545532227,50.23617935180664,43.35195541381836,42.269630432128906,36.529293060302734,62.950416564941406,73.16602325439453
2016-10-05,65.58,31.06,40.29813003540039,50.207855224609375,16.808847427368164,50.556983947753906,43.507205963134766,42.22931671142578,36.452049255371094,63.195518493652344,73.46894073486328
2016-10-06,65.73,31.12,40.62998580932617,50.285743713378906,16.834571838378906,50.556983947753906,43.607662200927734,42.309967041015625,36.4443244934082,62.95915222167969,73.52399444580078
2016-10-07,65.59,31.04,39.87268829345703,49.99544906616211,16.82599639892578,49.90668869018555,43.48894500732422,42.19707489013672,36.39797592163086,62.915401458740234,73.19355010986328
2016-10-10,65.81,31.16,40.11094665527344,50.781375885009766,16.911758422851562,49.95872116088867,43.79030990600586,42.19707489013672,36.69923400878906,63.20426940917969,73.31288146972656
2016-10-11,64.6,30.92,39.566375732421875,50.200782775878906,16.75739097595215,49.43850326538086,43.297176361083984,41.97935485839844,36.28211212158203,61.61980819702149,72.42251586914062
2016-10-12,64.056,31.36,39.48980712890625,49.98836517333984,16.740236282348633,49.53385925292969,43.37022018432617,42.21319961547851,36.63743209838867,61.33089828491211,72.76212310791016
2016-10-13,63.608,31.46,39.28559112548828,49.71222686767578,16.577293395996094,49.51654815673828,43.09625244140625,42.221248626708984,37.09318161010742,61.35717010498047,72.49595642089844
2016-10-14,63.48,31.42,39.41321563720703,49.42192459106445,16.654481887817383,49.62057876586914,43.2606315612793,42.22931671142578,36.88462829589844,60.94572448730469,72.41332244873047
2016-10-17,63.44,31.45,39.4472541809082,49.18118667602539,16.577293395996094,49.49053192138672,43.1693000793457,42.02772521972656,37.08546447753906,60.744361877441406,71.81669616699219
2016-10-18,64.225,31.61,39.804630279541016,49.37944030761719,16.71451187133789,49.59456634521485,43.40675354003906,42.156734466552734,37.40217208862305,61.47096252441406,72.29402160644531
2016-10-19,64.189,31.73,40.09392547607422,50.08041763305664,16.860301971435547,49.75063705444336,43.48894500732422,41.91483688354492,37.31719207763672,61.243370056152344,72.61524200439453
2016-10-20,63.8167,31.62,40.05989074707031,50.02375793457031,16.860301971435547,49.48184967041016,43.28802108764648,41.89064407348633,37.29402923583984,61.53225326538086,72.4775619506836
2016-10-21,63.87,31.6,40.04288482666016,49.69806289672851,16.85172462463379,49.41249084472656,43.40675354003906,42.116432189941406,37.07773971557617,61.02452850341797,73.05587005615234
2016-10-24,64.8,31.64,40.136474609375,49.54938888549805,16.903181076049805,49.50786209106445,43.82685089111328,42.39059066772461,37.21677780151367,60.91071319580078,73.57906341552734
2016-10-25,64.2,31.6,39.77059555053711,49.322784423828125,16.886030197143555,49.37778854370117,43.671592712402344,42.54380416870117,37.44850540161133,60.735626220703125,72.71622467041016
2016-10-26,64.37,31.19,39.71102142333984,49.436092376708984,16.98893928527832,49.55121994018555,43.425018310546875,42.48734664916992,37.54120635986328,60.36796188354492,72.4041519165039
2016-10-27,63.8,30.45,39.659969329833984,49.25198745727539,17.031822204589844,49.21306610107422,43.37022018432617,42.2938232421875,37.31719207763672,60.64808654785156,71.79832458496094
2016-10-28,63.4011,30.53,39.76207733154297,49.117454528808594,16.954639434814453,49.50786209106445,43.32454299926758,42.47123336791992,37.433067321777344,59.334983825683594,71.63311767578125
2016-10-31,63.53,30.95,39.779090881347656,48.58641815185547,16.92890739440918,49.603240966796875,43.30629348754883,42.57605743408203,38.182334899902344,58.96731948852539,71.68818664550781
2016-11-01,62.87,30.34,39.54936218261719,48.59349822998047,16.860301971435547,49.17838287353515,42.931861877441406,42.39059066772461,37.48713302612305,58.65217208862305,71.183349609375
2016-11-02,62.1121,29.87,39.336631774902344,48.055389404296875,16.74881935119629,48.99629592895508,42.65787124633789,42.285762786865234,37.01594161987305,58.34576416015625,70.7519302368164
2016-11-03,62.1365,29.74,39.34513473510742,48.24656295776367,16.765966415405273,48.918270111083984,42.246917724609375,41.9954719543457,37.15496826171875,57.79427337646485,70.568359375
2016-11-04,62.67,29.94,39.48128890991211,47.98457336425781,16.71451187133789,48.96162414550781,42.17386245727539,41.61648178100586,37.03911209106445,58.19695663452149,70.43069458007812
2016-11-07,63.9101,30.49,40.08541488647461,49.01832962036133,17.134733200073242,50.16680145263672,43.08711624145508,42.31802749633789,37.68796920776367,59.685150146484375,72.05535888671875
2016-11-08,64.85,30.68,40.213043212890625,49.08204650878906,17.143310546875,50.470272064208984,43.297176361083984,42.49541091918945,37.98151779174805,59.85149383544922,72.34910583496094
2016-11-09,65.624,29.99,41.06394958496094,49.88215255737305,17.87226104736328,51.73615264892578,43.24237060546875,41.91483688354492,36.58335876464844,61.96121597290039,72.49595642089844
2016-11-10,65.1,29.54,41.540435791015625,50.09455871582031,18.532609939575195,52.83728790283203,42.54829025268555,40.79397964477539,35.7027587890625,62.644012451171875,72.76212310791016
2016-11-11,66.18,29.57,40.970340728759766,49.18118667602539,18.584070205688477,52.932655334472656,42.6761589050293,40.7536735534668,35.555999755859375,61.70732498168945,73.1751937866211
2016-11-14,66.63,30.15,41.06394958496094,49.457332611083984,19.038589477539062,53.15808868408203,42.02773666381836,40.68109893798828,35.53282165527344,61.51475143432617,73.18437194824219
2016-11-15,67.2597,29.95,41.23412322998047,50.85218048095703,19.02144241333008,53.35750961303711,42.6213493347168,40.93107604980469,36.10444641113281,61.6898307800293,73.46894073486328
2016-11-16,67.52,29.93,41.15753173828125,50.49816131591797,18.747011184692383,53.05403900146485,43.01405715942383,40.93913650512695,35.85725021362305,61.42720031738281,73.87279510498047
2016-11-17,67.39,29.65,41.17455291748047,50.15830612182617,19.00428771972656,53.16676712036133,43.28802108764648,40.8665657043457,35.864986419677734,61.67232131958008,74.76314544677734
2016-11-18,67.79,29.71,41.11499786376953,50.3636360168457,19.00428771972656,53.149410247802734,43.251502990722656,40.72142791748047,35.756839752197266,61.015750885009766,74.53370666503906
2016-11-21,68.14,29.63,41.600006103515625,51.56022644042969,19.072895050048828,53.435546875,43.68986129760742,40.99557876586914,36.13534164428711,61.23461151123047,75.02017974853516
2016-11-22,68.21,30.14,41.85527038574219,51.53190612792969,19.081470489501953,53.67830276489258,43.82685089111328,41.20524597167969,36.27437973022461,60.35044479370117,75.91053771972656
2016-11-23,68.79,29.93,42.042457580566406,51.74433517456055,19.192956924438477,54.077144622802734,43.65332794189453,40.979454040527344,35.911338806152344,60.58679962158203,75.98397827148438
2016-11-25,68.91,30.06,42.170108795166016,51.48942947387695,19.21868896484375,54.3719482421875,43.83597946166992,41.302005767822266,36.42887496948242,60.82317733764648,76.16755676269531
2016-11-28,68.53,30.17,41.99991989135742,50.7742919921875,18.995716094970703,53.99911880493164,43.87251663208008,41.39070129394531,37.13180923461914,60.36796188354492,75.5617446899414
2016-11-29,68.51,30.38,42.042457580566406,50.15121078491211,19.04717063903809,54.042476654052734,43.899898529052734,41.447147369384766,37.28629684448242,60.76189804077149,75.763671875
2016-11-30,67.64,30.01,42.493431091308594,52.700199127197266,19.304447174072266,54.111820220947266,43.37936019897461,40.78593444824219,36.11216735839844,60.18413162231445,75.13030242919922
2016-12-01,66.68,29.55,42.510459899902344,52.82763671875,19.63890838623047,54.46731948852539,42.48436737060547,40.51982498168945,35.82636642456055,59.746437072753906,75.16703033447266
2016-12-02,66.68,29.83,42.52747344970703,52.98341751098633,19.42450523376465,54.45863723754883,42.639610290527344,40.77785873413086,36.150787353515625,59.88649368286133,74.75398254394531
2016-12-05,67.74,30.07,42.85931396484375,53.45072937011719,19.65605735778809,54.41529846191406,43.05057907104492,40.82624435424805,36.19712829589844,59.78142547607422,75.5709228515625
2016-12-06,68.2,30.2,42.91036605834961,53.35160827636719,19.82758140563965,54.51934051513672,43.178428649902344,40.94719696044922,36.12761688232422,59.94777297973633,75.74532318115234
2016-12-07,69.51,30.83,43.52302551269531,53.77642822265625,20.13631820678711,55.53377151489258,44.000362396240234,41.53583908081055,36.59881591796875,59.43128967285156,77.21398162841797
2016-12-08,70.78,30.99,43.812313079833984,54.06671905517578,20.324989318847656,55.22163772583008,44.10995101928711,41.366512298583984,36.66059875488281,59.54507827758789,77.21398162841797
2016-12-09,70.26,30.97,43.820823669433594,54.23666763305664,20.36786460876465,55.47307586669922,44.429595947265625,41.96321487426758,37.04684066772461,60.27164459228515,77.38835906982422
2016-12-12,69.54,31.29,43.625118255615234,54.4915657043457,20.17061424255371,55.27366256713867,44.2926025390625,42.13256072998047,37.433067321777344,60.5605583190918,76.74584197998047
2016-12-13,70.0367,31.37,43.55704498291016,55.107566833496094,20.22207260131836,55.19563293457031,44.84968185424805,42.32608795166016,37.81928253173828,61.05078125,77.43426513671875
2016-12-14,69.53,30.82,43.03800582885742,54.00299453735352,20.12773323059082,54.64072799682617,44.69443130493164,41.866455078125,37.03911209106445,60.735626220703125,76.91105651855469
2016-12-15,70.4175,30.57,43.318809509277344,54.12337112426758,20.299257278442383,54.701419830322266,44.89534759521485,42.043846130371094,37.301734924316406,61.12956237792969,76.72749328613281
2016-12-16,69.79,30.44,43.1851806640625,54.459327697753906,20.12437629699707,54.59150695800781,44.57062911987305,42.28431701660156,37.75644302368164,61.17793655395508,76.35075378417969
2016-12-19,70.54,30.71,43.09953308105469,54.210227966308594,20.132993698120117,54.89682388305664,44.89168548583984,42.36555480957031,37.89683532714844,60.92293930053711,76.55390930175781
2016-12-20,70.49,30.73,43.1337890625,54.089210510253906,20.3828182220459,55.21087265014648,45.05678939819336,42.28431701660156,37.94362258911133,60.87898635864258,77.16329956054688
2016-12-21,70.36,30.34,43.15092468261719,54.17462158203125,20.331130981445312,55.00151062011719,44.965049743652344,42.27619934082031,37.78764343261719,60.53604507446289,77.12635803222656
2016-12-22,70.0017,30.3,42.97105026245117,54.3952751159668,20.27943992614746,54.89682388305664,44.87332534790039,42.211204528808594,37.92023086547851,60.6152229309082,76.29536437988281
2016-12-23,70.38,30.33,43.05670928955078,54.345458984375,20.313899993896484,54.94916915893555,44.91919708251953,42.29244613647461,37.91243743896485,61.07240295410156,76.1291732788086
2016-12-27,70.73,30.41,43.287967681884766,54.466453552246094,20.33974838256836,55.06256484985352,45.10264205932617,42.28431701660156,37.94362258911133,61.19549560546875,76.42460632324219
2016-12-28,69.818,30.18,42.85113906860352,53.87567901611328,20.132993698120117,54.486820220947266,44.69905090332031,42.02436065673828,37.584861755371094,60.72950744628906,75.8983154296875
2016-12-29,69.8947,30.46,42.85113906860352,53.76891326904297,19.986543655395508,54.469364166259766,44.70821762084961,42.21932601928711,38.09181213378906,60.83502578735352,75.7967529296875
2016-12-30,69.3361,30.75,42.56850051879883,53.61229705810547,20.029605865478516,54.2774543762207,44.35966873168945,42.008113861083984,37.88124084472656,60.6152229309082,75.15965270996094
2017-01-03,70.31,30.85,42.816890716552734,54.21733474731445,20.253599166870117,54.6002311706543,44.75408554077149,42.16245651245117,37.78764343261719,61.40653991699219,75.60286712646484
2017-01-04,71.3,31.24,43.442134857177734,54.10346603393555,20.417285919189453,54.92299270629883,44.91001892089844,42.16245651245117,37.92803955078125,61.89012908935547,76.60929107666016
2017-01-05,70.94,31.4,43.313663482666016,53.96820831298828,20.210514068603516,54.76597595214844,44.98340606689453,42.300575256347656,37.96703338623047,62.2066535949707,76.55390930175781
2017-01-06,70.46,31.4,43.35648727416992,54.01802062988281,20.27943992614746,55.080020904541016,45.313629150390625,42.3411865234375,38.08401870727539,62.38248825073242,76.93244171142578
2017-01-09,70.0,31.2,43.34791564941406,53.23505783081055,20.1416015625,54.65256881713867,45.304447174072266,41.99999237060547,37.584861755371094,62.64626693725586,76.86782836914062
2017-01-10,70.3949,30.81,43.37361907958984,52.751033782958984,20.184680938720703,54.879390716552734,45.313629150390625,41.78876876831055,37.46786880493164,62.86607360839844,77.14485168457031
2017-01-11,70.32,30.64,43.72479248046875,53.32048034667969,20.313899993896484,55.16725158691406,45.52460861206055,41.869998931884766,37.85783767700195,62.2330322265625,77.31102752685547
2017-01-12,69.9344,30.76,43.63912582397461,53.099815368652344,20.1416015625,54.94044876098633,45.41453552246094,41.82939147949219,37.889034271240234,62.29457092285156,77.2371597290039
2017-01-13,70.5244,30.69,43.57061004638672,52.9432258605957,20.253599166870117,55.14980697631836,45.55211639404297,41.853755950927734,37.834434509277344,62.35611343383789,77.52339172363281
2017-01-17,69.54,30.94,43.37361907958984,53.2706298828125,19.771163940429688,54.72234725952149,45.377830505371094,42.44679641723633,38.24779510498047,62.03958511352539,77.65266418457031
2017-01-18,69.47,31.01,43.647701263427734,53.14963912963867,19.934844970703125,54.93171310424805,45.49707794189453,42.59302520751953,38.20100784301758,61.9604606628418,77.51415252685547
2017-01-19,69.91,30.71,43.37361907958984,52.85781478881836,19.848695755004883,55.33300018310547,45.4328727722168,42.43867874145508,37.86563491821289,61.56476593017578,77.27410125732422
2017-01-20,69.8432,30.9,43.7590446472168,53.0571174621582,19.943456649780273,55.34172439575195,45.68053436279297,42.71488571166992,37.93582534790039,61.40653991699219,77.49569702148438
2017-01-23,70.01,31.09,43.84469223022461,52.49479293823242,19.814237594604492,55.036399841308594,45.763092041015625,42.69862747192383,37.740848541259766,61.15153503417969,77.55110168457031
2017-01-24,70.95,31.1,44.97528839111328,53.07134246826172,20.064067840576172,55.58597946166992,46.04744720458984,42.98296356201172,37.73304748535156,60.72950744628906,78.1882095336914
2017-01-25,71.24,30.91,45.275054931640625,53.34894180297851,20.400054931640625,56.17045974731445,46.48774719238281,42.974849700927734,37.73304748535156,61.301025390625,78.66831970214844
2017-01-26,71.18,30.89,45.39497756958008,53.39164733886719,20.451745986938477,56.30129623413086,46.35932540893555,42.787994384765625,37.7486572265625,60.82624053955078,78.78836822509766
2017-01-27,71.11,30.63,45.23223876953125,52.836448669433594,20.37419891357422,56.25768280029297,46.54277801513672,42.55240631103515,37.740848541259766,61.327396392822266,78.53905487060547
2017-01-30,70.56,30.46,44.76972961425781,51.86841583251953,20.210514068603516,55.77789688110352,46.16669845581055,42.519920349121094,37.77204513549805,61.0284423828125,78.44673156738281
2017-01-31,70.9036,30.71,44.504207611083984,51.889766693115234,20.081296920776367,55.28938293457031,45.937374114990234,42.72300338745117,38.356990814208984,62.00440979003906,78.32670593261719
2017-02-01,70.41,30.37,44.726905822753906,51.505401611328125,20.10714340209961,55.19342803955078,46.285945892333984,42.38991928100586,37.69404220581055,62.54075241088867,78.17896270751953
2017-02-02,70.36,30.73,44.5299072265625,51.797245025634766,20.029605865478516,55.08873748779297,46.1942138671875,42.77986907958984,38.09181213378906,62.523162841796875,78.11431884765625
2017-02-03,71.02,30.93,44.606990814208984,52.24565887451172,20.434505462646484,55.498741149902344,46.49691009521485,43.05608367919922,38.13860702514648,62.79573440551758,78.01274108886719
2017-02-06,70.46,30.74,44.48707580566406,51.80435943603515,20.33974838256836,55.5772590637207,46.524444580078125,42.82049179077149,38.06061935424805,62.86607360839844,77.78193664550781
2017-02-07,70.36,30.68,44.13590240478515,51.07120895385742,20.28805160522461,55.673213958740234,46.707889556884766,43.16981506347656,38.15420913696289,62.9276237487793,77.70805358886719
2017-02-08,70.7566,30.94,44.23868560791016,51.19221115112305,20.15021514892578,55.594696044921875,46.79045104980469,43.34854507446289,38.52858352661133,62.830902099609375,78.1882095336914
2017-02-09,71.48,31.07,44.221561431884766,51.76876449584961,20.425891876220703,56.02215576171875,46.937217712402344,43.52725601196289,38.20100784301758,63.059513092041016,78.67755126953125
2017-02-10,72.2,31.28,44.624122619628906,52.16025161743164,20.486194610595703,56.467044830322266,47.07480239868164,43.55975341796875,38.44278335571289,63.182594299316406,79.15768432617188
2017-02-13,72.5612,31.43,44.99241256713867,52.259918212890625,20.71880149841309,57.03406524658203,47.28577423095703,43.55975341796875,38.62997055053711,63.569480895996094,79.25003051757812
2017-02-14,73.07,31.27,44.98385238647461,52.43072891235352,20.96001434326172,57.06024169921875,47.44172286987305,43.56787872314453,38.34920501708984,64.07063293457031,79.70246124267578
2017-02-15,72.8117,31.18,44.92390441894531,52.224327087402344,21.123703002929688,57.36557388305664,47.597652435302734,43.965946197509766,38.255592346191406,64.76522827148438,80.11798095703125
2017-02-16,72.8,31.31,44.92390441894531,51.51252746582031,21.07200813293457,57.38300704956055,47.707725524902344,44.02280807495117,38.63776016235352,64.67730712890625,79.71171569824219
2017-02-17,73.52,31.4,44.795413970947266,51.22780227661133,21.080629348754883,57.478973388671875,47.87283706665039,44.242149353027344,38.66115951538086,64.76522827148438,79.9702377319336
2017-02-21,74.21,31.83,44.9410285949707,51.57658386230469,21.184005737304688,57.766841888427734,48.12050247192383,44.64022064208984,39.06673431396485,65.055419921875,80.4319076538086
2017-02-22,73.7,31.71,45.06093978881836,50.79359817504883,21.20123291015625,57.609832763671875,48.175537109375,44.6483268737793,39.23051452636719,64.95867156982422,80.4319076538086
2017-02-23,72.48,31.92,44.81254577636719,51.007137298583984,21.20123291015625,57.23470687866211,48.16636276245117,44.75395202636719,39.63607406616211,65.4334716796875,79.88713836669922
2017-02-24,72.25,32.08,44.906768798828125,50.530242919921875,21.03754997253418,57.478973388671875,48.27644348144531,44.908302307128906,40.23662185668945,65.75001525878906,80.2564697265625
2017-02-27,72.2282,32.24,44.795413970947266,50.96442794799805,21.149545669555664,57.6883430480957,48.24891662597656,44.7052116394043,40.01044464111328,66.06652069091797,80.34880828857422
2017-02-28,70.9964,32.14,44.75259780883789,50.80782699584961,21.14093017578125,57.45280456542969,48.01959609985352,44.76207733154297,40.377010345458984,65.93463897705078,79.7486572265625
2017-03-01,71.39,32.06,45.626243591308594,51.8256950378418,21.743968963623047,58.421119689941406,48.69839096069336,44.97329330444336,40.01824569702149,66.5940933227539,80.64427947998047
2017-03-02,70.51,31.96,45.13802719116211,51.33458709716797,21.40799331665039,57.79302215576172,48.377349853515625,44.96516418457031,40.30681991577149,66.38307189941406,80.45036315917969
2017-03-03,70.71,31.86,45.103759765625,51.24203109741211,21.511369705200195,57.85408782958984,48.48741912841797,44.79457092285156,40.182037353515625,66.6468276977539,80.33033752441406
2017-03-06,70.32,31.73,44.81254577636719,51.35593032836914,21.34769630432129,57.71450424194336,48.41403579711914,44.599605560302734,40.10404586791992,66.39185333251953,80.0718002319336
2017-03-07,69.605,31.62,44.56416320800781,50.90037155151367,21.287382125854492,57.54874801635742,48.41403579711914,44.542720794677734,40.08064651489258,65.92584228515625,79.8132553100586
2017-03-08,69.22,31.15,44.56416320800781,49.576438903808594,21.295997619628903,57.348114013671875,48.46907043457031,44.445255279541016,39.50348663330078,66.18960571289062,80.14567565917969
2017-03-09,69.68,30.75,44.427120208740234,49.90385055541992,21.373531341552734,57.08641815185547,48.45989608764648,44.51835250854492,39.41769790649414,66.55011749267578,80.0718002319336
2017-03-10,69.5,30.72,44.632686614990234,49.83269119262695,21.356304168701172,57.43535232543945,48.71673202514648,44.721458435058594,39.74526596069336,66.80509948730469,80.19184875488281
2017-03-13,69.55,30.76,44.76115798950195,49.83979034423828,21.40799331665039,57.400447845458984,48.76259994506836,44.75395202636719,39.862266540527344,66.7523422241211,80.4041976928711
2017-03-14,69.11,30.72,44.37574005126953,49.27747344970703,21.34769630432129,56.85959243774414,48.652530670166016,44.62397384643555,39.823265075683594,66.50615692138672,80.3857421875
2017-03-15,70.32,31.31,45.086639404296875,50.37364196777344,21.313222885131836,57.5051383972168,48.98275375366211,44.95703887939453,40.46281433105469,67.34144592285156,80.81048583984375
2017-03-16,71.04,31.24,44.778282165527344,50.01774597167969,21.34769630432129,57.243438720703125,49.01026153564453,45.022029876708984,40.01824569702149,66.69080352783203,80.80123138427734
2017-03-17,71.02,31.1,44.970760345458984,49.98123550415039,21.13846969604492,57.5562858581543,49.11616134643555,44.899539947509766,40.25950241088867,66.32372283935547,80.90401458740234
2017-03-20,71.315,31.1311,45.21992874145508,49.90961456298828,20.96555519104004,57.45112609863281,49.16219711303711,44.989376068115234,39.992305755615234,66.22665405273438,80.70954895019531
2017-03-21,70.5,31.08,44.463829040527344,49.55875015258789,20.377655029296875,56.57480239868164,48.443965911865234,44.948543548583984,40.55813217163086,65.70600128173828,79.69084167480469
2017-03-22,70.2,31.15,44.59270858764648,49.487152099609375,20.33442497253418,56.7763671875,48.747825622558594,44.85870361328125,40.75458526611328,65.7236557006836,79.783447265625
2017-03-23,70.14,31.38,44.78172302246094,49.28664779663086,20.377655029296875,56.69750213623047,48.61892318725586,44.76070785522461,40.62885665893555,65.52066802978516,79.96867370605469
2017-03-24,70.5355,31.35,44.3864860534668,49.09331512451172,20.351716995239254,56.54851531982422,48.65574264526367,44.670867919921875,40.77817153930664,65.55599975585938,80.16314697265625
2017-03-27,70.62,31.1,44.48100280761719,48.86417388916016,20.27390480041504,56.34696960449219,48.65574264526367,44.630035400390625,40.620994567871094,65.73246002197266,80.13536834716797
2017-03-28,70.46,31.28,44.996524810791016,49.55875015258789,20.55056381225586,56.94285583496094,49.005672454833984,44.711708068847656,40.58955764770508,65.77660369873047,80.7466049194336
2017-03-29,70.6666,31.39,45.030914306640625,50.2390022277832,20.42087745666504,56.93409729003906,49.08854675292969,44.79337692260742,40.479530334472656,65.79425048828125,81.22817993164062
2017-03-30,71.169,31.46,45.039493560791016,50.22468948364258,20.688894271850582,57.24957656860352,49.18062210083008,44.70354461669922,40.16521072387695,65.80309295654297,81.441162109375
2017-03-31,70.96,31.6,45.030914306640625,50.0528450012207,20.515981674194336,57.012962341308594,49.08854675292969,44.57288360595703,40.32237243652344,65.61773681640625,81.45045471191406
2017-04-03,70.22,31.64,44.85905075073242,49.96691131591797,20.47275733947754,56.89028549194336,49.04249954223633,44.4993782043457,40.314510345458984,65.67069244384766,81.12631225585938
2017-04-04,70.4047,31.55,45.022308349609375,50.33210754394531,20.446815490722656,57.039268493652344,49.07933044433594,44.630035400390625,40.44025421142578,65.63540649414062,80.99668884277344
2017-04-05,69.31,31.6,44.98793029785156,50.174564361572266,20.291194915771484,56.855224609375,48.87675094604492,44.54837417602539,40.66815185546875,65.43245697021484,80.80218505859375
2017-04-06,69.86,31.78,45.228519439697266,50.575565338134766,20.42087745666504,57.012962341308594,48.885963439941406,44.54837417602539,40.56598281860352,65.54715728759766,81.0522232055664
2017-04-07,69.89,31.82,45.18555450439453,50.382225036621094,20.33442497253418,57.07430267333984,48.85832977294922,44.670867919921875,40.393104553222656,65.6618881225586,80.8114242553711
2017-04-10,70.0,32.04,45.19415283203125,50.7617301940918,20.282546997070312,57.21452713012695,48.766258239746094,44.80154800415039,40.46383285522461,65.53832244873047,81.1077880859375
2017-04-11,69.74,32.19,45.0738525390625,50.7689094543457,20.222028732299805,57.29337310791016,48.582088470458984,44.817874908447266,40.44811248779297,65.4500961303711,81.04293060302734
2017-04-12,69.34,32.14,44.515380859375,50.554080963134766,20.05776596069336,56.50471115112305,48.41634368896485,44.989376068115234,40.746726989746094,65.4500961303711,80.71881103515625
2017-04-13,69.04,32.07,44.08577346801758,49.63035583496094,19.79839515686035,56.101600646972656,48.22296905517578,44.78520584106445,40.61314010620117,65.28243255615234,80.15390014648438
2017-04-17,69.8,32.44,44.40366744995117,49.737762451171875,20.14421844482422,56.71502304077149,48.66495895385742,45.10370635986328,40.79387664794922,65.52066802978516,80.9781265258789
2017-04-18,69.71,32.52,44.35212707519531,49.27231979370117,19.95401954650879,56.53101348876953,48.65574264526367,45.307865142822266,40.8881950378418,64.80591583251953,80.98736572265625
2017-04-19,69.77,32.45,44.41227340698242,48.549110412597656,19.893497467041016,56.58356857299805,48.61892318725586,45.13636779785156,40.605281829833984,65.00006103515625,81.06145477294922
2017-04-20,70.3084,32.44,44.90201187133789,48.7854118347168,20.230676651000977,57.267086029052734,49.060909271240234,45.046539306640625,40.44811248779297,65.40599822998047,81.91349792480469
2017-04-21,69.7701,32.33,44.850460052490234,48.54195022583008,20.023183822631836,57.31968307495117,48.95963668823242,44.915870666503906,40.65242004394531,65.01770782470703,81.72826385498047
2017-04-24,70.9548,32.01,45.36598587036133,48.828372955322266,20.47275733947754,58.1346549987793,49.53973388671875,45.324188232421875,40.86460876464844,65.6618881225586,82.25615692138672
2017-04-25,71.8401,32.08,46.09632110595703,49.24368667602539,20.654308319091797,58.415061950683594,49.79756164550781,45.50385665893555,40.80958938598633,65.94425964355469,82.90441131591797
2017-04-26,71.2697,31.81,46.08771514892578,49.07899856567383,20.63702392578125,58.42382049560547,49.7423210144043,45.13636779785156,40.68386459350586,66.3060531616211,83.29338073730469
2017-04-27,71.2217,31.83,45.98461151123047,48.54195022583008,20.541913986206055,58.406307220458984,49.94488906860352,45.07919692993164,40.82532501220703,66.44725036621094,83.73789978027344
2017-04-28,70.7,31.65,45.59796905517578,48.57775115966797,20.34307098388672,58.1346549987793,50.07380676269531,45.06287384033203,40.62885665893555,66.62373352050781,83.40451049804688
2017-05-01,71.02,31.85,45.62374496459961,48.44171142578125,20.47275733947754,57.95939254760742,50.45133209228515,44.89137268066406,40.3852424621582,66.77374267578125,83.51563262939453
2017-05-02,70.98,31.86,45.701072692871094,48.1982421875,20.446815490722656,58.239803314208984,50.56184005737305,44.58920669555664,40.432395935058594,66.95906829833984,83.6082534790039
2017-05-03,69.5,31.47,45.25428009033203,48.33429336547851,20.611080169677734,58.28362274169922,50.469757080078125,44.630035400390625,40.29093551635742,66.63255310058594,83.11741638183594
2017-05-04,68.84,31.5,45.30584335327149,47.44636917114258,20.645666122436523,58.344974517822266,50.43291473388672,44.9730339050293,40.432395935058594,67.07377624511719,82.9877700805664
2017-05-05,69.84,31.75,45.95023727416992,48.1982421875,20.611080169677734,58.64291763305664,50.617095947265625,45.09553909301758,40.65242004394531,67.03846740722656,83.5063705444336
2017-05-08,70.1864,31.58,45.580787658691406,48.54195022583008,20.59379005432129,58.48517608642578,50.83808135986328,45.07919692993164,40.63673400878906,66.62373352050781,83.66381072998047
2017-05-09,71.05,31.46,45.23711395263672,48.14094543457031,20.515981674194336,58.56404113769531,50.90252685546875,44.915870666503906,40.33810043334961,66.70314025878906,84.14539337158203
2017-05-10,70.8401,31.63,45.38317108154297,48.77824401855469,20.585145950317383,58.44136047363281,51.095916748046875,44.948543548583984,40.40095520019531,66.5090103149414,83.85829162597656
2017-05-11,69.9,31.48,45.314430236816406,48.67799377441406,20.455467224121097,58.42382049560547,51.031455993652344,45.01386642456055,40.45597076416016,66.54431915283203,83.35820007324219
2017-05-12,70.6,31.36,45.20273208618164,48.513301849365234,20.36900520324707,58.09960174560547,51.16035461425781,44.88319396972656,40.65242004394531,66.42960357666016,83.23780822753906
2017-05-15,70.928,31.5,45.59796905517578,48.8928108215332,20.52462387084961,58.37125015258789,51.44581985473633,45.03019714355469,40.82532501220703,66.86198425292969,83.25631713867188
2017-05-16,71.5276,31.34,45.60655975341797,48.649356842041016,20.585145950317383,58.30992889404297,51.68522644042969,44.989376068115234,40.52669525146485,66.60609436035156,82.96924591064453
2017-05-17,69.07,31.54,44.644248962402344,48.16958236694336,19.93672752380371,57.1444206237793,50.2763786315918,44.924034118652344,40.62885665893555,65.73246002197266,81.62639617919922
2017-05-18,69.0514,31.6,44.67002487182617,48.15526580810547,20.01453399658203,57.223289489746094,50.571044921875,44.95670318603515,40.77031326293945,66.0236587524414,82.09872436523438
2017-05-19,69.8705,31.78,45.05667495727539,48.749603271484375,20.18744850158691,57.97691345214844,50.8657112121582,45.20170593261719,40.92747116088867,66.208984375,82.65435791015625
2017-05-22,70.7201,31.86,45.10821914672851,48.64219284057617,20.23931884765625,58.42382049560547,51.27085876464844,45.45486068725586,41.28112030029297,66.385498046875,83.07111358642578
2017-05-23,70.946,31.9,45.14258575439453,48.75677108764648,20.39494514465332,58.54652404785156,51.362937927246094,45.50385665893555,41.391136169433594,66.60609436035156,82.7562484741211
2017-05-24,70.58,32.08,45.44331741333008,48.49898147583008,20.386293411254883,58.61663055419922,51.5747184753418,45.68351745605469,41.62689971923828,66.77374267578125,83.05260467529297
2017-05-25,70.78,32.2,45.39176177978515,47.61822891235352,20.42087745666504,59.002197265625,51.943058013916016,45.9693603515625,41.96481704711914,67.09142303466797,83.78418731689453
2017-05-26,71.02,32.0,45.477684020996094,47.69699478149414,20.412233352661133,59.07231140136719,51.915435791015625,46.140846252441406,41.96481704711914,66.9678726196289,84.03424835205078
2017-05-30,70.81,31.91,45.469085693359375,47.059696197509766,20.27390480041504,59.054786682128906,52.136417388916016,46.124515533447266,42.09840393066406,66.87081146240234,84.09907531738281
2017-05-31,70.8099,31.86,45.60655975341797,46.85919189453125,20.10098648071289,59.16869354248047,52.05354309082031,46.25517654418945,42.310585021972656,67.13552856445312,84.32135009765625
2017-06-01,72.5222,31.96,46.15645217895508,47.15278625488281,20.351716995239254,59.5367431640625,52.182464599609375,46.63083267211914,42.609222412109375,67.87677001953125,85.1177978515625
2017-06-02,73.51,32.24,46.26815414428711,46.60858154296875,20.27390480041504,59.773345947265625,52.66128921508789,46.76967239379883,42.65636444091797,68.31800079345703,85.42339324951172
2017-06-05,73.3,32.16,46.12207794189453,46.69451141357422,20.30848503112793,59.56304931640625,52.70732498168945,46.81866836547851,42.52277374267578,68.12385559082031,85.19187927246094
2017-06-06,74.0737,32.01,46.14786148071289,47.24586868286133,20.222028732299805,59.159934997558594,52.60603332519531,46.7043342590332,42.428466796875,67.95620727539062,84.46025848388672
2017-06-07,73.4013,32.18,46.2080078125,46.57992172241211,20.377655029296875,59.089813232421875,52.77178192138672,46.6879997253418,42.56991958618164,68.14151763916016,84.60842895507812
2017-06-08,74.03,32.03,46.34547424316406,46.443885803222656,20.611080169677734,59.28263092041016,52.89148712158203,46.33683776855469,42.216285705566406,67.94738006591797,84.06202697753906
2017-06-09,72.4897,32.18,46.938323974609375,47.56093215942383,21.00013732910156,59.510467529296875,51.58393478393555,46.27968215942383,42.17699432373047,68.40625,83.69157409667969
2017-06-12,72.66,32.39,46.75789260864258,47.89748001098633,21.043363571166992,59.729530334472656,51.28006362915039,46.271522521972656,42.09840393066406,68.31800079345703,83.64529418945312
2017-06-13,73.1904,32.47,47.34215545654297,48.25551223754883,21.155757904052734,59.97491836547851,51.64840316772461,46.345008850097656,42.2005729675293,68.45919036865234,84.1639175415039
2017-06-14,73.33,32.57,46.84381484985352,47.38191986083984,21.190336227416992,59.91358184814453,51.399784088134766,46.63899230957031,42.428466796875,68.78568267822266,84.11759185791016
2017-06-15,72.5624,32.73,46.431396484375,47.023887634277344,21.10387802124023,60.272857666015625,51.1695671081543,46.532840728759766,42.67207717895508,68.71510314941406,83.76569366455078
2017-06-16,72.62,32.44,46.63166809082031,47.801849365234375,21.0804443359375,60.470062255859375,51.079891204833984,46.04401779174805,42.867767333984375,68.82848358154297,83.74246215820312
2017-06-19,72.465,32.46,47.00286483764648,47.499027252197266,21.29741668701172,60.83987045288086,51.8380012512207,46.266204833984375,42.72516632080078,69.5461196899414,84.38341522216797
2017-06-20,71.6082,32.4,46.743892669677734,46.89338302612305,21.11516761779785,60.18833541870117,51.421966552734375,46.08515548706055,42.74893569946289,69.77645874023438,83.324462890625
2017-06-21,71.1157,32.33,46.25184631347656,46.1363525390625,20.941585540771484,59.783329010009766,51.70856857299805,45.95348358154297,42.49542617797851,70.66239929199219,83.45448303222656
2017-06-22,71.6008,32.35,46.30363845825195,46.107513427734375,20.8114070892334,59.660057067871094,51.7270622253418,45.64899444580078,42.29734802246094,71.39768981933594,83.25941467285156
2017-06-23,72.32,32.49,46.48492813110352,46.417537689208984,20.733301162719727,59.88016891479492,52.05064392089844,45.66545867919922,42.15475845336914,71.29141235351562,83.1572494506836
2017-06-26,72.09,32.64,46.6230354309082,46.31658554077149,20.846126556396484,59.89778518676758,51.77328109741211,45.84650039672851,42.43996047973633,71.22054290771484,83.45448303222656
2017-06-27,71.16,32.51,46.33816909790039,46.24448776245117,20.950265884399418,59.44873809814453,50.92272186279297,45.45149612426758,41.9646110534668,70.57379913330078,82.79496002197266
2017-06-28,72.0771,32.55,46.76115036010742,46.49684524536133,21.28006362915039,59.98583221435547,51.560646057128906,45.61606979370117,41.56058120727539,70.94588470458984,83.63098907470703
2017-06-29,70.7594,32.22,46.200042724609375,46.597782135009766,21.42759704589844,59.47515869140625,50.636112213134766,45.13053894042969,41.22784805297851,70.29913330078125,82.82282257080078
2017-06-30,70.7,32.2,46.45039367675781,46.8068733215332,21.41023826599121,59.96821975708008,50.58989715576172,45.21282958984375,41.16446685791016,70.20169067382812,83.25941467285156
2017-07-03,70.7,32.5,46.856109619140625,47.70811080932617,21.72266960144043,60.33802032470703,50.23857498168945,45.17167282104492,40.97432327270508,70.32573699951172,83.17579650878906
2017-07-05,70.3864,32.11,46.70072937011719,46.74198532104492,21.757383346557617,60.51411056518555,50.73782730102539,45.13876724243164,40.77627182006836,70.74214172363281,82.9714584350586
2017-07-06,69.5728,31.53,46.49354934692383,46.222862243652344,21.592485427856445,59.98583221435547,50.27555465698242,44.883644104003906,40.76041793823242,69.82960510253906,82.12613677978516
2017-07-07,70.5033,31.71,46.735252380371094,46.15077590942383,21.740026473999023,60.45246124267578,50.858001708984375,44.85895919799805,40.792118072509766,70.18399810791016,82.85997009277344
2017-07-10,70.96,31.46,47.028751373291016,46.30217361450195,21.71399307250977,60.628570556640625,51.227813720703125,44.54624938964844,40.76041793823242,70.05110168457031,83.0364761352539
2017-07-11,70.422,31.41,46.95969772338867,46.55452728271485,21.523059844970703,60.575740814208984,51.33876419067383,44.42280578613281,40.73664855957031,69.97134399414062,82.86927032470703
2017-07-12,70.75,31.82,47.5035400390625,46.684295654296875,21.592485427856445,60.91031646728515,52.00442123413086,44.669681549072266,41.085243225097656,70.44976043701172,83.50096130371094
2017-07-13,70.7339,31.88,47.45173645019531,46.87176513671875,21.72266960144043,60.86629104614258,52.10612106323242,44.677921295166016,40.94264221191406,70.51176452636719,83.51021575927734
2017-07-14,70.97,32.2,47.69344329833984,47.15293502807617,21.62720489501953,61.13043212890625,52.568382263183594,45.03178024291992,41.132774353027344,70.99020385742188,83.77962493896484
2017-07-17,70.9988,32.27,47.788387298583984,47.09526443481445,21.55777359008789,61.095211029052734,52.577606201171875,45.081153869628906,41.32291412353515,70.7332534790039,83.98399353027344
2017-07-18,70.7928,32.23,47.58986282348633,46.87176513671875,21.523059844970703,60.95433807373047,52.8179931640625,45.081153869628906,41.44174575805664,70.78643035888672,84.36483001708984
2017-07-19,71.94,32.47,48.047367095947266,47.55670928955078,21.531736373901367,61.015987396240234,53.08610153198242,45.245750427246094,41.61603546142578,71.36229705810547,84.77356719970703
2017-07-20,72.17,32.38,47.69344329833984,47.412506103515625,21.523059844970703,60.67259216308594,53.197052001953125,45.25398254394531,41.91707992553711,71.83182525634766,84.5970687866211
2017-07-21,72.3,32.44,47.70206832885742,46.94386291503906,21.523059844970703,60.55813217163086,53.13233947753906,45.32804489135742,42.2181396484375,71.75210571289062,84.65280151367188
2017-07-24,72.5415,32.42,47.65890884399414,46.857330322265625,21.61852645874023,60.42605209350586,53.26176071166992,45.1799201965332,41.822017669677734,71.72550964355469,84.36483001708984
2017-07-25,73.2047,32.42,48.1682243347168,47.448543548583984,21.88755989074707,60.34682083129883,53.16006088256836,45.49263381958008,41.584354400634766,71.2116928100586,84.95934295654297
2017-07-26,72.97,32.69,47.87471389770508,47.499027252197266,21.740026473999023,60.42605209350586,53.36347198486328,45.48440170288086,41.98046112060547,70.97247314453125,84.92218017578125
2017-07-27,72.95,32.66,47.70206832885742,47.98209762573242,21.61852645874023,60.08267593383789,53.16006088256836,45.92879867553711,42.08345413208008,70.48518371582031,85.54457092285156
2017-07-28,72.2346,32.64,47.52942657470703,47.92440414428711,21.61852645874023,60.22356033325195,53.104591369628906,45.54200744628906,42.02008056640625,70.8395767211914,84.89431762695312
2017-07-31,71.86,32.59,47.166866302490234,48.03256607055664,21.774744033813477,60.1442985534668,52.84573745727539,45.52555847167969,42.16267013549805,70.77757263183594,84.86646270751953
2017-08-01,72.81,32.73,47.2014045715332,48.02535629272461,21.930953979492188,59.96821975708008,53.11384582519531,45.476173400878906,42.40035629272461,70.61808776855469,85.01508331298828
2017-08-02,71.95,32.57,47.24456787109375,47.84510040283203,21.965673446655273,60.23236846923828,53.26176071166992,45.443260192871094,42.58256912231445,70.4586181640625,84.78284454345703
2017-08-03,71.455,32.49,46.8906364440918,47.17457580566406,21.88755989074707,60.53169631958008,53.14157485961914,45.40210723876953,42.79647064208984,70.57379913330078,84.55062866210938
2017-08-04,70.7527,32.59,47.11507797241211,47.32598876953125,22.035099029541016,60.64617156982422,53.26176071166992,45.27866744995117,42.6063346862793,70.41432189941406,84.55992126464844
2017-08-07,71.13,32.57,47.140968322753906,46.96549224853515,22.00038719177246,60.64617156982422,53.585357666015625,45.61606979370117,42.74101257324219,70.56493377685547,84.75498962402344
2017-08-08,71.3778,32.42,46.7697868347168,46.857330322265625,21.939640045166016,60.46125793457031,53.51139068603515,45.443260192871094,42.91529846191406,70.23712921142578,84.80144500732422
2017-08-09,70.32,32.46,46.81294631958008,46.900596618652344,21.939640045166016,60.4788703918457,53.48365020751953,45.517330169677734,42.693477630615234,70.31686401367188,84.30908966064453
2017-08-10,68.87,32.17,46.277740478515625,46.40311813354492,21.54909324645996,59.7128791809082,52.429691314697266,45.32804489135742,42.82816696166992,69.43978881835938,83.0457763671875
2017-08-11,69.565,31.96,46.165523529052734,46.10029602050781,21.462312698364254,59.74809265136719,52.79026412963867,45.360958099365234,42.57463073730469,69.63469696044922,83.47308349609375
2017-08-14,70.53,32.49,46.597137451171875,45.96331405639648,21.757383346557617,60.37322616577149,53.631568908691406,45.583160400390625,42.82022857666016,70.10425567626953,84.06758880615234
2017-08-15,70.19,32.43,46.60577774047851,45.79026412963867,21.774744033813477,60.24116897583008,53.71477890014648,45.81358337402344,43.05790328979492,70.10425567626953,83.29656982421875
2017-08-16,70.25,32.53,47.06327819824219,45.350467681884766,21.731348037719727,60.40843963623047,53.87195587158203,45.969940185546875,43.2321891784668,70.29913330078125,83.72388458251953
2017-08-17,69.33,32.3,46.346797943115234,44.708778381347656,21.358165740966797,59.36069107055664,52.8179931640625,45.55024719238281,42.92322540283203,69.42205810546875,82.38623046875
2017-08-18,68.72,32.06,46.36405563354492,44.93228530883789,21.36684799194336,59.12296676635742,52.76252746582031,45.426795959472656,43.17673873901367,69.1031265258789,81.97750091552734
2017-08-21,68.16,32.39,46.4072265625,44.70157241821289,21.306093215942383,59.21982955932617,52.74403381347656,45.59139251708984,43.33518600463867,69.41320037841797,82.12613677978516
2017-08-22,69.1699,32.37,47.0114860534668,44.9971809387207,21.54041862487793,59.89778518676758,53.529876708984375,45.59961700439453,43.43025970458984,70.2548828125,83.00860595703125
2017-08-23,69.44,32.7,46.92516326904297,45.19184875488281,21.470985412597656,59.33429336547851,53.40044403076172,45.46794128417969,43.57285690307617,69.7232894897461,82.30261993408203
2017-08-24,70.1599,32.64,46.838836669921875,45.22069549560547,21.470985412597656,59.14940643310547,53.35421371459961,44.842506408691406,43.541160583496094,69.92706298828125,82.12613677978516
2017-08-25,70.3322,32.8,46.985595703125,45.42256164550781,21.531736373901367,59.431129455566406,53.3449592590332,44.990631103515625,43.68377304077149,69.94477081298828,82.33052062988281
2017-08-28,70.091,32.63,47.05464172363281,45.22069549560547,21.392879486083984,59.39591598510742,53.44667053222656,44.85895919799805,43.76299285888672,70.31686401367188,82.37694549560547
2017-08-29,70.2496,32.61,46.83021545410156,45.16299819946289,21.32345199584961,59.82733917236328,53.67781066894531,45.01531982421875,43.66791534423828,70.44976043701172,82.30261993408203
2017-08-30,70.37,32.76,47.17550277709961,45.18463516235352,21.41023826599121,60.07387924194336,54.06610107421875,45.0070915222168,43.541160583496094,70.8130111694336,82.89714050292969
2017-08-31,70.265,32.92,47.53805160522461,45.40093994140625,21.436275482177734,60.276363372802734,54.38969039916992,45.0235595703125,43.54909896850586,72.01786041259766,83.28729248046875
2017-09-01,70.455,32.92,47.84883499145508,45.84074783325195,21.49702835083008,60.329200744628906,54.34346008300781,45.23752212524414,43.41440963745117,71.96470642089844,83.66814422607422
2017-09-05,69.91,32.89,47.304988861083984,46.09309005737305,21.03705406188965,59.72169494628906,53.86271286010742,45.3033561706543,43.52531433105469,71.6546630859375,83.324462890625
2017-09-06,69.35,32.94,47.425838470458984,46.842926025390625,21.08912467956543,59.783329010009766,53.9089241027832,45.49263381958008,43.32725524902344,72.0001449584961,83.84465789794922
2017-09-07,68.464,33.19,47.5035400390625,46.92943572998047,20.724618911743164,59.90659713745117,54.09383392333984,45.5584716796875,43.652076721191406,72.7974853515625,83.12007141113281
2017-09-08,67.87,33.2,47.48625564575195,46.43194961547851,20.915555953979492,60.10908126831055,53.65006637573242,45.336280822753906,43.85805892944336,73.12529754638672,82.83211517333984
2017-09-11,68.29,33.44,48.1077880859375,46.87176513671875,21.28006362915039,60.628570556640625,54.408172607421875,45.61606979370117,44.23040771484375,73.6922836303711,83.26871490478516
2017-09-12,68.91,33.08,48.51351165771485,47.160160064697266,21.531736373901367,60.91911315917969,54.53761291503906,45.71483612060547,43.49362564086914,73.85176849365234,83.64030456542969
2017-09-13,68.8101,32.94,48.49624252319336,47.75136947631836,21.56645393371582,60.831050872802734,54.46364212036133,45.739524841308594,43.27973175048828,73.57711791992188,84.24409484863281
2017-09-14,68.46,33.17,48.66025161743164,47.98209762573242,21.523059844970703,61.12162399291992,54.27873992919922,45.64899444580078,43.6441535949707,73.67457580566406,83.78890991210938
2017-09-15,68.605,33.05,48.6619987487793,48.09531784057617,21.586681365966797,61.374603271484375,54.500492095947266,45.728492736816406,43.70561981201172,73.43893432617188,83.55398559570312
2017-09-18,69.223,32.86,48.931034088134766,48.29985809326172,21.83941078186035,61.719539642333984,54.5468864440918,45.79474639892578,43.25858688354492,73.42115783691406,83.26500701904297
2017-09-19,69.4813,32.53,49.18271255493164,48.49708557128906,22.00499153137207,61.781436920166016,54.788116455078125,45.653961181640625,43.170780181884766,72.8431625366211,83.1904296875
2017-09-20,69.06,32.44,49.35628890991211,48.82579803466797,22.135711669921875,62.23252868652344,54.5654296875,45.215057373046875,42.85146713256836,72.914306640625,83.4700698852539
2017-09-21,68.78,32.39,49.252159118652344,48.84040451049805,22.18800163269043,62.41828155517578,54.268531799316406,44.784446716308594,42.84349060058594,72.54085540771484,83.33025360107422
2017-09-22,69.314,32.11,49.078575134277344,49.08877944946289,22.161861419677734,62.577484130859375,54.2963752746582,44.651947021484375,42.492244720458984,72.54085540771484,83.4700698852539
2017-09-25,68.79,32.23,49.165374755859375,49.79734420776367,22.135711669921875,62.577484130859375,53.65617752075195,44.97491836547851,42.88339614868164,72.32743835449219,83.2929458618164
2017-09-26,68.9379,32.26,48.94839859008789,49.77544021606445,22.12700080871582,62.577484130859375,53.85101318359375,45.08256530761719,42.80357360839844,72.21183776855469,83.30228424072266
2017-09-27,70.0183,31.99,48.94839859008789,49.98727798461914,22.397159576416016,62.64825820922851,54.39842987060547,44.73475646972656,42.22881317138672,72.18516540527344,83.75906372070312
2017-09-28,69.6018,32.22,49.29555130004883,50.0311164855957,22.432016372680664,62.61286544799805,54.463375091552734,44.73475646972656,42.380489349365234,72.2474136352539,83.65654754638672
2017-09-29,69.73,32.24,49.29555130004883,50.02381896972656,22.536598205566406,62.798606872558594,54.83449935913086,44.70163345336914,42.34855270385742,72.67424011230469,83.97349548339844
2017-10-02,70.75,32.12,49.83362579345703,50.00919723510742,22.728321075439453,63.23202133178711,54.918006896972656,44.61882019042969,42.4203987121582,73.41226196289062,84.13197326660156
2017-10-03,71.178,32.11,50.04191970825195,49.95805740356445,22.806760787963867,63.50618743896485,55.04790496826172,44.66850280761719,42.300655364990234,73.39449310302734,84.4861831665039
2017-10-04,71.2853,32.39,50.05929183959961,49.921539306640625,22.70218276977539,63.48851013183594,55.01080703735352,44.809288024902344,42.72374725341797,73.75016784667969,84.9243392944336
2017-10-05,71.0221,32.49,50.36304473876953,50.14798355102539,22.937482833862305,63.63887023925781,55.53966522216797,45.00802993774414,42.6838264465332,73.80353546142578,85.3997573852539
2017-10-06,71.0458,32.4,50.25020980834961,49.724308013916016,22.963626861572266,63.63002395629883,55.6231689453125,44.56085586547851,42.65190887451172,73.7057113647461,85.50231170654297
2017-10-09,70.8,32.47,50.24152755737305,49.82656478881836,22.876480102539062,63.4531364440918,55.76234436035156,44.436641693115234,42.70777893066406,73.24331665039062,85.23196411132812
2017-10-10,70.89,32.52,50.27625274658203,49.87039566040039,22.981054306030273,63.55042266845703,55.81800079345703,44.82585525512695,43.12287902832031,73.41226196289062,85.1480712890625
2017-10-11,70.7574,32.7,50.30229568481445,49.98727798461914,22.937482833862305,63.515037536621094,56.00356674194336,44.91693878173828,43.306495666503906,73.55453491210938,85.19467163085938
2017-10-12,70.48,32.93,50.39775466918945,49.80466842651367,22.763185501098633,63.85114288330078,55.86439514160156,45.10740661621094,43.530006408691406,73.4745101928711,84.62603759765625
2017-10-13,69.9674,33.02,50.6407585144043,49.77544021606445,22.771900177001953,63.73616790771485,56.13347244262695,45.19022750854492,43.22665786743164,73.28778076171875,85.03620147705078
2017-10-16,69.3806,32.86,50.606056213378906,49.8850212097168,22.920045852661133,63.80692672729492,56.33758544921875,45.206787109375,43.130863189697266,72.9676742553711,85.1480712890625
2017-10-17,69.1497,32.86,50.47586441040039,49.91423797607422,22.806760787963867,63.63887023925781,56.33758544921875,45.041160583496094,43.38631057739258,73.9457778930664,85.19467163085938
2017-10-18,69.24,32.8,50.35435104370117,49.5635986328125,22.92876625061035,63.6654052734375,56.476749420166016,44.983192443847656,43.306495666503906,74.05248260498047,84.96161651611328
2017-10-19,69.02,32.78,50.545291900634766,49.41019058227539,22.946191787719727,63.84228515625,56.30975341796875,44.7430419921875,43.76150131225586,74.50599670410156,84.96161651611328
2017-10-20,69.621,32.73,50.97922897338867,49.50515365600586,23.216354370117188,64.53219604492188,56.69015884399414,44.635379791259766,43.79343795776367,74.58601379394531,85.16671752929688
2017-10-23,69.27,32.61,50.88376998901367,49.24949264526367,23.19892692565918,64.1253433227539,56.421085357666016,44.60224914550781,43.817378997802734,74.39926147460938,84.58875274658203
2017-10-24,69.5199,32.4,51.170166015625,49.34444808959961,23.3645076751709,64.48798370361328,56.57882308959961,44.444923400878906,43.857295989990234,73.90130615234375,84.7938461303711
2017-10-25,68.85,32.32,50.901123046875,49.00111389160156,23.225072860717773,63.85114288330078,56.27264404296875,44.32070541381836,43.66571044921875,73.79461669921875,84.46756744384766
2017-10-26,68.9523,32.14,51.57807922363281,49.1033935546875,23.355789184570312,63.93959426879883,56.50459671020508,44.35382080078125,43.673683166503906,73.05660247802734,84.76583862304688
2017-10-27,68.97,32.19,51.30902099609375,49.191036224365234,23.338363647460938,63.96612548828125,58.026222229003906,43.9728889465332,43.94510269165039,73.038818359375,86.1362075805664
2017-10-30,68.545,32.39,51.06602096557617,49.44671630859375,23.242502212524418,63.52389907836914,58.1561279296875,43.600242614746094,43.95309066772461,72.25630187988281,85.74471282958984
2017-10-31,69.16,32.5,51.20487976074219,49.607425689697266,23.18149757385254,63.26737594604492,58.406639099121094,43.964603424072266,44.00098419189453,72.1229476928711,85.75402069091797
2017-11-01,68.41,32.47,51.456565856933594,50.169921875,23.216354370117188,63.23202133178711,58.415916442871094,44.10538864135742,43.753517150878906,72.30075073242188,85.781982421875
2017-11-02,66.55,32.75,51.08338165283203,50.02381896972656,23.434226989746097,63.59466171264648,58.443748474121094,43.99773025512695,43.91316986083984,71.97178649902344,85.13874053955078
2017-11-03,66.15,32.75,51.05734634399414,50.169921875,23.338363647460938,63.53274917602539,58.90766525268555,44.00601577758789,44.07282257080078,72.56755065917969,85.48367309570312
2017-11-06,66.36,33.25,50.84037399291992,51.316749572753906,23.31222152709961,63.56813049316406,59.03756332397461,43.533992767333984,43.90518951416016,72.34521484375,86.1082534790039
2017-11-07,65.94,33.56,50.89244842529297,51.25101852416992,22.98976707458496,63.6654052734375,59.06539535522461,44.022579193115234,44.43206024169922,72.49638366699219,85.59554290771484
2017-11-08,66.59,33.81,50.94451904296875,51.00266647338867,22.876480102539062,63.55926513671875,59.39013671875,44.502891540527344,44.4639778137207,72.66535186767578,85.68875885009766
2017-11-09,65.34,33.81,50.51056289672851,51.15605926513672,22.798046112060547,62.76323318481445,58.91694641113281,44.494606018066406,44.519866943359375,72.67424011230469,85.81925201416016
2017-11-10,65.68,33.81,50.43247985839844,50.885780334472656,22.728321075439453,62.8516731262207,58.91694641113281,44.9500617980957,44.31232070922851,72.20292663574219,86.1082534790039
2017-11-13,65.85,33.91,50.69282913208008,50.59357452392578,22.763185501098633,62.63938522338867,58.89839172363281,45.206787109375,44.83916473388672,72.27408599853516,86.39724731445312
2017-11-14,65.395,33.88,50.23285675048828,49.77544021606445,22.754472732543945,62.47135543823242,58.77776718139648,45.36411666870117,45.39797592163086,71.98066711425781,86.4718246459961
2017-11-15,65.89,33.63,49.92909622192383,49.21296310424805,22.81546974182129,62.11756134033203,58.34170150756836,44.88382339477539,45.00682067871094,71.77613830566406,86.09892272949219
2017-11-16,67.29,33.76,50.53660583496094,49.01572799682617,22.82418632507324,62.70130157470703,59.15818405151367,45.5048942565918,44.86311721801758,72.52306365966797,86.81672668457031
2017-11-17,67.8,33.56,50.606056213378906,49.256797790527344,22.798046112060547,62.35636901855469,58.77776718139648,45.347564697265625,44.55180358886719,72.23853302001953,87.19892883300781
2017-11-20,68.464,33.48,50.67546463012695,49.13990020751953,22.90262222290039,62.63938522338867,59.000450134277344,45.29786682128906,44.41608810424805,71.93620300292969,87.36675262451172
2017-11-21,68.9412,33.66,50.94451904296875,49.24949264526367,22.972339630126953,63.09050369262695,59.622100830078125,45.44693756103515,44.53582763671875,72.56755065917969,87.90739440917969
2017-11-22,69.58,33.55,50.80564498901367,49.44671630859375,22.85904312133789,63.16126251220703,59.510746002197266,45.388973236083984,44.53582763671875,72.54085540771484,87.99132537841797
2017-11-24,69.72,33.67,51.06602096557617,49.58552169799805,22.850330352783203,63.16126251220703,59.84477233886719,45.35584259033203,44.607669830322266,72.70980072021484,88.21504211425781
2017-11-27,69.881,33.57,50.762264251708984,49.08147048950195,22.832902908325195,63.26737594604492,59.84477233886719,45.38068389892578,44.79926681518555,72.77204132080078,88.28031158447266
2017-11-28,70.44,33.49,51.32638168334961,49.46132278442383,23.42551612854004,64.2314682006836,60.039608001708984,45.75333404541016,45.00682067871094,73.3055648803711,89.25912475585938
2017-11-29,70.3982,33.41,51.404502868652344,49.73160934448242,23.82639503479004,64.79753875732422,58.71281814575195,45.99348449707031,45.0307731628418,73.67012023925781,89.64131927490234
2017-11-30,70.52,33.45,51.690895080566406,50.47669219970703,23.983259201049805,65.90316772460938,59.23241424560547,46.41582489013672,45.18243789672851,74.22145080566406,90.09809112548828
2017-12-01,70.26,33.51,51.2656364440918,50.9003791809082,24.035554885864254,65.08940124511719,58.92621612548828,46.53177261352539,45.0307731628418,74.07025909423828,90.0608139038086
2017-12-04,69.53,33.07,51.795040130615234,50.87846755981445,24.401573181152344,65.6378173828125,57.97983932495117,46.97066879272461,44.77530670166016,73.16328430175781,91.10490417480467
2017-12-05,68.7786,32.94,51.53467559814453,50.65933609008789,24.27085876464844,65.08055877685547,57.9984016418457,46.89613342285156,44.20854187011719,73.038818359375,90.58285522460938
2017-12-06,67.76,32.99,51.23091125488281,50.00188064575195,24.18370246887207,65.17788696289062,58.369529724121094,47.19426727294922,44.376182556152344,72.9765625,89.9955825805664
2017-12-07,68.0301,33.12,51.57807922363281,50.14798355102539,24.262134552001953,65.77935028076172,58.73137283325195,46.738792419433594,44.455997467041016,72.99432373046875,90.22862243652344
2017-12-08,68.61,33.2,51.57807922363281,50.60819625854492,24.41029357910156,66.06237030029297,59.00971984863281,46.863014221191406,44.59968566894531,73.81241607666016,90.65743255615234
2017-12-11,69.41,33.28,51.64750289916992,50.97343826293945,24.349288940429688,65.9296875,59.52003479003906,46.85472869873047,44.87110900878906,74.12362670898438,90.85319519042967
2017-12-12,69.3931,33.43,51.65618515014648,50.83463668823242,24.593307495117188,66.0004653930664,59.50147247314453,46.863014221191406,44.10477066040039,74.41706085205078,90.8904800415039
2017-12-13,70.26,33.42,51.795040130615234,50.7615852355957,24.28828239440918,66.25695037841797,59.52003479003906,47.12800598144531,44.22450256347656,74.6749267578125,90.96507263183594
2017-12-14,69.2797,33.45,51.22224044799805,50.57896041870117,24.131418228149418,65.80587005615234,59.44580078125,46.92098236083984,44.16862869262695,73.91910552978516,91.24470520019533
2017-12-15,68.68,33.19,51.52573776245117,50.53337478637695,24.348548889160156,66.27005767822266,60.12377166748047,47.45323181152344,44.33058166503906,74.73242950439453,91.63945770263672
2017-12-18,69.523,33.3,52.28450775146485,50.92312240600586,24.56742286682129,66.74141693115234,60.65459442138672,47.4282112121582,43.83907699584961,74.75919342041016,92.46259307861328
2017-12-19,69.3469,32.67,52.22345352172851,50.99665832519531,24.46236991882324,66.75920104980469,60.28208923339844,47.48662185668945,43.04142379760742,74.66991424560547,92.34099578857422
2017-12-20,69.33,32.32,52.24089813232422,51.71730422973633,24.41858673095703,66.98149108886719,60.26346969604492,47.4031867980957,42.703025817871094,74.4288558959961,92.16327667236328
2017-12-21,69.5535,32.21,52.424041748046875,52.81298065185547,24.62871551513672,67.03485870361328,60.14241790771485,47.36982345581055,42.1954231262207,74.2592544555664,92.7619171142578
2017-12-22,69.11,32.42,52.62462615966797,52.92327880859375,24.558673858642575,67.05265045166016,60.10516357421875,47.44490051269531,42.259883880615234,74.0182113647461,92.5842056274414
2017-12-26,68.8,32.59,52.581031799316406,53.38653564453125,24.48863220214844,67.12382507324219,59.70470428466797,47.55335235595703,42.01010513305664,74.03605651855469,92.78997039794922
2017-12-27,68.912,32.72,52.65079116821289,53.21006393432617,24.5148983001709,67.28387451171875,59.769901275634766,47.54500961303711,42.18737030029297,74.1610336303711,92.60291290283205
2017-12-28,68.99,32.91,52.88627243041992,53.29093551635742,24.611207962036133,67.41725158691406,59.87232971191406,47.46992492675781,42.4210319519043,74.26818084716797,92.85545349121094
2017-12-29,68.32,32.94,52.790340423583984,53.13652038574219,24.436100006103516,67.29277038574219,59.555702209472656,47.461578369140625,42.445186614990234,73.81285858154297,92.31291961669922
2018-01-02,69.19,32.75,53.54037857055664,54.01158905029297,24.444852828979492,67.69293975830078,60.29141998291016,47.16959762573242,42.050392150878906,74.64313507080078,93.71601104736328
2018-01-03,69.241,32.76,53.91538619995117,54.82049179077149,24.576187133789062,68.05755615234375,60.79430389404297,47.15290451049805,41.72004699707031,75.35733795166016,94.1462860107422
2018-01-04,69.64,32.2,54.3863410949707,55.151390075683594,24.80382537841797,68.55553436279297,61.10161590576172,47.28638458251953,41.37358474731445,75.46446990966797,94.45494842529295
2018-01-05,69.7884,32.27,54.82241439819336,55.129337310791016,24.87386703491211,69.02687072753906,61.74422073364258,47.49495697021485,41.357479095458984,76.10724639892578,95.20327758789062
2018-01-08,70.4361,32.49,54.90091323852539,55.460243225097656,24.83884620666504,69.31146240234375,61.9770393371582,47.61175537109375,41.74422073364258,75.83050537109375,95.31549072265624
2018-01-09,69.95,32.12,54.81369400024414,55.32052230834961,25.031463623046875,69.7561264038086,61.81871032714844,47.54500961303711,41.333309173583984,76.7232437133789,95.50257873535156
2018-01-10,69.07,31.62,54.482295989990234,55.25432586669922,25.24159240722656,69.74720764160156,61.60451889038086,47.311424255371094,40.88209533691406,76.58935546875,95.4371109008789
2018-01-11,70.031,31.42,55.19743347167969,56.38677215576172,25.364164352416992,70.63650512695312,61.85598373413086,47.244667053222656,40.72901916503906,76.91967010498047,96.98985290527344
2018-01-12,70.69,31.19,55.284645080566406,56.930946350097656,25.591806411743164,71.2945785522461,62.21916580200195,47.2613639831543,40.495357513427734,77.50887298583984,98.24325561523438
2018-01-16,69.9,31.34,54.63926696777344,56.21031188964844,25.52176094055176,70.65428924560547,61.9770393371582,47.4782600402832,40.40673065185547,77.89276123046875,97.54173278808594
2018-01-17,70.1279,31.52,54.892189025878906,56.70298767089844,25.714378356933594,71.04557037353516,62.908329010009766,48.02054214477539,40.656497955322266,78.64263916015625,98.00941467285156
2018-01-18,69.7189,31.22,54.85729217529297,56.239715576171875,25.679351806640625,70.66317749023438,63.02006149291992,47.87872314453125,40.39867401123047,78.66051483154297,97.92523193359376
2018-01-19,69.89,31.44,55.18870544433594,56.16617584228515,25.863218307495117,70.86770629882812,63.141143798828125,48.41266250610352,40.27781677246094,78.95515441894531,98.77642822265624
2018-01-22,70.26,31.74,55.057891845703125,57.37950897216797,26.073347091674805,70.86770629882812,63.75580596923828,48.77972412109375,40.3342170715332,79.47290802001953,99.8708038330078
2018-01-23,69.95,32.23,55.04916763305664,57.29127502441406,26.099607467651367,70.90328216552734,64.0351791381836,48.62122344970703,40.72095489501953,79.08904266357422,100.71267700195312
2018-01-24,69.519,32.14,55.284645080566406,57.136844635009766,26.274715423583984,70.8410415649414,63.54158401489258,48.72133255004883,40.47119140625,79.32118225097656,101.14295959472656
2018-01-25,69.54,32.07,55.65094375610352,56.68825912475586,26.222187042236328,70.91219329833984,63.429840087890625,48.746368408203125,41.09965133666992,79.99967193603516,100.96524047851562
2018-01-26,70.29,32.16,55.8951416015625,56.99711990356445,26.414804458618164,71.73033905029297,64.43566131591797,48.97996139526367,41.12382125854492,81.72265625,101.9567413330078
2018-01-29,69.88,31.79,55.25849151611328,56.136756896972656,26.309734344482425,71.25010681152344,63.84890365600586,48.788082122802734,40.600093841552734,81.49947357177734,101.67609405517578
2018-01-30,70.03,31.66,54.85729217529297,55.00432205200195,25.968278884887695,70.68984985351562,63.27153778076172,48.46269989013672,40.6726188659668,79.78538513183594,101.17101287841795
2018-01-31,70.1,32.31,54.90091323852539,55.04108047485352,26.038320541381836,70.90328216552734,63.7464714050293,48.237449645996094,41.12382125854492,78.65159606933594,100.8436279296875
2018-02-01,70.11,31.72,54.15086364746094,55.6073112487793,26.28347396850586,70.77879333496094,63.8023681640625,48.02888107299805,40.47925567626953,78.67839813232422,99.72116088867188
2018-02-02,69.42,31.36,52.72929000854492,53.28359603881836,25.70561981201172,69.35591888427734,61.9118537902832,47.11119079589844,40.189186096191406,77.5713882446289,98.76707458496094
2018-02-05,66.95,30.55,50.71466064453125,51.048126220703125,24.40983009338379,66.20783233642578,59.3228645324707,45.40093231201172,39.52849197387695,74.13426208496094,95.4371109008789
2018-02-06,68.73,30.49,52.37171936035156,51.45258712768555,24.856353759765625,67.41725158691406,61.02714538574219,45.90150833129883,38.94032287597656,74.95559692382812,97.87845611572266
2018-02-07,68.39,30.35,51.90076446533203,50.59221267700195,24.87386703491211,67.54176330566406,60.24484634399414,45.70127868652344,38.7550048828125,74.86632537841797,97.57915496826172
2018-02-08,66.8,29.4,50.07799530029297,49.06267166137695,23.779449462890625,64.93611907958984,57.74900817871094,44.71684265136719,38.31991195678711,72.26840209960938,93.68793487548828
2018-02-09,66.9995,30.09,50.95012664794922,49.02591323852539,24.234731674194336,65.6386947631836,59.164546966552734,44.80860137939453,39.12564468383789,73.29508209228516,94.3146743774414
2018-02-12,67.57,30.17,51.979248046875,49.82744598388672,24.576187133789062,66.69695281982422,60.226219177246094,45.26744842529297,39.42375564575195,73.98250579833984,95.59613800048828
2018-02-13,68.19,30.39,51.848426818847656,49.62155532836914,24.681249618530273,66.8481216430664,60.3752326965332,45.47602462768555,39.601016998291016,74.03605651855469,96.09187316894533
2018-02-14,69.23,30.2,52.5461311340332,50.342193603515625,25.26785659790039,67.69293975830078,61.48344421386719,45.45100021362305,39.15786361694336,74.87523651123047,97.6259307861328
2018-02-15,70.65,30.48,52.93859100341797,50.217193603515625,25.407939910888672,68.71562194824219,62.656864166259766,46.20183181762695,40.02804183959961,75.70550537109375,98.49581146240234
2018-02-16,70.7094,30.68,52.746734619140625,50.09217834472656,25.3729190826416,68.73341369628906,62.563743591308594,46.385379791259766,40.382564544677734,76.25009155273438,98.01876831054688
2018-02-20,69.7945,30.37,52.511253356933594,49.82008361816406,25.294118881225582,68.03976440429688,62.619632720947266,45.33420181274414,39.85883331298828,75.41090393066406,97.71942138671876
2018-02-21,69.18,29.81,52.328102111816406,48.98179244995117,25.329137802124023,68.05755615234375,62.21916580200195,44.79192352294922,39.33512115478515,75.09843444824219,97.57915496826172
2018-02-22,67.985,30.15,52.676963806152344,49.518585205078125,25.119016647338867,68.51109313964844,62.293663024902344,44.90872573852539,39.53655624389648,74.98237609863281,97.70075225830078
2018-02-23,69.25,30.7,53.45316696166992,50.59221267700195,25.49549102783203,69.08023834228516,63.59748840332031,45.3425407409668,40.56787872314453,76.17865753173828,99.06639862060548
2018-02-26,70.2,30.81,53.68863677978515,50.893707275390625,25.88072395324707,70.03177642822266,64.59394836425781,45.626190185546875,40.44701385498047,77.1428451538086,99.89888763427734
2018-02-27,69.8754,30.15,52.94731903076172,50.23189163208008,25.635578155517575,69.15138244628906,63.94207000732422,45.0255126953125,39.802433013916016,76.33935546875,97.78491973876952
2018-02-28,69.02,30.11,52.00542068481445,49.07738494873047,25.276611328125,68.16426849365234,63.4857063293457,44.558326721191406,39.52849197387695,75.11629486083984,97.34530639648438
2018-03-01,68.78,29.96,51.473411560058594,49.00385284423828,24.83884620666504,66.83035278320312,62.433380126953125,44.458213806152344,39.53655624389648,73.9200210571289,96.2976531982422
2018-03-02,69.6832,29.86,51.421085357666016,49.23179626464844,24.900129318237305,66.81254577636719,63.029388427734375,44.833641052246094,39.43181228637695,74.66991424560547,96.39122009277344
2018-03-05,70.62,30.28,52.101348876953125,49.75390625,25.25034523010254,67.61290740966797,63.67198944091797,45.22574996948242,40.23752212524414,75.3484115600586,97.54173278808594
2018-03-06,71.82,30.4,52.676963806152344,49.783321380615234,25.35540771484375,67.91527557373047,63.81167221069336,45.25911331176758,39.697696685791016,75.24127197265625,98.21522521972656
2018-03-07,72.46,30.53,52.48508834838867,49.40829086303711,25.31163024902344,67.90635681152344,64.16553497314453,44.85032272338867,39.39958190917969,75.62517547607422,97.55107879638672
2018-03-08,72.355,30.77,52.5286979675293,49.39358139038086,25.390426635742188,68.26209259033203,64.4449462890625,45.25911331176758,39.68964385986328,76.13404083251953,97.8597412109375
2018-03-09,73.34,30.97,53.47932434082031,50.3348388671875,26.0033016204834,69.76497650146484,65.66494750976562,45.55109786987305,39.802433013916016,77.23213195800781,99.37507629394533
2018-03-12,74.31,31.12,53.348506927490234,50.32012939453125,25.915748596191406,68.90237426757812,65.86981964111328,45.46768569946289,39.971641540527344,76.90180969238281,99.70245361328124
2018-03-13,73.79,31.22,53.13046646118164,49.95980453491211,25.6268253326416,68.56444549560547,65.11547088623047,45.434322357177734,40.060272216796875,76.99999237060547,99.00092315673828
2018-03-14,73.62,31.28,52.476356506347656,49.66567611694336,25.33789825439453,67.81743621826172,65.05960083007812,44.97545623779297,40.47119140625,76.62506866455078,98.87932586669922
2018-03-15,73.11,31.28,51.78738784790039,49.40829086303711,25.346654891967773,68.01309204101562,65.09684753417969,44.658443450927734,40.44701385498047,76.50004577636719,98.77642822265624
2018-03-16,73.09,31.26,51.78387451171875,49.84894561767578,25.36861991882324,68.37649536132812,65.02958679199219,44.67438125610352,40.80185317993164,76.50006866455078,98.67323303222656
2018-03-19,71.13,30.95,51.03972625732422,49.07872772216797,25.1840877532959,67.84969329833984,63.74039077758789,44.238128662109375,40.55014419555664,75.26374053955078,97.44425201416016
2018-03-20,71.55,30.94,50.987205505371094,49.49346160888672,25.2455997467041,68.08184051513672,63.71236038208008,44.11228942871094,40.36337661743164,75.37125396728516,98.02589416503906
2018-03-21,71.62,30.66,51.56501007080078,50.78948593139648,25.23680877685547,68.1622085571289,63.3293342590332,43.56696701049805,40.22534942626953,75.04871368408203,97.95085906982422
2018-03-22,70.27,30.55,50.024192810058594,49.75266647338867,24.305370330810547,65.91217803955078,61.69449996948242,43.206207275390625,40.40398025512695,72.8896255493164,95.86821746826172
2018-03-23,69.501,30.07,49.04366683959961,49.44901657104492,23.56724739074707,64.9478530883789,60.050296783447266,42.669281005859375,39.83559036254883,71.37557220458984,93.98255920410156
2018-03-26,69.86,30.48,50.05045318603515,50.337738037109375,24.33173370361328,66.51931762695312,62.32973098754883,43.28171920776367,40.24970245361328,72.85379028320312,96.75942993164062
2018-03-27,68.881,30.53,49.54267883300781,49.86376190185547,23.857221603393555,65.59966278076172,60.330562591552734,43.256553649902344,40.82620620727539,71.99372100830078,94.8644027709961
2018-03-28,67.962,31.09,48.912349700927734,48.89357376098633,23.901159286499023,65.37641906738281,59.92886734008789,43.85220718383789,40.80995559692383,72.37897491455078,93.7104949951172
2018-03-29,68.88,31.08,49.84909439086914,49.92300033569336,24.22628593444824,66.33179473876953,61.11528396606445,44.15423202514648,41.02919387817383,72.92546081542969,95.02388763427734
2018-04-02,67.5364,30.7,48.763519287109375,48.92319869995117,23.690265655517575,64.9656982421875,59.657936096191406,43.07197570800781,40.71253204345703,71.26806640625,92.34080505371094
2018-04-03,67.8686,30.81,49.455135345458984,49.96744537353515,24.015396118164062,65.86750793457031,60.24647903442383,43.642459869384766,40.85055923461914,72.35210418701172,93.51346588134766
2018-04-04,69.1207,31.17,49.779048919677734,49.90079116821289,24.27022171020508,66.1532211303711,61.08726501464844,44.322017669677734,40.939884185791016,73.38237762451172,95.2302703857422
2018-04-05,69.63,31.2,50.70705795288086,50.79689025878906,24.463539123535156,66.82290649414062,61.339500427246094,44.43108367919922,41.264671325683594,73.32860565185547,96.50615692138672
2018-04-06,68.7125,30.88,49.4726448059082,49.878570556640625,23.87479782104492,64.97462463378906,59.835445404052734,43.97804260253906,40.939884185791016,71.56371307373047,94.45162200927734
2018-04-09,68.93,30.87,49.744041442871094,50.11555480957031,24.006603240966797,64.77820587158203,60.30253982543945,43.952877044677734,41.02109146118164,72.27145385742188,94.22647857666016
2018-04-10,70.84,30.66,50.76833724975586,51.77446746826172,24.36688232421875,65.769287109375,61.78789520263672,44.053558349609375,40.70441055297851,73.48987579345703,95.37098693847656
2018-04-11,71.5652,30.74,50.391883850097656,52.31510162353515,24.076908111572266,65.28717041015625,61.42357635498047,43.96966171264648,40.647579193115234,72.8896255493164,95.08016967773438
2018-04-12,72.09,30.38,50.92592239379883,52.30770111083984,24.498687744140625,66.22466278076172,62.16159439086914,43.90254592895508,40.11166763305664,73.38237762451172,95.49293518066406
2018-04-13,71.42,30.54,50.8734016418457,52.88534927368164,24.129623413085938,66.06393432617188,61.95606994628906,44.12067413330078,40.4283447265625,73.34651947021484,94.95822143554688
2018-04-16,70.69,30.68,51.556251525878906,53.42597961425781,24.235078811645508,66.72467041015625,62.43251037597656,44.598880767822266,40.98048400878906,73.92884826660156,95.67122650146484
2018-04-17,72.05,31.09,52.142818450927734,53.63334274291992,24.235078811645508,67.28718566894531,63.59091567993164,44.69954681396485,41.394588470458984,74.50221252441406,97.4536590576172
2018-04-18,72.04,31.01,52.51927185058594,54.47760009765625,24.1208438873291,67.98360443115234,63.42277908325195,44.36397171020508,41.24031448364258,74.56494140625,97.9133529663086
2018-04-19,71.7324,30.49,51.93270492553711,54.54426574707031,24.489904403686523,67.7961196899414,62.722110748291016,43.080360412597656,41.21595001220703,73.93781280517578,97.60375213623048
2018-04-20,71.9569,30.22,51.652557373046875,54.285064697265625,24.498687744140625,67.50147247314453,61.85328674316406,42.35887145996094,40.84245300292969,73.54361724853516,96.60932159423828
2018-04-23,71.12,30.28,51.50373077392578,54.61832427978515,24.472328186035156,67.42111206054688,61.62909698486328,42.30852508544922,40.86680603027344,73.830322265625,96.81572723388672
2018-04-24,71.119,30.31,50.11173248291016,54.03327178955078,24.31415748596191,65.53714752197266,60.55476760864258,42.040061950683594,41.14286804199219,73.27486419677734,95.28654479980467
2018-04-25,70.7392,30.21,50.38312530517578,54.46281814575195,24.296585083007812,65.72465515136719,60.564117431640625,42.115570068359375,41.150997161865234,73.6063461303711,95.68057250976562
2018-04-26,70.979,30.6,50.69831848144531,55.2552375793457,24.305370330810547,65.48357391357422,61.666473388671875,42.36725616455078,41.56509780883789,74.53805541992188,97.22848510742188
2018-04-27,70.9968,31.01,50.56698989868164,54.6701774597168,24.34052467346191,65.3496322631836,61.55435943603515,42.593772888183594,41.987327575683594,74.8426513671875,97.6694107055664
2018-04-30,69.9,30.89,49.91038131713867,54.66276931762695,24.1208438873291,64.48352813720703,61.15265655517578,42.3253059387207,41.86553192138672,73.69593048095703,97.2847671508789
2018-05-01,69.26,31.11,49.86660385131836,54.329490661621094,24.129623413085938,64.18889617919922,61.918701171875,41.95616149902344,41.73562240600586,73.66009521484375,97.4161376953125
2018-05-02,70.075,30.97,49.752803802490234,54.55167007446289,23.857221603393555,63.62639617919922,61.85328674316406,41.13398361206055,41.69502258300781,72.64772033691406,96.75003814697266
2018-05-03,69.9,30.96,49.98041915893555,54.42578125,23.65511703491211,63.77817916870117,61.99343490600586,41.09203338623047,41.63818359375,71.99372100830078,96.3185043334961
2018-05-04,70.43,31.31,50.60200119018555,54.6923828125,23.96267318725586,64.51927947998047,63.17053985595703,41.68769836425781,41.82494354248047,72.56709289550781,97.58501434326172
2018-05-07,71.16,31.37,50.58449172973633,54.76642990112305,24.1208438873291,64.9478530883789,63.60960006713867,41.427635192871094,41.60570526123047,72.45963287353516,97.9133529663086
2018-05-08,71.0,31.15,50.47942733764648,55.19598007202149,24.28779029846191,65.41213989257812,63.749725341796875,41.25983428955078,40.56637954711914,71.9131088256836,97.50057983398438
2018-05-09,70.444,31.39,51.2060661315918,56.32169342041016,24.648069381713867,66.11750030517578,64.53446197509766,41.31856155395508,40.28218460083008,72.32521057128906,97.83828735351562
2018-05-10,70.7101,31.68,51.57376480102539,56.74382019042969,24.850177764892575,66.5639419555664,65.37522888183594,41.56185150146485,40.85055923461914,73.29277038574219,98.19480895996094
2018-05-11,70.55,31.53,51.556251525878906,56.82529067993164,24.83260154724121,66.7068099975586,65.28182983398438,41.56185150146485,40.90740585327149,74.3857421875,98.40119171142578
2018-05-14,70.34,31.31,51.75761413574219,57.217796325683594,24.81502914428711,66.59074401855469,65.2724838256836,41.545074462890625,40.75312423706055,74.87850952148438,98.58878326416016
2018-05-15,70.201,30.78,51.60003280639648,57.232608795166016,24.77109146118164,66.36752319335938,64.65589904785156,41.385684967041016,40.412109375,73.91093444824219,98.01654052734376
2018-05-16,70.685,30.7,52.212852478027344,57.43254852294922,24.81502914428711,66.60858917236328,64.94548034667969,41.6793098449707,40.095428466796875,74.32304382324219,98.8327178955078
2018-05-17,70.64,30.54,52.33542251586914,58.299041748046875,24.76230239868164,66.86753845214844,64.60919189453125,41.82194137573242,39.7706413269043,74.34992980957031,98.50437927246094
2018-05-18,70.45,30.56,52.405460357666016,57.84728240966797,24.560205459594727,67.26039123535156,64.33827209472656,41.56185150146485,39.77875900268555,74.53805541992188,98.38240814208984
2018-05-21,71.41,30.87,52.68561172485352,58.43976974487305,24.73594093322754,68.27826690673828,64.89881134033203,41.738037109375,39.98175048828125,74.60973358154297,98.92650604248048
2018-05-22,71.34,30.91,52.24787902832031,57.66214370727539,24.90290069580078,67.43895721435547,64.80538177490234,41.66252899169922,40.12790298461914,74.4664077758789,98.48558807373048
2018-05-23,70.87,31.16,52.12531661987305,57.65472030639648,24.744731903076172,67.37647247314453,65.28182983398438,41.81354522705078,40.4932975769043,74.70826721191406,99.1985855102539
2018-05-24,70.5215,31.04,51.94145965576172,56.70676803588867,24.551416397094727,67.70684051513672,65.20708465576172,41.77998352050781,40.82620620727539,74.41263580322266,99.41436004638672
2018-05-25,70.89,31.19,51.661319732666016,55.2330207824707,24.472328186035156,67.58183288574219,65.16035461425781,41.84710693359375,41.004844665527344,74.30513000488281,99.564453125
2018-05-29,70.3924,31.27,50.76833724975586,55.06269073486328,23.65511703491211,66.50146484375,64.80538177490234,41.75481796264648,41.004844665527344,73.54361724853516,98.79519653320312
2018-05-30,70.666,31.68,51.363651275634766,56.729007720947266,24.085693359375,67.43895721435547,65.28182983398438,42.34209060668945,41.33774948120117,74.64557647705078,99.69581604003906
2018-05-31,70.73,31.58,50.934688568115234,56.29945373535156,23.88358688354492,66.46573638916016,65.30049133300781,41.66252899169922,41.402706146240234,73.830322265625,99.21736145019533
2018-06-01,71.03,31.71,51.713844299316406,56.566070556640625,24.147199630737305,67.19790649414062,66.41220092773438,41.66252899169922,40.76937103271485,74.68141174316406,99.9490966796875
2018-06-04,71.82,32.02,52.011505126953125,56.0772705078125,24.22628593444824,67.09970092773438,66.94469451904297,42.00651168823242,40.44457244873047,74.95914459228516,101.06548309326172
2018-06-05,72.3036,31.86,52.405460357666016,55.94397735595703,24.1208438873291,67.18004608154297,67.17826080322266,41.81354522705078,40.23346710205078,74.80682373046875,101.6565170288086
2018-06-06,72.58,31.95,53.37723159790039,56.21058654785156,24.560205459594727,67.7425537109375,67.6172866821289,41.863887786865234,39.275333404541016,75.64897918701172,102.60403442382812
2018-06-07,72.32,31.95,53.105838775634766,57.062278747558594,24.63927841186523,68.02828979492188,67.07548522949219,42.12396240234375,39.55139923095703,75.74750518798828,102.90422821044922
2018-06-08,72.55,32.06,53.254669189453125,56.951175689697266,24.6744327545166,68.2514877319336,66.96337890625,42.64410400390625,39.5351676940918,76.18647766113281,103.1199951171875
2018-06-11,72.511,32.05,53.33345031738281,57.247413635253906,24.62171173095703,68.38541412353516,67.03811645507812,42.99646759033203,39.4539680480957,76.3298110961914,103.53276824951172
2018-06-12,73.48,32.23,53.40348434448242,56.81046295166016,24.560205459594727,68.31398010253906,67.36506652832031,43.080360412597656,39.908668518066406,76.28504943847656,104.0299835205078
2018-06-13,73.4,31.51,52.82567596435547,56.59569549560547,24.472328186035156,67.76934814453125,67.01942443847656,42.94612884521485,39.80311965942383,76.30294036865234,104.1894760131836
2018-06-14,74.155,31.81,52.90447616577149,56.51424026489258,24.243860244750977,67.51041412353516,67.49586486816406,43.02164077758789,40.29841613769531,76.69715118408203,105.27771759033205
2018-06-15,74.245,31.49,52.53507232666016,55.3004150390625,24.24297142028809,67.34186553955078,67.23804473876953,43.574562072753906,40.58515548706055,76.84642028808594,105.45079803466795
2018-06-18,73.975,31.46,52.40314865112305,55.85215377807617,24.198854446411133,67.06394958496094,67.31305694580078,42.94047927856445,40.71623229980469,76.10906982421875,105.27207946777344
2018-06-19,73.84,31.5,51.444435119628906,55.72539138793945,24.137073516845703,65.64756774902344,66.96617889404297,43.16874313354492,41.11766815185547,76.306884765625,105.14038848876952
2018-06-20,73.8594,31.84,51.277320861816406,55.971431732177734,24.07529640197754,65.69239044189453,67.10681915283203,43.21101760864258,41.15043640136719,76.46875762939453,105.63890838623048
2018-06-21,72.715,32.03,50.73202133178711,54.9350700378418,24.004695892333984,64.86763000488281,66.59117889404297,43.29556655883789,41.28970718383789,76.02814483642578,104.88642120361328
2018-06-22,72.42,32.31,51.47081756591797,56.03108596801758,23.889965057373047,65.09174346923828,66.37554931640625,43.65065002441406,41.57643508911133,76.36983489990234,104.70773315429688
2018-06-25,71.4,32.23,50.670448303222656,54.90523910522461,23.634037017822266,64.26701354980469,64.99742126464844,43.870479583740234,42.26459884643555,75.66845703125,102.43144989013672
2018-06-26,72.3,32.4,50.86394119262695,55.59865951538086,23.554609298706055,64.50907897949219,65.25991821289062,43.684478759765625,42.31375503540039,75.43467712402344,103.16511535644533
2018-06-27,71.3201,32.31,50.705623626708984,56.344234466552734,23.26337623596191,63.98910903930664,64.3692855834961,43.59148406982422,42.518577575683594,74.79624938964844,101.82947540283205
2018-06-28,71.8599,32.63,50.89912033081055,56.269676208496094,23.46636009216309,64.07877349853516,65.15678405761719,43.59148406982422,42.5021858215332,74.8951416015625,102.62897491455078
2018-06-29,72.29,32.71,51.07503128051758,56.620094299316406,23.46636009216309,64.21321105957031,65.12867736816406,43.56611251831055,42.567718505859375,75.04798889160156,102.80770874023438
2018-07-02,72.76,32.52,50.80238342285156,55.7850341796875,23.581083297729492,64.35665130615234,65.70990753173828,43.31248092651367,42.8708381652832,75.28179931640625,102.94876861572266
2018-07-03,73.1799,32.71,50.714412689208984,56.1354866027832,23.36927795410156,64.15046691894531,64.93179321289062,43.4139289855957,42.99372100830078,75.4616470336914,102.43144989013672
2018-07-05,73.5956,33.14,51.15419387817383,56.07582092285156,23.42222595214844,64.4642562866211,65.85054016113281,44.01420974731445,43.22309875488281,76.24396514892578,102.93939208984376
2018-07-06,74.82,33.28,51.40926361083984,56.41879653930664,23.536954879760746,64.68834686279297,66.61930084228516,44.14946746826172,43.55899429321289,77.34100341796875,103.7483139038086
2018-07-09,74.927,32.97,51.866607666015625,57.261322021484375,24.07529640197754,65.88961791992188,67.12554168701172,43.98038101196289,42.21543502807617,77.90748596191406,104.98988342285156
2018-07-10,75.19,33.13,52.30638885498047,57.6862907409668,23.98704719543457,66.0958023071289,67.28494262695312,44.50456237792969,42.61687469482422,78.2042236328125,105.21562957763672
2018-07-11,74.55,33.03,51.42685317993164,56.463531494140625,23.872312545776367,65.0110855102539,67.02242279052734,44.360836029052734,43.001922607421875,77.58377075195312,104.97108459472656
2018-07-12,75.2569,33.11,51.54998397827149,56.56044387817383,23.916440963745117,65.7730941772461,68.08182525634766,44.30165481567383,43.03467559814453,78.44701385498047,105.66712188720705
2018-07-13,74.829,33.0,51.52360153198242,56.85868835449219,23.8105411529541,66.11371612548828,68.00682067871094,44.589107513427734,43.04288101196289,78.59088897705078,105.90226745605467
2018-07-16,74.04,32.82,51.11022186279297,56.20256423950195,24.234149932861328,65.84478759765625,67.84744262695312,44.377742767333984,43.001922607421875,78.11430358886719,106.16564178466795
2018-07-17,74.57,32.6,51.77866744995117,55.97890853881836,24.260631561279297,66.10476684570312,68.35370635986328,44.75819778442383,42.969139099121094,78.54593658447266,106.26911163330078
2018-07-18,73.8268,32.48,51.294921875,56.01618194580078,24.648941040039062,66.83087921142578,68.24116516113281,44.39464569091797,42.747947692871094,78.60887145996094,106.20326232910156
2018-07-19,73.6243,32.79,51.4796142578125,56.03108596801758,24.27828025817871,66.8039779663086,67.9974365234375,44.42001724243164,43.14118576049805,78.16826629638672,105.95870208740234
2018-07-20,72.7085,32.5,51.268524169921875,55.83723068237305,24.322404861450195,66.73228454589844,68.01620483398438,44.6905632019043,42.83806228637695,78.015380859375,105.48841094970705
2018-07-23,72.065,32.41,50.98707580566406,55.59119415283203,24.65776824951172,66.31991577148438,68.36305236816406,44.411563873291016,42.53495407104492,78.1772232055664,105.37554931640624
2018-07-24,71.6548,32.32,51.64673614501953,56.292049407958984,24.728368759155273,66.59781646728516,68.73806762695312,44.4961051940918,42.68240737915039,78.88761138916016,105.06511688232422
2018-07-25,71.74,32.64,52.05133056640625,56.761756896972656,24.78131866455078,67.61079406738281,69.60057067871094,44.83428192138672,42.8052978515625,79.89473724365234,105.83642578125
2018-07-26,72.486,32.75,52.350372314453125,57.38059997558594,24.77249526977539,68.13074493408203,68.53179931640625,45.071006774902344,43.26407623291016,79.6699447631836,105.28146362304688
2018-07-27,71.3286,32.45,52.156864166259766,57.13457107543945,24.825443267822266,68.13970184326172,67.35992431640625,45.13019943237305,43.12480163574219,79.09442901611328,105.00870513916016
2018-07-30,70.7612,32.42,52.060115814208984,57.604286193847656,24.84309196472168,67.46737670898438,66.3099136352539,45.07947540283203,42.862640380859375,79.13941192626953,104.17156219482422
2018-07-31,71.3624,33.05,52.53507232666016,57.49991226196289,24.666597366333008,68.95548248291016,66.48804473876953,45.29083633422851,43.24768829345703,79.9666748046875,104.6606674194336
2018-08-01,71.1799,33.27,51.99855041503906,56.702125549316406,24.666597366333008,68.02316284179688,67.0880355834961,44.91038131713867,42.969139099121094,79.98466491699219,104.1433563232422
2018-08-02,72.47,33.11,51.65552520751953,56.388973236083984,24.6754150390625,67.93350982666016,67.93180084228516,45.3669319152832,43.18214797973633,80.28141021728516,104.85821533203124
2018-08-03,72.37,33.54,52.148067474365234,56.09818649291992,24.81661796569824,67.99629974365234,68.17555236816406,45.89956283569336,43.665504455566406,80.75797271728516,105.21562957763672
2018-08-06,73.86,33.47,52.1304817199707,56.30695343017578,24.948999404907227,68.09489440917969,68.54120635986328,45.94182586669922,43.6982536315918,80.90184020996094,105.92108154296876
2018-08-07,74.0001,33.4,52.30638885498047,56.7244987487793,25.0637264251709,68.5789794921875,68.80369567871094,45.66283416748047,43.63272857666016,80.91085052490234,106.41020965576172
2018-08-08,72.95,33.19,52.08649826049805,56.31440734863281,25.12550163269043,68.27418518066406,68.99118041992188,45.31619644165039,43.403343200683594,81.03675842285156,106.52306365966795
2018-08-09,74.2099,33.25,52.36796188354492,55.79249954223633,24.97547721862793,67.89766693115234,69.01934051513672,45.18092346191406,43.59995651245117,80.94681549072266,106.9181137084961
2018-08-10,73.9203,32.93,51.61155319213867,56.1354866027832,24.68423843383789,67.29705810546875,68.4661865234375,45.011837005615234,43.41153717041016,80.59612274169922,106.02455139160156
2018-08-13,74.0823,32.92,51.092628479003906,55.41971969604492,24.44596290588379,66.97431945800781,68.3724365234375,45.011837005615234,43.46888732910156,80.62311553955078,105.48841094970705
2018-08-14,74.8099,33.05,51.52360153198242,55.55390548706055,24.6754150390625,67.44049072265625,68.79430389404297,45.32466125488281,43.55899429321289,81.00077056884766,106.51367950439452
2018-08-15,73.5868,33.34,50.705623626708984,53.6153678894043,24.481260299682617,67.11773681640625,68.17555236816406,45.51064682006836,43.960426330566406,80.86588287353516,105.21562957763672
2018-08-16,74.6,33.6,51.013465881347656,54.00308609008789,24.807798385620117,67.96940612792969,68.47555541992188,46.161651611328125,44.435585021972656,81.65718078613281,105.7329559326172
2018-08-17,74.98,33.92,51.39166259765625,54.137298583984375,24.860746383666992,68.38175964355469,68.57869720458984,46.516727447509766,44.66497421264648,81.90896606445312,105.82704162597656
2018-08-20,75.445,33.96,51.75227737426758,54.50263595581055,24.94017219543457,68.8389663696289,68.47555541992188,46.49137115478515,44.50931930541992,82.17872619628906,106.57949829101562
2018-08-21,76.0577,33.65,51.95457458496094,54.77849197387695,25.03725242614746,69.34992218017578,68.58806610107422,46.161651611328125,44.18981170654297,82.17872619628906,107.42605590820312
2018-08-22,75.6332,33.44,51.69071578979492,55.43463134765625,24.948999404907227,68.67757415771484,68.79430389404297,45.87418746948242,43.86211395263672,82.25968170166016,107.5389404296875
2018-08-23,75.9778,33.36,51.33888626098633,55.17365646362305,24.83427047729492,68.48036193847656,68.94432067871094,45.764286041259766,43.8293571472168,82.23268127441406,107.43547058105467
2018-08-24,76.63,33.59,52.00733947753906,55.57628631591797,24.92252540588379,68.7762222290039,69.63806915283203,45.70510482788086,44.017765045166016,82.62834930419922,108.06563568115234
2018-08-27,76.78,33.54,52.71977233886719,55.986351013183594,25.25788688659668,69.64575958251953,70.27558135986328,45.73046875,43.7474250793457,82.92508697509766,108.76168823242188
2018-08-28,76.99,33.95,52.517478942871094,55.747764587402344,25.23140525817871,69.50235748291016,70.3974609375,45.578277587890625,43.65731048583984,82.97003173828125,108.97804260253906
2018-08-29,77.14,33.9,52.91326904296875,56.09073638916016,25.222585678100582,69.55612182617188,71.03499603271484,45.629024505615234,43.976806640625,83.50956726074219,110.20082092285156
2018-08-30,76.85,33.72,52.288795471191406,55.93416595458984,25.028423309326172,69.07203674316406,70.8193588256836,45.48528671264648,43.993194580078125,83.4466323852539,109.57063293457033
2018-08-31,77.0363,33.85,52.1304817199707,55.50172424316406,25.001953125,69.11685943603516,70.8755874633789,45.46836471557617,43.804779052734375,83.42864990234375,110.00330352783205
2018-09-04,76.18,33.55,51.769874572753906,55.38242721557617,25.12550163269043,69.06306457519531,70.60370635986328,45.4091911315918,44.00138854980469,82.7632064819336,110.2102279663086
2018-09-05,75.5028,33.76,52.11289978027344,55.30786895751953,25.14315414428711,69.55612182617188,69.7224349975586,45.933380126953125,44.61582946777344,83.09591674804688,109.02508544921876
2018-09-06,75.13,33.87,52.21842575073242,54.28640365600586,25.028423309326172,69.77125549316406,69.21620178222656,46.06019592285156,44.86979293823242,83.09591674804688,108.72406005859376
2018-09-07,75.28,33.44,51.87540435791016,54.27896881103515,25.001953125,69.55612182617188,68.98180389404297,45.96719741821289,44.320892333984375,83.2218246459961,108.71468353271484
2018-09-10,75.72,33.62,51.93697738647461,54.2565803527832,24.97547721862793,69.9146957397461,69.19745635986328,46.12783432006836,44.54207992553711,83.00599670410156,109.1191177368164
2018-09-11,75.67,33.63,52.04253387451172,54.77104568481445,25.001953125,69.89676666259766,69.78807067871094,45.958736419677734,44.42738723754883,82.93408203125,109.99392700195312
2018-09-12,76.31,33.66,52.06891250610352,55.05434799194336,24.77249526977539,70.11192321777344,69.4974365234375,46.49137115478515,44.38642501831055,83.34770965576172,110.20082092285156
2018-09-13,76.425,33.87,52.271209716796875,55.07673645019531,24.737194061279297,70.53325653076172,70.3130874633789,46.423736572265625,44.722312927246094,84.38179779052734,110.38894653320312
2018-09-14,76.5,33.58,52.25362014770508,55.36750793457031,24.913698196411133,70.88286590576172,70.25682830810547,46.29691696166992,44.4847412109375,84.10304260253906,109.97508239746094
2018-09-17,76.2088,33.77,52.43832015991211,55.45698547363281,24.807798385620117,70.90977478027344,69.37555694580078,46.46600341796875,44.6322021484375,83.79729461669922,108.6112060546875
2018-09-18,76.4977,33.57,52.49109649658203,55.82231140136719,24.931346893310547,71.55522155761719,69.81620025634766,46.27156448364258,44.5502815246582,84.28287506103516,109.99392700195312
2018-09-19,75.849,33.25,53.06279373168945,55.99380111694336,25.35495948791504,71.49246215820312,69.63806915283203,46.1870231628418,43.58357238769531,84.16600036621094,110.04088592529295
2018-09-20,76.74,33.5,53.63450241088867,56.00872802734375,25.57559585571289,71.60005187988281,70.46307373046875,46.7703742980957,43.67368698120117,84.98426818847656,110.79341888427734
2018-09-21,76.31,33.15,53.51873016357422,56.37881851196289,25.476308822631836,72.06303405761719,70.18463134765625,46.84530258178711,43.85968780517578,85.0988998413086,110.30377197265624
2018-09-24,76.2193,32.5,52.76755905151367,57.2046012878418,25.192649841308594,70.82897186279297,70.53270721435547,46.13010025024414,43.47117233276367,85.27043151855469,109.58679962158205
2018-09-25,76.73,32.47,52.49361038208008,57.57246780395508,25.095142364501953,70.61275482177734,70.4480209350586,45.857643127441406,42.876014709472656,85.00863647460938,110.0490493774414
2018-09-26,75.95,32.11,51.972206115722656,57.01694107055664,24.79374885559082,70.56774139404297,70.18463134765625,45.90873336791992,42.45444869995117,85.1982192993164,110.30377197265624
2018-09-27,75.903,32.21,51.5214958190918,57.01694107055664,24.705108642578125,70.66681671142578,70.59852600097656,45.84913635253906,42.892547607421875,85.63152313232422,110.6811294555664
2018-09-28,76.23,32.61,51.19451904296875,56.859275817871094,24.448043823242188,70.62179565429688,70.86192321777344,45.917240142822266,43.520774841308594,85.8932876586914,110.58680725097656
2018-10-01,75.0,32.36,51.70707702636719,57.64753723144531,24.54554748535156,71.24331665039062,71.2005844116211,45.88318634033203,43.371978759765625,86.31759643554688,110.24716186523438
2018-10-02,75.22,32.26,51.92801284790039,57.70758438110352,24.54554748535156,71.40547180175781,71.20999145507812,46.14713287353515,43.9588623046875,86.21829223632812,108.7565689086914
2018-10-03,75.71,31.89,51.556846618652344,58.173038482666016,24.776031494140625,71.7027359008789,71.42633056640625,45.65330505371094,43.42984771728515,86.0557861328125,108.38863372802734
2018-10-04,75.1525,31.74,51.318241119384766,57.93281173706055,24.94444274902344,71.4685287475586,70.13758850097656,45.54262924194336,43.661285400390625,85.21625518798828,106.69049835205078
2018-10-05,73.88,31.75,50.9382438659668,57.92530822753906,24.820343017578125,71.09918975830078,69.25335693359375,45.50004577636719,44.330833435058594,85.11697387695312,105.88858795166016
2018-10-08,73.0035,32.16,50.9117317199707,57.8802604675293,24.988767623901367,71.27935791015625,68.47259521484375,46.13010025024414,44.70281600952149,85.08084869384766,106.16217803955078
2018-10-09,72.64,32.27,49.22380065917969,58.39826202392578,24.891260147094727,70.18038940429688,68.71714782714844,46.02793884277344,44.884666442871094,85.22529602050781,105.85084533691406
2018-10-10,70.19,31.76,47.93355941772461,56.566497802734375,24.120052337646484,67.91943359375,65.38713836669922,45.47450637817383,44.63668441772461,83.21224212646484,102.28475189208984
2018-10-11,68.82,30.83,47.376800537109375,54.65218734741211,23.402036666870117,66.12686920166016,64.559326171875,44.35062789916992,43.81834411621094,80.96446990966797,100.48284912109376
2018-10-12,69.62,30.81,47.509368896484375,54.80230712890625,23.428632736206055,66.5682373046875,66.62883758544922,44.59754180908203,43.76875686645508,82.21021270751953,102.34137725830078
2018-10-15,70.1914,31.0,47.35029220581055,54.3443717956543,23.32225799560547,66.69435119628906,65.53762817382812,44.869998931884766,43.97539520263672,81.64151000976562,102.10552978515624
2018-10-16,72.18,31.58,48.11029815673828,54.79481506347656,23.712289810180664,67.82032775878906,67.5130844116211,45.37234115600586,44.43003845214844,83.88025665283203,104.15274047851562
2018-10-17,72.49,31.49,47.80099105834961,54.449485778808594,23.95163345336914,67.32489013671875,67.2026596069336,45.5851936340332,44.34737014770508,84.32257843017578,103.29421997070312
2018-10-18,71.44,31.5,47.26191329956055,54.179222106933594,23.552736282348633,66.16287994384766,65.88567352294922,45.525596618652344,44.41350173950195,83.36572265625,101.31304168701172
2018-10-19,71.22,31.82,46.92611312866211,53.698768615722656,23.641376495361328,65.91966247558594,65.85749816894531,46.5643310546875,45.10784912109375,82.607421875,100.3224868774414
2018-10-22,71.4668,31.37,46.554931640625,53.10569381713867,23.136110305786133,65.69447326660156,66.40308380126953,46.215232849121094,44.81853866577149,81.93038177490234,100.72811889648438
2018-10-23,71.02,31.57,46.09540557861328,51.71687316894531,22.949954986572266,64.61354064941406,66.14909362792969,46.41958999633789,44.570556640625,81.48805236816406,100.74701690673828
2018-10-24,68.48,31.94,44.63723373413086,49.6749153137207,22.373767852783203,62.42460250854492,63.18592071533203,46.61540603637695,45.65341567993164,78.79795837402344,97.73751831054688
2018-10-25,69.81,32.32,45.2116584777832,50.28300857543945,22.7194766998291,62.865997314453125,65.3589096069336,46.72610092163086,44.94253158569336,79.81803131103516,100.6904067993164
2018-10-26,68.04,31.48,44.94654083251953,49.90764999389648,22.39149475097656,62.24444961547851,64.05136108398438,45.83209991455078,44.115928649902344,78.91531372070312,97.55827331542967
2018-10-29,67.3,32.0,44.84049987792969,48.97676467895508,22.586509704589844,61.20854949951172,62.96957015991211,46.35997772216797,44.73588180541992,79.11393737792969,96.69977569580078
2018-10-30,68.81,32.53,45.865623474121094,50.11033630371094,22.976545333862305,62.46965408325195,63.67509841918945,47.27952194213867,44.90946960449219,79.96247100830078,98.1526107788086
2018-10-31,70.12,32.09,46.49308395385742,50.41814041137695,23.295663833618164,62.94705581665039,65.18959045410156,46.8367805480957,44.38043212890625,80.0707778930664,99.41678619384766
2018-11-01,71.34,32.21,47.80099105834961,50.846046447753906,23.402036666870117,64.05502319335938,65.95152282714844,47.1688346862793,44.18204879760742,81.0818099975586,101.44512176513672
2018-11-02,72.5,31.94,47.68611145019531,50.718414306640625,23.38430976867676,63.94693374633789,64.66280364990234,46.921932220458984,43.93406677246094,80.57630920410156,101.86023712158205
2018-11-05,72.37,32.47,47.827491760253906,51.56672668457031,23.756614685058594,64.28022766113281,64.59695434570312,47.509403228759766,44.55402374267578,81.28945922851562,102.00176239013672
2018-11-06,72.65,32.65,48.61402130126953,51.80695724487305,23.88071632385254,64.9558334350586,65.00142669677734,47.79889297485352,44.85160446166992,81.70470428466797,102.45458984375
2018-11-07,73.15,33.01,49.488922119140625,52.65526580810547,24.19096946716309,66.0097427368164,66.9110336303711,48.071346282958984,45.36409759521485,84.10591888427734,105.22821044921876
2018-11-08,72.88,33.08,49.276817321777344,51.51418685913086,24.26188850402832,65.90166473388672,66.85460662841797,48.096893310546875,45.28971099853515,84.15106201171875,105.25650024414062
2018-11-09,72.45,33.12,48.5875129699707,51.424095153808594,24.04027557373047,65.23506164550781,65.69754028320312,48.37786102294922,45.35582733154297,83.90731048583984,103.79422760009766
2018-11-12,70.1061,33.19,47.87168884277344,50.35807418823242,23.56159782409668,63.94693374633789,63.38346862792969,48.12242889404297,45.331031799316406,82.7698974609375,101.70929718017578
2018-11-13,69.68,33.26,47.73030090332031,49.20196914672851,23.694564819335938,64.23519897460938,63.458736419677734,48.011741638183594,45.521141052246094,82.19217681884766,101.662109375
2018-11-14,69.22,33.25,47.67727279663086,49.11940002441406,23.37544631958008,64.01898956298828,62.69677734375,47.68819808959961,45.04999542236328,81.53317260742188,100.89793395996094
2018-11-15,70.45,32.99,48.33123779296875,49.840087890625,23.72115707397461,64.8657455444336,64.26770782470703,47.611576080322266,44.678016662597656,82.25536346435547,100.74701690673828
2018-11-16,70.74,33.46,48.81727600097656,50.43313980102539,23.74774932861328,64.84773254394531,64.16423797607422,47.73077774047851,45.36409759521485,83.08586120605469,100.35076141357422
2018-11-19,69.25,33.55,48.119144439697266,50.41814041137695,23.738889694213867,63.82082748413086,61.71845626831055,47.65415573120117,45.562477111816406,82.0296859741211,97.89788055419922
2018-11-20,67.75,33.11,47.24424743652344,48.76655197143555,23.21588706970215,62.4966926574707,60.39209747314453,46.86231994628906,45.37236022949219,81.26238250732422,95.68087005615234
2018-11-21,68.79,33.09,47.62424087524414,49.53229141235352,23.233612060546875,62.93806457519531,60.834205627441406,46.48770904541016,44.70281600952149,80.80199432373047,96.68087768554688
2018-11-23,68.94,32.97,47.11167907714844,47.978294372558594,23.04745864868164,62.81195831298828,60.27921295166016,46.64946365356445,44.72760772705078,80.91934967041016,96.2469253540039
2018-11-26,69.74,33.04,47.6507568359375,48.698997497558594,23.517274856567383,63.2713623046875,61.64320373535156,46.70907211303711,44.992130279541016,81.70470428466797,98.40736389160156
2018-11-27,69.51,33.22,47.0674934387207,48.563865661621094,23.535001754760746,63.16327667236328,61.7654914855957,47.12627029418945,45.331031799316406,82.55325317382812,98.69979095458984
2018-11-28,71.01,33.49,47.79216003417969,49.397159576416016,23.987091064453125,64.67657470703125,63.92906951904297,47.51792526245117,45.29796600341797,84.53922271728516,101.61493682861328
2018-11-29,70.53,33.53,48.136817932128906,49.719970703125,23.7832088470459,64.71259307861328,63.3082275390625,47.59455108642578,45.28144073486328,84.8190689086914,101.14324951171876
2018-11-30,70.72,33.85,48.26053237915039,49.62987518310547,23.907310485839844,65.3431625366211,63.9102668762207,47.90106201171875,45.950984954833984,86.54325866699219,101.87911987304688
2018-12-03,71.58,34.01,49.10892105102539,50.733436584472656,24.05800437927246,66.09982299804688,65.3212890625,47.94363021850586,46.41389083862305,86.12799072265625,103.7848129272461
2018-12-04,69.01,33.56,47.6507568359375,49.27705383300781,23.01200485229492,63.289363861083984,62.84727478027344,47.13479232788086,46.44695281982422,84.20521545410156,100.0488739013672
2018-12-06,69.3387,34.48,47.005645751953125,48.368682861328125,22.69288444519043,62.93806457519531,62.98838806152344,47.18585968017578,46.49655532836914,83.88927459716797,100.5300064086914
2018-12-07,67.57,33.96,45.87446594238281,48.09841537475586,22.25853157043457,61.280609130859375,60.768367767333984,46.58987808227539,46.670127868652344,81.74983978271484,97.52054595947266
2018-12-10,67.75,33.83,45.99818420410156,47.34770202636719,21.94827651977539,61.433746337890625,61.60557556152344,46.58987808227539,46.76105499267578,82.06580352783203,97.59598541259766
2018-12-11,67.78,33.89,45.847938537597656,47.36271286010742,21.735530853271484,61.073429107666016,61.68082046508789,46.97300720214844,46.95117950439453,82.31854248046875,97.63373565673828
2018-12-12,68.6,33.25,46.24562454223633,47.550392150878906,21.859628677368164,61.41573715209961,62.160587310791016,46.91341400146485,46.65359878540039,83.02266693115234,98.6620635986328
2018-12-13,67.53,33.48,45.70655059814453,47.70054244995117,21.700071334838867,61.24456787109375,62.26405334472656,47.20289611816406,47.05864334106445,83.10391235351562,98.17150115966795
2018-12-14,66.34,33.42,45.35306167602539,46.61199951171875,21.487329483032227,60.39784240722656,60.74013900756836,46.40255355834961,46.967716217041016,80.30548095703125,96.53939056396484
2018-12-17,64.52,32.17,44.57537078857422,45.763694763183594,21.27457618713379,59.40696716308594,59.451416015625,45.32977294921875,45.45502471923828,78.70767974853516,94.08650970458984
2018-12-18,64.2,32.49,44.82282257080078,44.68265914916992,21.194795608520508,59.70423126220703,59.9217414855957,44.793365478515625,45.1491813659668,78.02162170410156,94.82237243652344
2018-12-19,63.53,32.19,44.213043212890625,44.15715408325195,20.92886734008789,58.57823944091797,58.73647689819336,44.3591423034668,45.07478332519531,77.00157165527344,92.94498443603516
2018-12-20,62.16,31.8,43.62093734741211,42.93348693847656,20.74271774291992,57.50631332397461,57.68291091918945,43.56731033325195,45.04999542236328,75.91828155517578,90.86004638671876
2018-12-21,60.21,30.95,43.22867965698242,42.516727447509766,20.32794952392578,56.42049789428711,55.930362701416016,43.115379333496094,44.857425689697266,74.97520446777344,88.801025390625
2018-12-24,58.72,29.81,42.107940673828125,40.79665756225586,19.899808883666992,54.68936920166016,54.437625885009766,41.869503021240234,42.98175811767578,73.17971801757812,87.11517333984375
2018-12-26,61.52,30.76,43.9936408996582,43.335086822509766,20.800691604614254,57.23622131347656,57.72542572021485,43.038047790527344,43.56529235839844,76.37169647216797,92.27693176269533
2018-12-27,61.83,30.83,44.803070068359375,43.562408447265625,21.050445556640625,57.95222473144531,58.1411247253418,43.45046615600586,43.932098388671875,77.21504211425781,92.7694091796875
2018-12-28,62.3,30.94,44.562896728515625,43.22900390625,21.041522979736328,57.79816055297851,58.00885009765625,43.45046615600586,44.04046630859375,77.30572509765625,92.77886199951172
2018-12-31,62.76,31.0,44.93648910522461,43.45632553100586,21.246679306030273,58.37822341918945,58.55681610107422,43.63090133666992,44.11549377441406,78.44830322265625,93.77336120605467
2019-01-02,63.4356,30.29,45.16775131225586,44.31258010864258,21.425071716308594,58.67731475830078,58.5946159362793,43.37313461303711,43.35688781738281,77.26036834716797,94.4836883544922
2019-01-03,62.28,30.43,43.886905670166016,43.873085021972656,20.943405151367188,56.89180374145508,55.637489318847656,43.12396240234375,43.34856033325195,75.69159698486328,92.43792724609376
2019-01-04,64.74,30.74,45.61248397827149,45.365821838378906,21.639141082763672,59.048919677734375,58.10332489013672,44.04332733154297,43.990447998046875,77.94956970214844,95.4970932006836
2019-01-07,65.74,31.0,45.7725944519043,46.04021072387695,21.665904998779297,59.529293060302734,58.62295913696289,43.98317337036133,43.69033432006836,78.24880981445312,97.65648651123048
2019-01-08,66.91,31.54,46.252925872802734,46.3963508605957,21.68374252319336,60.345008850097656,59.11423110961914,44.386993408203125,44.232208251953125,78.85638427734375,98.73619842529295
2019-01-09,66.84,31.41,46.270713806152344,47.13135528564453,21.790781021118164,60.75286865234375,59.8795051574707,43.97459030151367,43.9654426574707,79.21002960205078,99.23819732666016
2019-01-10,67.29,31.91,46.67986297607422,47.26775360107422,21.799699783325195,61.577640533447266,60.1440315246582,44.23235321044922,44.5406494140625,79.36419677734375,98.95404815673828
2019-01-11,67.8,31.97,46.493072509765625,46.98739242553711,21.85321807861328,61.514217376708984,60.030670166015625,44.36124420166016,44.373924255371094,79.6271743774414,99.04875183105467
2019-01-14,66.92,31.87,46.13728332519531,46.87372970581055,22.004852294921875,61.5051383972168,59.47325897216797,44.14643096923828,43.37356948852539,78.74755096435547,98.44261169433594
2019-01-15,67.45,32.23,45.83485412597656,47.040435791015625,22.201080322265625,61.3148078918457,60.37078094482422,44.58463668823242,43.90708541870117,80.16218566894531,99.33287048339844
2019-01-16,67.24,32.38,46.01274871826172,46.97980880737305,22.67382049560547,61.37823867797851,60.427459716796875,44.344051361083984,44.06547546386719,80.01708221435547,99.1055908203125
2019-01-17,67.42,32.54,46.82218170166016,47.411720275878906,22.7987003326416,62.42961120605469,60.81483840942383,44.5330810546875,44.24888229370117,80.72439575195312,99.77802276611328
2019-01-18,67.93,32.66,47.59602737426758,48.37405776977539,23.1911678314209,63.61697006225586,61.74068069458008,45.0657958984375,44.29888153076172,81.68563842773438,101.16079711914062
2019-01-22,66.43,32.6,46.93781661987305,47.32079315185547,22.9235782623291,62.302730560302734,60.701454162597656,44.65336227416992,44.38226318359375,81.1234130859375,99.64542388916016
2019-01-23,66.79,32.62,46.61760330200195,46.83583450317383,22.950336456298828,62.39337921142578,60.90928649902344,45.18608093261719,44.83241271972656,81.21408081054688,99.84432220458984
2019-01-24,67.3262,32.75,46.3685417175293,47.08589172363281,23.00385475158691,62.71059036254883,61.41946792602539,44.62758255004883,45.065826416015625,80.53398132324219,100.26105499267578
2019-01-25,67.87,33.13,47.24913024902344,47.684513092041016,23.1911678314209,63.50818634033203,62.28866195678711,44.44715118408203,44.44894027709961,80.63372039794922,101.3691635131836
2019-01-28,67.44,33.46,47.177974700927734,47.20713806152344,23.119810104370117,62.900936126708984,61.45726776123047,44.63618850708008,44.24054336547851,79.71784210205078,100.781982421875
2019-01-29,66.83,33.72,47.66719055175781,47.351104736328125,23.039535522460938,63.77103805541992,60.795921325683594,44.73928451538086,44.36558151245117,80.10777282714844,100.12847137451172
2019-01-30,67.2,34.0,48.174190521240234,48.01791763305664,23.17332649230957,64.76801300048828,62.68547821044922,45.04001235961914,44.707366943359375,81.20502471923828,102.09844207763672
2019-01-31,68.44,34.33,47.453704833984375,48.32858657836914,23.137651443481445,65.04898071289062,62.61933517456055,45.87343978881836,45.64936447143555,82.22066497802734,103.026611328125
2019-02-01,68.8998,34.12,47.59602737426758,49.169681549072266,23.235763549804688,65.148681640625,62.98780059814453,45.72738265991211,45.47429656982422,82.29318237304688,101.52072143554688
2019-02-04,68.91,34.32,47.51597595214844,49.28334426879883,23.333887100219727,65.9915771484375,63.99869155883789,46.01951217651367,45.549339294433594,82.05741882324219,102.1836929321289
2019-02-05,68.53,34.55,47.86288070678711,49.35910415649414,23.27144432067871,66.5625991821289,64.53720092773438,46.02811050415039,45.64102554321289,81.9395523071289,103.1402816772461
2019-02-06,68.8311,34.28,47.578243255615234,48.99540328979492,23.24468231201172,66.58071899414062,64.75450134277344,46.03670883178711,45.61602020263672,82.31133270263672,102.7140655517578
2019-02-07,67.8168,34.57,46.92002487182617,47.911827087402344,23.01277732849121,66.12753295898438,63.866424560546875,46.00233459472656,46.21622848510742,81.4045181274414,101.87113189697266
2019-02-08,68.77,34.57,46.87555313110352,47.69209671020508,22.896820068359375,66.22723388671875,64.23490142822266,46.217140197753906,46.41630172729492,81.55866241455078,101.4638900756836
2019-02-11,69.52,34.67,46.94671249389648,47.919410705566406,22.968175888061523,66.58071899414062,64.20653533935547,46.33741760253906,46.399635314941406,81.45892333984375,101.64385223388672
2019-02-12,69.97,34.43,47.99629592895508,48.52558898925781,23.3071231842041,67.61396026611328,65.05681610107422,46.698299407958984,46.50800323486328,82.57431030273438,103.20658111572266
2019-02-13,70.38,34.66,48.058555603027344,49.13179397583008,23.36956024169922,68.01277160644531,65.1418685913086,46.78420639038086,46.3746223449707,82.75567626953125,103.90743255615234
2019-02-14,70.53,34.79,47.80950927734375,49.30607223510742,23.084129333496097,67.69554901123047,65.25524139404297,46.26008987426758,46.299598693847656,82.94612884521484,103.52857971191406
2019-02-15,72.12,35.0,48.45882034301758,50.10171127319336,23.574716567993164,68.60187530517578,65.77486419677734,46.698299407958984,46.44129943847656,84.1974868774414,104.23892211914062
2019-02-19,72.87,35.04,48.7612419128418,50.25325393676758,23.610389709472656,68.57469940185547,65.79375457763672,46.93888092041016,46.71641159057617,83.99801635742188,104.66510009765624
2019-02-20,73.24,34.82,49.59735107421875,50.46541595458984,23.762025833129883,68.90097045898438,65.86935424804688,46.85295867919922,46.92481994628906,83.89825439453125,104.87348175048828
2019-02-21,72.428,34.88,49.401668548583984,49.6849479675293,23.637149810791016,68.6200180053711,65.89768981933594,46.99043273925781,47.266605377197266,83.16374206542969,104.66510009765624
2019-02-22,73.37,35.08,49.615142822265625,49.82891082763672,23.601469039916992,69.07318115234375,66.7385025024414,46.76703643798828,47.5583610534668,83.92544555664062,105.2333984375
2019-02-25,73.0834,34.79,49.93536376953125,49.91226577758789,23.699586868286133,69.34508514404297,67.05976104736328,46.50927734375,47.24991226196289,84.04334259033203,104.88296508789062
2019-02-26,72.49,34.72,49.650726318359375,49.753135681152344,23.628231048583984,69.1547622680664,67.20145416259766,46.53504180908203,47.19157028198242,83.74411010742188,105.02500915527344
2019-02-27,73.0236,34.61,49.570674896240234,49.94258117675781,23.717432022094727,69.42666625976562,67.13533020019531,46.46631622314453,47.24991226196289,83.3541488647461,104.94924926757812
2019-02-28,72.2396,34.71,48.9658203125,49.442474365234375,23.65499687194824,69.1910400390625,66.94637298583984,46.68970489501953,47.525020599365234,83.10932159423828,104.38099670410156
2019-03-01,72.4603,34.67,48.903568267822266,50.35174560546875,23.806625366210938,69.25446319580078,67.39986419677734,46.603790283203125,47.625057220458984,84.28816986083984,105.22391510009766
2019-03-04,72.06,34.81,49.12593078613281,50.44267654418945,23.65499687194824,68.94628143310547,67.14478302001953,46.52645492553711,47.70840835571289,83.14559173583984,104.89241027832033
2019-03-05,71.2231,34.91,48.89466857910156,50.27598190307617,23.565793991088867,68.50218200683594,66.94637298583984,46.492088317871094,47.65007781982422,83.10026550292969,105.15760040283205
2019-03-06,70.2255,34.82,49.00139999389648,49.63947296142578,23.414161682128903,67.8586654663086,66.59680938720703,46.42333984375,47.65007781982422,81.8851318359375,104.66510009765624
2019-03-07,69.6954,34.79,48.601131439208984,49.34395980834961,23.17332649230957,67.45082092285156,65.96380615234375,46.12262725830078,47.80845642089844,81.24128723144531,103.39598083496094
2019-03-08,69.458,34.82,48.681190490722656,48.41951370239258,23.164409637451172,67.31488037109375,65.95437622070312,46.148406982421875,47.97517776489258,81.06900024414062,102.6761703491211
2019-03-11,70.91,35.36,49.3749885559082,49.1772575378418,23.40523910522461,67.8858871459961,67.37152099609375,46.74985122680664,48.31695938110352,81.99394226074219,104.08737182617188
2019-03-12,70.81,35.55,49.561771392822266,49.49550247192383,23.458759307861328,67.32392120361328,67.76831817626953,46.76703643798828,48.65041732788086,82.59244537353516,104.38099670410156
2019-03-13,71.29,35.72,49.80193710327149,49.99561309814453,23.61931037902832,67.9130630493164,68.2123794555664,47.033390045166016,48.700439453125,83.48111724853516,104.75035095214844
2019-03-14,70.9,35.81,49.42835235595703,50.04866027832031,23.70850944519043,67.68647003173828,68.35408020019531,46.99043273925781,48.692100524902344,83.34508514404297,104.43780517578124
2019-03-15,71.4029,35.46,49.489994049072266,50.0287971496582,23.874361038208008,67.44764709472656,69.1815185546875,47.25651931762695,48.86845397949219,83.72828674316406,105.1078109741211
2019-03-18,71.37,35.28,49.60612869262695,50.7237548828125,24.116426467895508,68.10397338867188,69.47535705566406,47.32562255859375,48.6837043762207,83.6008529663086,106.12467193603516
2019-03-19,70.6974,35.18,49.54359817504883,50.5862922668457,23.928157806396484,67.85784149169922,69.61752319335938,47.291072845458984,48.12943649291992,84.26528930664062,106.6568603515625
2019-03-20,70.21,35.34,49.498931884765625,51.02922439575195,23.43507194519043,67.39293670654297,69.4279556274414,47.09236145019531,48.255393981933594,83.68277740478516,106.80889892578124
2019-03-21,71.5481,35.97,50.02599334716797,51.388160705566406,23.363346099853516,68.04015350341797,71.17195129394531,47.645286560058594,48.7676887512207,84.01046752929688,108.2724380493164
2019-03-22,69.79,35.8,48.53413009643555,49.99824523925781,22.717849731445312,66.49959564208984,69.49432373046875,47.58480072021485,49.12040328979492,82.48133850097656,106.12467193603516
2019-03-25,69.8419,35.83,48.4448127746582,50.02116012573242,22.619234085083008,66.65457153320312,69.19100189208984,47.67984771728515,49.16239547729492,82.4358139038086,106.75188446044922
2019-03-26,70.5775,36.05,48.73960494995117,50.73902130126953,22.88819122314453,67.10124969482422,69.57015228271484,48.08587265014648,49.515113830566406,83.00011444091797,107.20806121826172
2019-03-27,70.1797,35.93,48.67707061767578,50.38009262084961,22.789569854736328,67.17414855957031,69.17207336425781,47.9217414855957,49.17081069946289,82.30838775634766,106.9894561767578
2019-03-28,70.4019,36.23,49.150535583496094,50.571014404296875,22.986804962158203,67.66643524169922,69.4563980102539,48.154998779296875,48.59132766723633,82.51773071289062,107.63570404052734
2019-03-29,70.7079,36.22,49.579322814941406,50.494659423828125,23.049564361572266,68.39568328857422,70.13883209228516,48.47465133666992,48.851654052734375,83.50981903076172,108.19640350341795
2019-04-01,71.8353,36.11,50.3207893371582,51.159053802490234,23.6143741607666,69.8086166381836,71.09613800048828,48.31050109863281,48.5157470703125,83.63726043701172,109.38433074951172
2019-04-02,71.9352,36.42,50.490516662597656,50.807762145996094,23.59644317626953,69.78126525878906,71.34255981445312,47.91309356689453,48.58292388916016,83.44612884521484,109.3653335571289
2019-04-03,72.6136,36.38,51.15156173706055,50.31900405883789,23.668167114257812,69.57159423828125,71.92072296142578,47.67984771728515,48.50734329223633,83.33689880371094,110.13510131835938
2019-04-04,72.9939,36.27,51.669700622558594,50.73902130126953,23.81161117553711,70.00005340576172,71.61741638183594,47.86125946044922,48.339378356933594,83.16398620605469,111.02843475341795
2019-04-05,73.346,36.55,51.651817321777344,51.63253402709961,23.847471237182617,70.20060729980469,71.95864868164062,48.02540588378906,48.79288101196289,83.73736572265625,111.68414306640624
2019-04-08,73.3411,36.37,51.669700622558594,51.86163711547851,23.874361038208008,69.89977264404297,72.2335205078125,48.22410583496094,48.44855880737305,83.71917724609375,112.08331298828124
2019-04-09,72.9198,36.26,51.29449844360352,51.22777557373047,23.677133560180664,68.95173645019531,71.89228820800781,48.16363525390625,48.566123962402344,83.50071716308594,111.07593536376952
2019-04-10,74.13,36.55,51.267704010009766,51.41870880126953,23.748851776123047,68.93350982666016,72.39464569091797,48.30186080932617,48.41497039794922,83.52804565429688,111.6081314086914
2019-04-11,74.0845,36.5,51.240909576416016,51.45689392089844,23.892295837402344,69.52604675292969,72.29985809326172,48.39689636230469,48.65851593017578,82.4995346069336,111.7506866455078
2019-04-12,74.6563,36.7,51.91982650756836,51.59434127807617,24.331592559814453,70.44671630859375,72.80220794677734,48.55240249633789,48.885250091552734,81.74405670166016,112.44442749023438
2019-04-15,74.32,36.48,51.67863845825195,51.28887939453125,24.17918586730957,70.05474853515625,72.77375793457031,48.837493896484375,48.87686920166016,82.07173156738281,112.67252349853516
2019-04-16,74.7961,35.62,51.91090774536133,51.62489318847656,24.51985740661621,70.48319244384766,73.14342498779297,48.84614181518555,48.27219009399414,80.38790130615234,113.16668701171876
2019-04-17,74.0487,35.25,51.58930206298828,51.55617141723633,24.582618713378903,70.5743408203125,73.55097961425781,49.088035583496094,48.087440490722656,78.07600402832031,113.3852767944336
2019-04-18,74.1,35.53,51.651817321777344,51.3117790222168,24.51089859008789,71.38566589355469,73.75950622558594,49.13123321533203,48.112640380859375,78.20343780517578,113.34727478027344
2019-04-22,74.4572,35.14,51.303443908691406,52.396217346191406,24.43917655944824,71.16688537597656,73.93013000488281,49.14849853515625,48.07065200805664,78.24895477294922,112.91961669921876
2019-04-23,74.7669,35.54,51.53569030761719,52.31220245361328,24.59158515930176,71.78673553466797,74.73576354980469,48.99299621582031,48.20500564575195,79.48680114746094,114.2690658569336
2019-04-24,74.47,35.79,51.2140998840332,51.39580154418945,24.56468963623047,71.57707214355469,74.76420593261719,49.096675872802734,48.5157470703125,79.39579010009766,114.37362670898438
2019-04-25,72.9797,35.75,50.56197738647461,51.23541259765625,24.609519958496097,70.13678741455078,74.74524688720703,48.7856559753418,48.71728515625,80.2149429321289,113.77490234375
2019-04-26,73.02,35.99,50.981842041015625,50.571014404296875,24.833646774291992,70.66551208496094,74.46089172363281,49.22624969482422,48.79288101196289,81.01592254638672,114.6777572631836
2019-04-29,73.32,35.62,50.88357925415039,50.525203704833984,25.084671020507812,70.82958221435547,74.47986602783203,49.28672409057617,48.50734329223633,80.87030029296875,114.2785873413086
2019-04-30,73.1999,36.03,51.3213005065918,50.48699569702149,25.120532989501953,71.11219024658203,74.60305786132812,49.85691452026367,49.30514907836914,81.24346923828125,114.10755157470705
2019-05-01,72.514,36.03,50.39225006103515,49.478946685791016,24.91433334350586,70.64726257324219,74.41352081298828,49.24353790283203,48.80127716064453,81.09783935546875,112.72003173828124
2019-05-02,72.2138,36.1,50.13318634033203,48.615989685058594,24.941225051879883,70.61078643798828,74.02488708496094,49.22624969482422,48.692100524902344,81.4437026977539,112.80555725097656
2019-05-03,73.34,36.35,50.62450408935547,49.06656265258789,25.165355682373047,71.46770477294922,74.7262954711914,49.59774398803711,48.960838317871094,82.06265258789062,114.13603973388672
2019-05-06,72.5632,36.2,49.900917053222656,49.11237716674805,24.995014190673828,70.78401184082031,74.14811706542969,49.51998519897461,48.692100524902344,82.48133850097656,113.44230651855467
2019-05-07,71.41,35.58,49.02546691894531,48.68472671508789,24.582618713378903,69.35282897949219,72.55577850341797,49.02755355834961,48.54093170166016,80.8975830078125,111.72216033935548
2019-05-08,71.6,35.58,48.980804443359375,48.68472671508789,24.528827667236328,69.35282897949219,72.47046661376953,49.018917083740234,47.87748336791992,81.07051086425781,111.76020050048828
2019-05-09,70.33,35.7,48.5966796875,48.68472671508789,24.475038528442383,69.2525634765625,71.97762298583984,48.915245056152344,47.81869888305664,80.8975830078125,111.30401611328124
2019-05-10,70.26,36.11,49.25773239135742,48.913822174072266,24.63640594482422,69.52604675292969,72.20508575439453,49.5113525390625,48.67530822753906,80.9249038696289,111.46559143066406
2019-05-13,67.9143,36.11,48.1500129699707,48.07378005981445,23.91919708251953,67.54790496826172,69.48484802246094,49.044830322265625,49.195987701416016,79.40489959716797,108.1489028930664
2019-05-14,68.7345,36.24,48.56093215942383,48.661808013916016,24.10746383666992,68.24981689453125,70.60326385498047,49.27809143066406,48.86845397949219,79.80538177490234,109.24177551269533
2019-05-15,69.04,36.48,48.43587875366211,48.913822174072266,24.017810821533203,68.34097290039062,71.37100982666016,49.6668586730957,48.784481048583984,80.0420150756836,109.98304748535156
2019-05-16,68.92,36.69,49.11479568481445,49.18111038208008,24.259870529174805,68.96996307373047,72.02499389648438,50.05562210083008,49.11201477050781,80.67005157470703,110.99993133544922
2019-05-17,68.0893,36.64,48.81999969482422,48.68472671508789,24.09849548339844,68.20425415039062,71.44681549072266,49.891475677490234,49.36394882202149,80.49712371826172,110.15411376953124
2019-05-20,67.95,36.05,48.12321090698242,48.7076301574707,24.12539291381836,68.03105163574219,70.2051773071289,49.77052688598633,49.43113708496094,80.460693359375,109.37483215332033
2019-05-21,68.86,36.35,48.86467361450195,49.27275466918945,24.376420974731445,68.83324432373047,71.06770324707031,49.6668586730957,49.52350616455078,81.21614837646484,110.13510131835938
2019-05-22,68.2366,36.52,48.52521133422851,48.50907516479492,24.23297691345215,68.26805877685547,70.69805145263672,49.891475677490234,49.893028259277344,81.68035888671875,109.00421905517578
2019-05-23,66.86,36.7,47.78375244140625,46.88242721557617,23.892295837402344,67.2288589477539,69.4563980102539,49.87420272827149,50.321319580078125,81.39820098876953,107.65471649169922
2019-05-24,67.62,36.75,48.05173873901367,47.05807876586914,24.080564498901367,67.25619506835938,69.47535705566406,49.692771911621094,50.24574661254883,81.51652526855469,107.79725646972656
2019-05-28,66.79,36.37,47.56935119628906,46.56932067871094,23.802642822265625,66.6363296508789,69.27629089355469,48.88069152832031,49.4227294921875,80.35147857666016,107.08451080322266
2019-05-29,66.53,35.95,47.57828521728515,46.271488189697266,23.757816314697266,66.33552551269531,68.86876678466797,48.52648162841797,48.7676887512207,79.57780456542969,106.13417053222656
2019-05-30,66.899,36.17,47.658687591552734,45.68345260620117,23.677133560180664,66.59076690673828,69.29525756835938,48.73382568359375,48.692100524902344,80.01471710205078,106.82791900634766
2019-05-31,65.2452,36.47,47.12269592285156,44.881591796875,23.318523406982425,65.67916107177734,68.13892364501953,48.042694091796875,48.91884231567383,79.44127655029297,105.43090057373048
2019-06-03,65.28,36.61,48.60560607910156,45.454349517822266,23.47092628479004,66.12584686279297,66.94466400146484,48.647430419921875,49.40593719482422,79.63243103027344,104.54708862304688
2019-06-04,66.76,36.41,49.972389221191406,46.24094009399414,24.10746383666992,67.7029037475586,69.1815185546875,49.088035583496094,49.44792175292969,80.95219421386719,107.37911224365234
2019-06-05,67.06,37.24,50.33864212036133,45.729270935058594,24.259870529174805,68.3592300415039,70.08197021484375,49.64958190917969,50.50608825683594,81.5620346069336,107.91131591796876
2019-06-06,67.68,37.31,50.93717956542969,46.57695770263672,24.349517822265625,68.47771453857422,70.89708709716797,50.167930603027344,50.81682586669922,81.98072814941406,108.4625015258789
2019-06-07,68.0394,37.43,51.392765045166016,46.79079055786133,24.313661575317383,69.0246810913086,72.21455383300781,50.65172576904297,50.43889617919922,82.8363037109375,110.0305633544922
2019-06-10,68.1942,37.3,51.48210525512695,46.928245544433594,24.51985740661621,69.1158218383789,72.953857421875,50.66901779174805,50.0945930480957,83.08203887939453,110.96189880371094
2019-06-11,68.0935,37.37,51.44637298583984,47.0198860168457,24.528827667236328,68.5233154296875,72.953857421875,50.83314895629883,49.792240142822266,82.94551086425781,111.38955688476562
2019-06-12,67.7665,37.51,51.61609649658203,46.3554801940918,24.286766052246097,68.66913604736328,72.54630279541016,50.9109001159668,50.43889617919922,83.34602355957031,111.36106872558594
2019-06-13,68.1502,37.56,51.91982650756836,46.897705078125,24.36745834350586,69.01554870605469,72.76429748535156,51.02321243286133,50.539676666259766,83.24589538574219,112.3589096069336
2019-06-14,67.4462,37.72,51.69649124145508,46.592227935791016,24.421239852905273,68.7420883178711,72.12925720214844,51.04913330078125,51.06875991821289,83.05474090576172,112.6060028076172
2019-06-17,67.5082,38.13,51.22303771972656,46.981712341308594,24.197107315063477,68.50505828857422,72.1861343383789,50.90225601196289,50.925994873046875,83.42793273925781,112.65349578857422
2019-06-18,68.8483,38.02,51.625030517578125,47.63083267211914,24.51985740661621,69.83596801757812,73.494140625,50.62581634521485,50.716041564941406,84.13786315917969,113.5088119506836
2019-06-19,68.9164,38.27,51.33917236328125,47.57738494873047,24.475038528442383,69.78126525878906,73.75950622558594,50.83314895629883,51.10234832763672,84.89334106445312,113.71790313720705
2019-06-20,69.2074,38.5,51.99129486083984,48.63125991821289,24.582618713378903,70.9480972290039,74.84003448486328,51.28238677978515,51.42988204956055,85.2665023803711,114.50667572021484
2019-06-21,68.25,37.77,51.8259391784668,48.98268127441406,24.527650833129883,70.56998443603516,74.48619079589844,51.116119384765625,51.628807067871094,85.676025390625,113.97647094726562
2019-06-24,67.57,37.58,52.023643493652344,48.54340362548828,24.428529739379883,70.4326400756836,74.62886047363281,51.24671173095703,51.64573287963867,85.22811889648438,113.36612701416016
2019-06-25,66.5095,37.07,52.05061340332031,48.1580810546875,24.34743309020996,69.9016342163086,73.2591781616211,51.220584869384766,51.33253479003906,84.88076782226562,112.27902221679688
2019-06-26,66.2888,36.35,51.96074295043945,48.89791488647461,24.30238151550293,70.07560729980469,74.04866027832031,50.48935317993164,50.215126037597656,83.8113021850586,112.64141082763672
2019-06-27,67.13,36.65,52.13148498535156,48.535701751708984,24.518640518188477,70.13968658447266,74.23889923095703,50.58512115478515,50.28285217285156,84.39631652832031,113.34708404541016
2019-06-28,67.69,36.77,52.571834564208984,49.09827423095703,24.87006568908691,70.8812484741211,74.22937774658203,50.550289154052734,50.47755432128906,84.67967224121094,113.67131042480467
2019-07-01,68.4631,36.7,52.97623062133789,49.1445198059082,25.16742515563965,70.94535064697266,75.40882873535156,50.8549690246582,50.35057830810547,85.10015106201172,114.67259216308594
2019-07-02,68.7031,37.38,52.922306060791016,48.35845184326172,25.10434913635254,70.85380554199219,75.60856628417969,51.29892349243164,51.03624725341797,85.55718231201172,114.9205551147461
2019-07-03,69.299,37.92,53.19190979003906,48.55111312866211,25.302587509155273,71.24746704101562,76.18877410888672,51.93440628051758,51.39178466796875,86.28843688964844,115.92184448242188
2019-07-05,69.54,37.71,52.949275970458984,48.62046813964844,25.374679565429688,70.96366119384766,76.04609680175781,51.708065032958984,51.36639022827149,85.69429779052734,116.05533599853516
2019-07-08,68.6386,37.85,52.33817672729492,48.68983459472656,25.248523712158203,70.3777084350586,75.46588897705078,51.7777099609375,51.44257736206055,85.05441284179688,116.19837951660156
2019-07-09,69.89,38.05,51.8259391784668,48.728363037109375,25.293577194213867,70.2220687866211,75.73223114013672,51.4730339050293,51.51029586791992,85.13670349121094,116.32238006591795
2019-07-10,70.16,38.26,51.71810150146485,49.35258483886719,25.203468322753903,70.0572738647461,76.33145904541016,51.80381774902344,51.628807067871094,85.42919921875,116.7419662475586
2019-07-11,70.1261,37.77,51.94276809692383,49.45277786254883,25.347640991210938,70.53337860107422,76.6168212890625,51.93440628051758,51.64573287963867,85.44747924804688,116.98036193847656
2019-07-12,70.75,37.62,52.45500183105469,49.660850524902344,25.51885223388672,71.76934051513672,77.17801666259766,52.082393646240234,51.3071403503418,84.49687194824219,118.32498168945312
2019-07-15,70.5974,37.67,52.49094009399414,49.213871002197266,25.374679565429688,71.47637176513672,77.43482208251953,52.20426559448242,51.51029586791992,84.67967224121094,118.70641326904295
2019-07-16,70.8255,37.61,52.61676406860352,48.68983459472656,25.311603546142575,71.93412780761719,76.7119369506836,52.22167205810547,51.214012145996094,84.25920867919922,118.5538330078125
2019-07-17,70.7483,37.42,52.14945983886719,48.13496398925781,25.09534072875977,70.3960189819336,76.51220703125,52.16072463989258,51.40871810913086,84.27747344970703,117.41901397705078
2019-07-18,70.4363,37.41,52.374122619628906,48.142669677734375,25.284564971923828,70.52421569824219,77.08290100097656,52.50893020629883,51.85735702514648,84.7528076171875,117.26644897460938
2019-07-19,70.15,36.8,52.49094009399414,48.36616134643555,25.176441192626953,70.90872192382812,76.74998474121094,52.17813873291016,51.103965759277344,83.87528991699219,116.49401092529295
2019-07-22,69.8472,36.76,52.35614776611328,48.58964157104492,25.23050117492676,70.96366119384766,77.63458251953125,51.87346649169922,50.993927001953125,83.70161437988281,116.56077575683594
2019-07-23,70.6173,37.12,53.434539794921875,48.720664978027344,25.49181747436523,71.86091613769531,78.06260681152344,52.24778747558594,50.672245025634766,84.22264099121094,117.3522720336914
2019-07-24,71.5065,37.09,53.39860153198242,48.92873764038086,25.753135681152344,72.17218017578125,78.70938873291016,51.89958190917969,50.714576721191406,84.26832580566406,117.9435043334961
2019-07-25,71.1721,36.93,53.012184143066406,48.37385559082031,25.57291603088379,72.02567291259766,78.38600158691406,51.96923065185547,50.58760070800781,83.85700225830078,117.2855224609375
2019-07-26,72.3988,37.05,53.07508850097656,48.127254486083984,25.85225486755371,71.87005615234375,78.55720520019531,52.55246353149414,50.773826599121094,84.15862274169922,117.81954956054688
2019-07-29,72.2485,37.19,52.89535903930664,47.93458938598633,25.654014587402344,71.74186706542969,78.5096435546875,52.6482048034668,51.03624725341797,84.5059814453125,117.24737548828124
2019-07-30,71.8741,37.56,53.24583435058594,48.47404861450195,25.58192443847656,72.05316162109375,78.00553894042969,52.804901123046875,50.646854400634766,84.14037322998047,116.45587921142578
2019-07-31,71.1583,37.41,52.42805480957031,48.31991958618164,25.455774307250977,71.24746704101562,76.82606506347656,51.73418045043945,50.40982437133789,83.30857849121094,115.12081909179688
2019-08-01,70.0862,37.5,52.13148498535156,47.22559356689453,24.879077911376953,69.86500549316406,76.43609619140625,51.55137634277344,50.92620468139648,83.41824340820312,113.556884765625
2019-08-02,68.0517,37.79,51.520408630371094,46.54741287231445,24.87006568908691,69.41639709472656,75.19005584716797,51.56007766723633,50.91774368286133,83.2262954711914,112.62232971191406
2019-08-05,66.2993,37.07,50.549842834472656,45.16024017333984,24.041065216064453,67.49376678466797,72.05119323730469,50.219505310058594,50.189735412597656,81.27020263671875,109.599365234375
2019-08-06,67.17,37.53,50.61274719238281,45.106300354003906,24.428529739379883,68.510009765625,73.24966430664062,50.67216491699219,50.8161506652832,82.32136535644531,111.26819610595705
2019-08-07,66.63,37.88,51.31370162963867,44.767208099365234,24.104135513305664,68.47338104248047,73.70622253417969,51.264102935791016,50.94313430786133,82.34879302978516,111.71639251708984
2019-08-08,67.8054,38.48,52.293251037597656,46.05419921875,24.563695907592773,69.6361083984375,75.51346588134766,51.92569351196289,51.46796798706055,83.44567108154297,113.87156677246094
2019-08-09,66.7893,38.47,51.87986373901367,45.54556655883789,24.48259735107422,69.05016326904297,74.65742492675781,51.638427734375,51.527225494384766,83.54623413085938,112.8035125732422
2019-08-12,66.2379,38.43,51.07106018066406,45.0061149597168,24.0140323638916,68.09801483154297,73.67768859863281,51.29021453857422,51.4256477355957,82.73270416259766,111.1633071899414
2019-08-13,67.2657,38.46,51.6192512512207,45.422264099121094,24.311389923095703,68.91285705566406,75.5229721069336,51.87346649169922,51.459503173828125,83.8113021850586,112.9942398071289
2019-08-14,65.4828,37.86,49.98368453979492,43.64206314086914,23.410301208496097,66.80709838867188,73.20210266113281,51.05519485473633,51.03624725341797,81.48040008544922,109.456298828125
2019-08-15,64.6054,38.39,50.00164794921875,43.37232971191406,23.527442932128903,66.7338638305664,73.06896209716797,51.82122421264648,51.69652557373047,81.76376342773438,109.2751235961914
2019-08-16,65.7091,38.66,50.88234329223633,43.942604064941406,23.941940307617188,68.02477264404297,74.45765686035156,52.41318130493164,51.958953857421875,82.76927947998047,110.51483917236328
2019-08-19,66.73,39.01,51.286739349365234,44.91363525390625,24.185237884521484,68.6656494140625,75.58954620361328,52.93548583984375,52.289085388183594,83.56449890136719,111.9071273803711
2019-08-20,66.056,38.72,50.684627532958984,44.53601837158203,23.860843658447266,68.2628173828125,75.20907592773438,52.36094284057617,52.20443344116211,82.85151672363281,111.93570709228516
2019-08-21,66.7178,38.88,50.94524765014648,44.82115936279297,23.968976974487305,68.68395233154297,76.09367370605469,52.50022888183594,52.5515022277832,83.46394348144531,114.09088134765624
2019-08-22,66.8755,39.07,50.603759765625,44.62078857421875,24.131174087524418,68.78466796875,75.91295623779297,52.7787971496582,52.602298736572266,83.05262756347656,114.11951446533205
2019-08-23,64.86,38.58,49.38157653808594,43.12572479248047,23.5184326171875,66.94444274902344,73.40186309814453,51.89958190917969,52.04359436035156,81.13304901123047,111.08700561523438
2019-08-26,65.6273,38.94,49.5433349609375,43.3106803894043,23.74370384216309,67.43881225585938,74.41959381103516,52.54375457763672,52.644630432128906,81.983154296875,112.18367004394533
2019-08-27,64.9291,38.81,49.57928085327149,43.04094696044922,23.599531173706055,67.09092712402344,74.30547332763672,52.39575958251953,52.73773956298828,81.49870300292969,111.63057708740234
2019-08-28,65.6193,38.92,49.96570587158203,43.65747833251953,23.81579208374023,67.91490173339844,74.37206268310547,52.900665283203125,52.593841552734375,82.09284210205078,113.0228271484375
2019-08-29,66.8701,39.2,50.603759765625,44.297119140625,24.17622756958008,69.07765197753906,75.6656494140625,52.92677307128906,52.95784378051758,82.71440887451172,114.72028350830078
2019-08-30,66.8703,39.21,50.94524765014648,44.297119140625,24.25732421875,69.3614501953125,75.6466293334961,52.85714340209961,52.97477340698242,82.8149642944336,114.03368377685548
2019-09-03,66.1729,39.77,50.54084396362305,44.081336975097656,24.005016326904297,68.41846466064453,74.72396850585938,53.16181182861328,53.91439437866211,82.33049774169922,113.56640625
2019-09-04,66.67,40.1,51.160926818847656,44.69785690307617,24.239301681518555,69.28821563720703,75.9985580444336,53.640586853027344,53.965187072753906,82.38533020019531,114.69168090820312
2019-09-05,67.715,39.75,51.24180221557617,45.252723693847656,24.734909057617188,70.53337860107422,77.58700561523438,53.3098030090332,53.38108825683594,83.1988754272461,116.885009765625
2019-09-06,67.9116,39.8,51.43951797485352,45.49162292480469,24.72589111328125,70.67984008789062,77.52042388916016,53.4838981628418,53.169464111328125,83.42737579345703,117.17108154296876
2019-09-09,67.9129,39.5,51.169918060302734,46.400997161865234,25.10434913635254,70.8904037475586,76.9402084350586,53.36201858520508,52.90704345703125,82.65956115722656,117.61927032470705
2019-09-10,68.8361,38.92,51.67316818237305,46.94815826416016,25.194456100463867,71.54046630859375,76.55023193359375,53.03123474121094,52.97477340698242,82.8972396850586,117.15202331542967
2019-09-11,70.4757,38.83,52.16742706298828,46.99440002441406,25.33863067626953,72.20879364013672,77.34922790527344,53.222747802734375,53.499603271484375,83.71989440917969,117.37135314941406
2019-09-12,70.5518,39.06,52.571834564208984,46.7015495300293,25.47379493713379,72.25456237792969,77.76773071289062,53.44038009643555,53.61811447143555,83.69246673583984,117.93397521972656
2019-09-13,69.7111,38.59,53.146976470947266,47.07146072387695,25.672035217285156,72.64823913574219,77.1970443725586,53.13569641113281,53.27951431274414,83.64678192138672,117.69558715820312
2019-09-16,69.8635,38.99,52.27527618408203,48.65129470825195,25.58192443847656,72.58416748046875,77.00679779052734,52.622100830078125,53.32183837890625,83.46394348144531,116.1888656616211
2019-09-17,69.1328,39.54,52.6976432800293,47.9731330871582,25.60896110534668,72.54755401611328,77.32068634033203,52.909366607666016,53.78741455078125,83.59192657470703,116.89454650878906
2019-09-18,68.71,39.42,52.7245979309082,47.74193572998047,25.699071884155273,72.43769073486328,77.3111801147461,52.99641418457031,54.01597213745117,83.5827865600586,116.83731842041016
2019-09-19,68.47,39.55,52.814476013183594,47.61863327026367,25.58192443847656,72.07147216796875,77.48239135742188,52.98770904541016,54.26992416381836,83.97583770751953,116.52262878417967
2019-09-20,68.5,39.12,52.691646575927734,47.657508850097656,25.43158531188965,71.6158676147461,76.57881164550781,52.819583892822266,54.484893798828125,84.44393157958984,115.1869659423828
2019-09-23,68.36,39.26,52.565185546875,47.67306900024414,25.47686767578125,71.47782135009766,76.81736755371094,53.02973937988281,54.49343490600586,83.99420166015625,115.58879852294922
2019-09-24,67.25,39.21,52.11360168457031,46.918697357177734,25.232336044311523,71.0728530883789,76.0731430053711,53.248661041259766,55.13322067260742,83.2231674194336,114.35456848144533
2019-09-25,68.2,39.17,52.384559631347656,46.996456146240234,25.440643310546875,71.53305053710938,76.97956085205078,53.28367614746094,55.0991096496582,82.8193130493164,115.3974380493164
2019-09-26,67.44,39.55,52.26715469360352,46.38208770751953,25.322900772094727,71.63426971435547,77.06542205810547,53.5814094543457,55.38914108276367,82.36038970947266,114.8999252319336
2019-09-27,66.921,39.29,52.12263488769531,46.374305725097656,25.422527313232425,71.34895324707031,76.03495025634766,53.52010726928711,55.192928314208984,81.99321746826172,114.49807739257812
2019-09-30,67.1258,39.34,52.565185546875,46.039894104003906,25.359130859375,71.45018768310547,76.83642578125,53.782806396484375,55.22705841064453,82.72752380371094,115.48355102539062
2019-10-01,65.4664,39.0,51.32783126831055,44.97444534301758,24.824777603149418,69.73826599121094,76.12083435058594,53.642704010009766,55.0991096496582,81.91980743408203,114.51720428466795
2019-10-02,64.4873,38.76,50.406585693359375,43.8701171875,24.31759262084961,68.42208862304688,74.68962860107422,52.56564712524414,54.36546325683594,80.72657012939453,112.46014404296876
2019-10-03,64.42,39.22,50.58722686767578,44.34450149536133,24.417213439941406,68.87310028076172,75.6055679321289,52.93341827392578,54.49343490600586,81.45169067382812,113.00550842285156
2019-10-04,65.1679,39.4,50.85818862915039,44.624481201171875,24.870059967041016,69.59101104736328,76.85552215576172,53.76530838012695,55.252655029296875,82.72752380371094,114.06752014160156
2019-10-07,65.37,39.33,50.67754364013672,44.22785568237305,24.743267059326172,69.24124908447266,76.5311050415039,53.32746505737305,55.03938293457031,82.4521713256836,113.56998443603516
2019-10-08,64.359,39.14,49.79242706298828,43.47348403930664,24.25419807434082,68.17359161376953,75.12853240966797,52.819583892822266,54.52754592895508,80.88262939453125,112.37401580810548
2019-10-09,64.7884,39.26,50.35239791870117,43.8701171875,24.480615615844727,68.75344848632812,76.244873046875,53.222381591796875,54.79200744628906,81.47005462646484,113.33080291748048
2019-10-10,64.7549,39.36,50.81302261352539,44.42227935791016,24.734203338623047,69.37931823730469,76.76964569091797,53.32746505737305,54.732295989990234,81.87389373779297,114.086669921875
2019-10-11,65.84,39.23,51.79749298095703,45.02110290527344,25.04214096069336,70.686279296875,77.82872772216797,53.27492904663086,54.52754592895508,82.55314636230469,115.3783187866211
2019-10-14,65.395,39.29,51.42718505859375,44.997779846191406,25.078369140625,70.54821014404297,77.78101348876953,53.01222610473633,54.17779541015625,82.51641845703125,115.32091522216795
2019-10-15,66.2028,39.32,51.788455963134766,45.18442153930664,25.440643310546875,71.11886596679688,78.63973999023438,52.7845573425293,54.0071907043457,84.02174377441406,116.3350830078125
2019-10-16,66.21,39.27,51.8968391418457,44.554481506347656,25.377246856689453,71.08203887939453,78.09588623046875,52.83710479736328,54.12662124633789,83.91159057617188,116.8134765625
2019-10-17,66.9803,39.53,52.03231048583984,44.58559036254883,25.395360946655273,71.43180084228516,77.94325256347656,53.0822868347168,54.26310729980469,84.53572845458984,117.11965942382812
2019-10-18,66.98,39.91,51.941993713378906,44.3522834777832,25.458755493164062,70.81515502929688,77.19901275634766,53.18737030029297,54.44224166870117,84.22364807128906,116.89002227783205
2019-10-21,67.67,40.18,51.77943801879883,45.145538330078125,25.81197166442871,71.23851776123047,78.02909851074219,53.36248397827149,54.655517578125,84.13186645507812,117.30145263671876
2019-10-22,67.61,40.06,51.56266784667969,45.72880935668945,25.73951530456543,71.79993438720703,76.97956085205078,53.380001068115234,54.88582992553711,84.31543731689453,116.5551528930664
2019-10-23,67.7111,40.13,51.88780975341797,46.109886169433594,25.84819793701172,71.79074096679688,77.04634857177734,53.625186920166016,55.10763931274414,84.83861541748047,116.01937866210938
2019-10-24,66.93,39.98,52.05038070678711,45.91546249389648,25.81197166442871,71.89199829101562,78.17222595214844,53.809078216552734,55.29530715942383,84.40721893310547,115.96194458007812
2019-10-25,67.517,39.49,52.619384765625,46.288761138916016,25.93876838684082,72.34297943115234,79.11682891845703,53.49383163452149,54.732295989990234,84.49901580810547,115.82801055908205
2019-10-28,67.8996,39.07,52.781959533691406,46.02434158325195,26.074621200561523,72.54547119140625,80.11863708496094,53.388763427734375,53.98159408569336,85.3709945678711,116.19158935546876
2019-10-29,67.7127,39.17,53.10710144042969,46.21097946166992,26.13802146911621,72.78475952148438,79.39350891113281,53.388763427734375,54.032772064208984,86.58258819580078,115.53141021728516
2019-10-30,67.6501,39.46,53.15226364135742,45.26997375488281,26.11990547180176,73.04248809814453,79.88011169433594,53.63394546508789,54.51048278808594,87.06904602050781,116.24898529052734
2019-10-31,67.6895,39.33,52.55615997314453,45.075538635253906,25.99310874938965,72.2601547241211,79.8323974609375,53.555137634277344,54.80906295776367,86.96809387207031,115.62706756591795
2019-11-01,67.2594,39.23,53.29676818847656,46.10211563110352,26.373497009277344,73.83402252197266,80.78656005859375,53.5463752746582,54.67257308959961,87.0782241821289,116.39250946044922
2019-11-04,67.63,38.79,53.71222686767578,47.60307312011719,26.59991455078125,74.68999481201172,81.20637512207031,53.02973937988281,53.97306442260742,86.81204986572266,116.44991302490234
2019-11-05,68.0652,38.12,53.80255508422851,47.665287017822266,26.69953727722168,74.84644317626953,81.1109619140625,53.20487976074219,53.418575286865234,86.19708251953125,116.62212371826172
2019-11-06,66.9362,38.26,53.76642990112305,46.69316864013672,26.83539390563965,74.8924789428711,81.07279205322266,53.423789978027344,53.62331008911133,86.49079132080078,116.74651336669922
2019-11-07,67.8046,37.85,54.1276969909668,47.39309310913086,27.034643173217773,75.15018463134766,81.71205139160156,53.23990249633789,52.89821243286133,86.68354034423828,116.04806518554688
2019-11-08,69.05,37.78,54.344459533691406,47.19866943359375,27.025585174560547,75.25141906738281,82.17002868652344,53.20487976074219,52.676422119140625,87.31687927246094,116.09589385986328
2019-11-11,69.0,37.85,54.2631721496582,46.93425750732422,26.95313262939453,75.28825378417969,82.20822143554688,53.12606430053711,52.35224533081055,86.95891571044922,115.85670471191406
2019-11-12,69.0499,37.6,54.54316711425781,46.69316864013672,26.989355087280273,75.27904510498047,82.48489379882812,53.30119323730469,52.48020935058594,87.48208618164062,115.78018951416016
2019-11-13,68.99,37.98,54.22704315185547,46.49095153808594,26.81728172302246,74.96610260009766,82.66619873046875,53.70399475097656,53.25648498535156,87.58304595947266,115.41658020019533
2019-11-14,68.53,38.36,54.56122970581055,46.36652374267578,26.87162399291992,75.20540618896484,82.57077026367188,53.686492919921875,53.44416809082031,87.59221649169922,115.91411590576172
2019-11-15,69.13,38.55,54.51607131958008,46.72426986694336,26.94407844543457,75.75764465332031,83.2386703491211,53.70399475097656,53.614776611328125,89.45550537109375,116.1246109008789
2019-11-18,69.1921,38.76,54.38058853149414,46.15654373168945,26.998414993286133,75.47232055664062,83.48675537109375,53.98420715332031,53.72567367553711,89.1526107788086,116.52645874023438
2019-11-19,69.0407,38.84,54.2631721496582,45.47216796875,27.052759170532227,75.40789794921875,83.64894104003906,53.91415786743164,53.58919143676758,89.75841522216797,115.24435424804688
2019-11-20,68.47,38.86,53.585792541503906,45.93101501464844,26.92595863342285,74.80963897705078,83.14324951171875,54.0367431640625,53.9133415222168,89.63908386230469,114.9764633178711
2019-11-21,68.1335,38.34,53.49546813964844,46.68537902832031,26.898792266845703,74.78202056884766,82.72344207763672,53.76530838012695,53.72567367553711,89.86856842041016,114.32585144042967
2019-11-22,68.46,38.12,53.585792541503906,46.52985382080078,27.098039627075195,75.16860961914062,82.61848449707031,53.67772674560547,53.74273681640625,90.1898193359375,115.11042022705078
2019-11-25,69.175,38.15,53.938026428222656,46.57649993896485,27.27012062072754,75.71161651611328,83.82069396972656,53.73902130126953,53.5635871887207,91.24535369873048,116.1246109008789
2019-11-26,68.8,38.68,54.208980560302734,46.148773193359375,27.24295234680176,75.93252563476562,83.89702606201172,54.17685317993164,53.74273681640625,91.17191314697266,116.9187240600586
2019-11-27,69.0437,38.8,54.42573928833008,46.26542663574219,27.35163688659668,75.85890197753906,84.36457061767578,54.308197021484375,53.83657455444336,91.64002990722656,117.92334747314452
2019-11-29,69.1072,38.65,54.22704315185547,45.798797607421875,27.30634498596191,75.50912475585938,84.1164779663086,54.29069519042969,53.7853889465332,91.31877899169922,117.1579360961914
2019-12-02,68.19,37.94,53.68513488769531,45.798797607421875,27.13426971435547,74.26660919189453,82.91424560546875,54.41328048706055,53.43563079833984,90.91492462158205,116.19158935546876
2019-12-03,67.86,38.25,53.3419303894043,45.11442565917969,26.753881454467773,73.45665740966797,82.1795883178711,54.32571029663086,53.580665588378906,90.71296691894533,115.0243148803711
2019-12-04,67.8497,38.45,53.45934295654297,45.7910270690918,27.007476806640625,73.74198913574219,82.51353454589844,54.68473815917969,53.990116119384766,91.5574188232422,115.66535186767578
2019-12-05,67.454,38.51,53.73030090332031,45.57326889038086,27.13426971435547,73.76039123535156,82.81885528564453,54.66722106933594,54.083961486816406,91.5574188232422,115.55052185058594
2019-12-06,67.7879,38.52,54.28123474121094,46.44429016113281,27.496543884277344,74.65315246582031,83.7348403930664,54.877384185791016,53.9218864440918,92.1632308959961,116.4786148071289
2019-12-09,67.0913,38.57,54.17285919189453,46.389854431152344,27.433141708374023,74.36785125732422,83.29592895507812,54.92116165161133,53.73420715332031,91.5207061767578,116.62212371826172
2019-12-10,66.79,38.3,53.847713470458984,46.483184814453125,27.442203521728516,74.27582550048828,83.36272430419922,54.74602127075195,53.72567367553711,91.72264862060548,116.42121887207033
2019-12-11,67.1576,38.01,54.254150390625,46.40541458129883,27.378803253173828,74.74520111083984,83.92564392089844,54.82483673095703,53.87070083618164,91.80525970458984,116.71781158447266
2019-12-12,68.315,37.55,55.0128173828125,47.26087951660156,27.913156509399418,75.40789794921875,84.82254028320312,54.781063079833984,53.640377044677734,92.65886688232422,117.74156188964844
2019-12-13,68.08,37.59,54.58831405639648,46.90313720703125,27.81352996826172,75.20540618896484,85.3854751586914,54.97369766235352,54.05836868286133,92.59461212158205,117.8468017578125
2019-12-16,68.908,37.88,54.82314682006836,47.5330810546875,27.913156509399418,75.16860961914062,86.14877319335938,55.16634750366211,54.732295989990234,93.59510040283205,118.36346435546876
2019-12-17,69.04,37.47,54.90443801879883,47.56418228149414,28.021839141845703,75.094970703125,85.94842529296875,55.07877731323242,54.91142654418945,93.494140625,118.88970947265624
2019-12-18,69.0226,38.0,54.83218002319336,47.743045806884766,27.90409469604492,74.78202056884766,85.93888854980469,54.991214752197266,55.13322067260742,93.62261962890624,119.00450134277344
2019-12-19,69.884,38.36,55.02184295654297,47.727508544921875,27.895042419433594,74.98451232910156,86.5590591430664,55.28893280029297,55.15028381347656,93.98978424072266,119.3776626586914
2019-12-20,69.9431,38.24,55.288848876953125,48.18532943725586,27.927814483642575,75.32952117919922,87.06160736083984,55.706512451171875,55.5294189453125,94.65522003173828,119.56005096435548
2019-12-23,69.835,38.01,55.443241119384766,48.68006134033203,27.864091873168945,75.94926452636719,87.31051635742188,55.46815490722656,55.01359558105469,95.03311920166016,119.28168487548828
2019-12-24,69.918,38.06,55.506805419921875,48.65650177001953,27.927814483642575,75.64402770996094,87.33920288085938,55.53877258300781,55.09096908569336,94.91331481933594,119.55047607421876
2019-12-26,69.9836,38.29,55.752010345458984,48.64078903198242,28.08255958557129,75.81975555419922,87.9901351928711,55.59175109863281,55.18553161621094,94.84880065917967,121.00955963134766
2019-12-27,69.7521,38.43,55.54313278198242,48.436614990234375,28.009740829467773,75.7550048828125,87.98058319091797,55.83893966674805,55.348880767822266,94.8764419555664,120.9999542236328
2019-12-30,69.6403,38.4,55.37058639526367,48.28376007080078,27.927814483642575,75.40351104736328,87.4732437133789,55.547607421875,55.34029006958008,94.30683135986328,120.22242736816406
2019-12-31,69.96,38.67,55.77925109863281,48.55874252319336,28.018844604492188,75.3572998046875,87.75083923339844,55.60057067871094,55.55522155761719,94.49235534667967,120.39520263671876
2020-01-02,70.3274,38.22,55.12538146972656,48.995487213134766,28.29193115234375,76.78173065185547,89.39730072021484,55.159156799316406,54.858848571777344,94.74282836914062,121.82551574707033
2020-01-03,69.9485,38.5,54.235382080078125,48.849891662597656,27.991531372070312,76.63374328613281,88.3921890258789,55.07087707519531,54.970603942871094,93.9172134399414,120.78876495361328
2020-01-06,70.03,38.51,53.9992561340332,49.23002624511719,27.973329544067383,76.66146850585938,88.602783203125,55.185638427734375,55.022178649902344,94.5016632080078,121.1247329711914
2020-01-07,70.0959,38.09,53.935691833496094,49.100624084472656,27.791271209716797,76.50423431396484,88.5644760131836,54.76188659667969,54.94480895996094,94.3161163330078,120.93275451660156
2020-01-08,70.42,38.28,54.12640380859375,48.291839599609375,27.973329544067383,76.7632064819336,89.51216125488281,54.964935302734375,54.91902160644531,94.92837524414062,121.29754638671876
2020-01-09,70.59,38.27,54.326194763183594,48.64771270751953,28.146286010742188,77.08697509765625,90.52685546875,55.3533821105957,55.21992492675781,95.3365478515625,121.94070434570312
2020-01-10,70.2324,38.64,54.10824203491211,48.37272262573242,27.936912536621097,76.541259765625,90.31625366210938,55.31807327270508,55.36608123779297,95.3643798828125,121.27833557128906
2020-01-13,71.1875,39.11,54.80752944946289,48.38889694213867,28.12807846069336,77.17020416259766,91.44580078125,55.680030822753906,55.70137023925781,95.03041076660156,121.66230010986328
2020-01-14,71.3483,38.92,54.580474853515625,48.39698791503906,28.073463439941406,77.1794662475586,91.0150375366211,55.697696685791016,55.864723205566406,95.60555267333984,121.62391662597656
2020-01-15,71.6374,39.19,54.95282745361328,48.0411262512207,27.918712615966797,77.29973602294922,91.12034606933594,56.09496307373047,56.64706039428711,96.43120574951172,121.34554290771484
2020-01-16,72.8887,39.54,55.27976608276367,48.12200927734375,28.164493560791016,78.06744384765625,92.34563446044922,56.24504470825195,56.99955368041992,96.93211364746094,122.43026733398438
2020-01-17,72.5354,39.59,55.52497482299805,47.81467056274414,28.246417999267575,78.07670593261719,92.96784210205078,56.34214782714844,57.39502716064453,96.93211364746094,122.86222839355467
2020-01-21,72.3364,39.99,54.92558670043945,46.957366943359375,28.009740829467773,77.2164535522461,92.9295654296875,56.536380767822266,57.91945266723633,97.0341796875,122.48786926269533
2020-01-22,72.5124,39.67,54.70762252807617,46.50445556640625,28.0916690826416,76.80947875976562,93.26457977294922,56.58051681518555,58.09999465942383,97.15476989746094,122.43026733398438
2020-01-23,72.674,40.05,54.64405059814453,46.3265266418457,28.018844604492188,77.64195251464844,93.70491027832033,56.52754592895508,58.61582565307617,96.6631088256836,122.61264038085938
2020-01-24,72.3893,39.99,54.2535400390625,45.79273986816406,27.663827896118164,77.28120422363281,93.26457977294922,56.13909912109375,58.77057647705078,95.04896545410156,120.90397644042967
2020-01-27,71.1519,39.82,53.08201217651367,44.522972106933594,27.23598861694336,75.81975555419922,91.04376983642578,55.9625358581543,58.62442779541016,94.32537078857422,119.09928131103516
2020-01-28,71.5374,39.92,53.6814079284668,44.72515869140625,27.554594039916992,76.31000518798828,92.78597259521484,56.03316879272461,58.865142822265625,94.78923034667967,120.26081085205078
2020-01-29,70.0345,39.71,53.85395431518555,44.256065368652344,27.509077072143555,76.71698760986328,93.0252685546875,55.75065612792969,59.0198860168457,94.52947998046876,120.1936264038086
2020-01-30,69.8402,39.8,53.51793670654297,44.61193084716797,27.85499382019043,76.80023956298828,93.82933807373048,56.41278839111328,59.57011413574219,93.84300231933594,119.99202728271484
2020-01-31,68.5516,39.23,52.33732604980469,43.22083282470703,27.272401809692383,75.02427673339844,91.25435638427734,55.77714538574219,59.30360794067383,91.96910095214844,120.2991943359375
2020-02-03,68.964,39.27,53.43619918823242,42.65470123291016,27.46356201171875,74.99653625488281,92.46048736572266,55.77714538574219,59.49273681640625,92.80402374267578,121.15355682373048
2020-02-04,70.14,39.78,54.38069915771485,42.80836486816406,27.727550506591797,76.4117431640625,94.88230895996094,56.11262130737305,58.899539947509766,94.4367218017578,123.36141204833984
2020-02-05,70.1554,39.75,55.38875579833984,44.417816162109375,28.282827377319336,77.68818664550781,95.43750762939452,56.562870025634766,59.1402587890625,96.25494384765624,123.9853515625
2020-02-06,70.2959,39.92,55.36149978637695,43.96491241455078,28.246417999267575,77.93793487548828,96.30862426757812,56.659969329833984,59.157447814941406,96.3384246826172,123.70697784423828
2020-02-07,69.73,39.94,54.571407318115234,43.65757751464844,28.146286010742188,77.37371826171875,95.42796325683594,56.73059844970703,58.968299865722656,95.58702087402344,123.16940307617188
2020-02-10,70.111,40.4,54.54416275024414,43.439212799072266,28.228208541870117,77.80845642089844,96.7202606201172,56.96895980834961,59.19183349609375,96.09722137451172,124.56133270263672
2020-02-11,72.9436,40.89,54.84385299682617,43.92447662353515,28.328346252441406,78.10443878173828,96.39479064941406,56.757083892822266,59.40676498413086,96.67239379882812,125.54047393798828
2020-02-12,73.7509,41.15,55.14353942871094,44.51487350463867,28.34654235839844,78.83516693115234,97.43817138671876,56.73059844970703,59.44974899291992,96.79298400878906,126.82679748535156
2020-02-13,73.4976,41.4,54.94374465942383,44.37738037109375,28.33744239807129,78.39115905761719,97.17972564697266,57.066070556640625,60.11173248291016,96.3384246826172,126.6059799194336
2020-02-14,72.9332,41.88,54.95282745361328,44.14283752441406,28.37386131286621,78.28943634033203,97.60089874267578,57.19850540161133,60.51582336425781,96.41265106201172,126.4140167236328
2020-02-18,73.3918,41.84,54.81660461425781,43.77888870239258,28.12807846069336,77.84545135498047,97.2371597290039,56.99544143676758,61.0230598449707,96.06942749023438,126.40441131591795
2020-02-19,73.6751,41.25,54.96190643310547,44.361209869384766,28.33744239807129,77.81770324707031,98.39542388916016,56.933650970458984,60.361061096191406,96.51467895507812,126.97075653076172
2020-02-20,73.9426,41.71,55.0527229309082,44.31267929077149,28.282827377319336,77.70670318603516,97.37117767333984,56.97779083251953,60.57598876953125,95.8931655883789,127.01876831054688
2020-02-21,73.1378,41.93,54.798439025878906,43.7869758605957,28.009740829467773,77.31820678710938,95.18864440917967,57.07490539550781,60.464229583740234,95.94881439208984,125.07968139648438
2020-02-24,71.2988,41.37,53.25457382202149,41.76504898071289,27.099443435668945,75.11677551269531,91.25435638427734,55.759490966796875,59.7592658996582,92.92461395263672,120.77916717529295
2020-02-25,69.26,40.33,50.95691680908203,39.92104721069336,26.180051803588867,72.05513763427734,88.33476257324219,54.753055572509766,58.50406646728515,90.1044921875,117.55378723144533
2020-02-26,68.8984,39.98,50.78437042236328,38.71596908569336,25.988889694213867,71.5093994140625,88.7367935180664,54.44406509399414,57.910865783691406,90.09522247314452,116.62264251708984
2020-02-27,66.4,37.72,48.40497970581055,36.64551544189453,24.878328323364254,68.854736328125,83.95055389404297,52.22816467285156,55.3058967590332,87.03389739990234,111.9093780517578
2020-02-28,65.751,36.79,47.87825775146485,36.6131591796875,24.20471572875977,67.5967788696289,84.59191131591797,51.19526290893555,53.45749282836914,85.91143798828125,111.18939208984376
2020-03-02,67.6397,38.62,49.930702209472656,38.09321212768555,25.44270896911621,69.97394561767578,89.48344421386719,53.93202590942383,56.60407638549805,89.9375228881836,115.00994873046876
2020-03-03,66.7123,38.59,49.494781494140625,36.9285774230957,24.486900329589844,68.26275634765625,86.08523559570312,53.199275970458984,55.9077033996582,87.70182800292969,112.22614288330078
2020-03-04,68.6388,40.09,51.54722595214844,37.80205154418945,25.29706382751465,71.08390808105469,89.78018951416016,55.81245803833008,59.080081939697266,92.75762176513672,116.1042938232422
2020-03-05,66.5954,39.17,49.91253280639648,36.4190559387207,24.077272415161133,67.60601806640625,86.94673919677734,54.76188659667969,58.16877746582031,90.60543823242188,111.77497100830078
2020-03-06,65.6167,38.5,48.613861083984375,34.37286376953125,23.25800514221191,67.0140380859375,85.10884857177734,54.32929611206055,57.6959342956543,90.1230697631836,110.05670166015624
2020-03-09,60.7581,35.78,44.0639762878418,27.44976234436035,20.763803482055664,60.83523941040039,78.64742279052734,51.96332550048828,54.55793380737305,85.43832397460938,103.12596130371094
2020-03-10,62.7289,37.52,45.85306167602539,28.751890182495117,21.98360252380371,63.98939895629883,83.89312744140625,53.455299377441406,55.065185546875,88.36974334716797,108.82798767089844
2020-03-11,59.8453,35.51,43.67346954345703,27.231388092041016,20.791112899780273,60.2340202331543,79.93013000488281,50.83329772949219,52.296871185302734,84.9930419921875,102.87637329101562
2020-03-12,54.2265,32.46,39.46867370605469,23.834543228149418,18.54268455505371,53.99972152709961,72.12857055664062,46.05719375610352,47.0181770324707,78.64778900146484,92.48026275634766
2020-03-13,57.421,35.31,42.23857498168945,26.034408569335938,20.98227310180664,58.217586517333984,80.59062957763672,49.97696304321289,49.58014297485352,84.10248565673828,98.2014617919922
2020-03-16,52.965,29.66,37.58878326416016,22.491981506347656,18.105737686157227,51.61330795288086,69.45783996582031,46.58689498901367,43.948970794677734,75.80911254882812,85.76069641113281
2020-03-17,55.9503,31.46,39.913673400878906,22.645648956298828,19.0888614654541,53.990478515625,74.1866455078125,50.51548385620117,49.571556091308594,80.56806182861328,89.06288146972656
2020-03-18,51.9782,29.25,37.36175537109375,19.39438247680664,17.468542098999023,50.01310348510742,71.39148712158203,49.21772384643555,47.41365051269531,77.89637756347656,83.94641876220703
2020-03-19,55.02,28.79,38.3153190612793,20.71268081665039,17.850862503051758,50.05010986328125,71.64994049072266,47.575660705566406,44.65394592285156,76.30076599121094,86.87422180175781
2020-03-20,52.52,27.16,36.94399642944336,20.91487693786621,17.213659286499023,47.54343795776367,68.36656951904297,44.494590759277344,41.11190032958984,73.36934661865234,84.29199981689453
2020-03-23,52.2,25.46,35.06068420410156,19.48934555053711,16.212106704711914,45.46100997924805,67.74207305908203,43.177852630615234,39.014007568359375,69.55863952636719,84.43090057373047
2020-03-24,56.7947,27.68,39.1838493347168,22.614919662475582,18.222553253173828,51.21238708496094,74.67987823486328,45.37981033325195,43.20803451538086,74.91860961914062,92.35021209716795
2020-03-25,57.0681,28.91,40.09808349609375,23.681581497192383,18.718278884887695,53.906307220458984,74.58364868164062,45.25551223754883,44.31081771850586,75.91604614257812,93.9707260131836
2020-03-26,60.7271,31.13,41.981388092041016,25.12860679626465,19.893333435058594,57.30865859985352,79.20242309570312,47.732704162597656,48.08805084228515,80.95909881591797,97.85803985595705
2020-03-27,58.62,31.21,40.463768005371094,23.42525291442871,19.287445068359375,54.894378662109375,75.62287902832031,47.51072692871094,48.34854888916016,79.22523498535156,94.57843017578124
2020-03-30,60.13,32.02,41.75283432006836,23.665048599243164,19.65465545654297,55.69602584838867,78.80791473388672,49.36640548706055,50.13730239868164,82.935302734375,96.55584716796876
2020-03-31,59.18,31.0,41.1768684387207,24.028867721557617,19.113021850585938,55.00623321533203,77.3356704711914,48.36310958862305,48.11409378051758,82.57174682617188,94.60736083984376
2020-04-01,56.82,29.12,39.32098388671875,22.83817672729492,17.94715118408203,52.52671432495117,73.65026092529297,47.54624938964844,45.222564697265625,79.43033599853516,90.38243865966795
2020-04-02,57.89,29.55,39.91524124145508,24.930160522460938,18.39697265625,53.225833892822266,75.37269592285156,48.76264572143555,46.63793182373047,81.63023376464844,90.72006225585938
2020-04-03,57.55,29.3,38.95529556274414,24.665557861328125,18.029769897460938,52.51740264892578,74.20838165283203,49.14443588256836,44.97074508666992,80.89382934570312,89.13812255859375
2020-04-06,61.7753,31.42,41.8534049987793,25.972017288208008,19.32416343688965,56.15279006958008,80.53995513916016,50.973480224609375,48.444061279296875,85.1352310180664,96.55584716796876
2020-04-07,61.98,31.43,42.96876525878906,26.526023864746097,19.516948699951172,56.02228546142578,79.81825256347656,50.38747787475586,47.83623504638672,84.43606567382812,97.99308776855467
2020-04-08,63.85,33.79,45.07147979736328,28.295522689819336,20.370702743530273,58.05437850952149,81.96406555175781,51.13330841064453,50.44121551513672,87.9130859375,101.07979583740234
2020-04-09,65.0008,35.53,47.00965118408203,28.039196014404297,21.463134765625,58.93059921264648,81.98332214355469,51.61275863647461,52.8204345703125,88.3978042602539,102.9028778076172
2020-04-13,63.667,33.9,45.97658920288086,27.948240280151367,20.68282890319824,57.20611572265625,82.16614532470703,51.23096466064453,51.14455795288086,87.62411499023438,102.8739242553711
2020-04-14,65.32,35.03,46.570831298828125,27.815940856933594,20.77462577819824,58.29673385620117,85.61099243164062,53.40629196166992,52.64677047729492,90.5324935913086,106.89629364013672
2020-04-15,63.1375,33.68,44.43152618408203,26.509485244750977,19.87497329711914,56.68411636352539,83.74423217773438,52.56280899047851,50.910118103027344,90.06640625,104.55232238769533
2020-04-16,63.9139,33.46,44.17555236816406,25.376670837402344,19.526126861572266,56.18075180053711,84.76421356201172,52.909080505371094,50.918800354003906,92.03329467773438,105.80630493164062
2020-04-17,64.8328,34.54,45.94914245605469,28.072269439697266,20.55430793762207,58.8187370300293,85.8900375366211,53.7170524597168,52.5599365234375,93.94422912597656,108.9315948486328
2020-04-20,65.1057,33.26,44.81550979614258,27.195785522460938,20.196279525756836,57.25273132324219,84.51403045654297,52.66047286987305,50.57146835327149,93.19850158691406,107.03132629394533
2020-04-21,63.1375,32.77,43.709285736083984,26.71620178222656,19.544492721557617,55.9011116027832,80.97296905517578,51.5417366027832,49.73786544799805,90.3647003173828,104.25332641601562
2020-04-22,64.7278,33.34,44.56866836547851,27.66709899902344,19.755630493164062,56.48835754394531,84.09062194824219,52.0389518737793,51.18798065185547,91.74432373046876,106.50080108642578
2020-04-23,64.9853,32.96,44.87950897216797,28.560123443603516,19.673009872436523,56.93579864501953,83.5132827758789,51.57724380493164,50.328330993652344,92.24768829345705,106.47186279296876
2020-04-24,65.6723,33.08,45.58345031738281,28.62626838684082,19.957592010498047,57.39255142211914,85.28382873535156,52.12773513793945,50.640926361083984,93.4874496459961,108.27566528320312
2020-04-27,67.1996,34.04,46.799373626708984,29.24642562866211,20.63692283630371,58.8187370300293,86.01513671875,52.27867126464844,51.170616149902344,94.68997955322266,110.30130004882812
2020-04-28,67.1066,34.07,47.66790390014648,29.916187286376953,20.857242584228516,59.918678283691406,84.87006378173828,52.571678161621094,51.36164855957031,92.7790069580078,110.73538970947266
2020-04-29,68.715,34.16,48.883819580078125,32.1322135925293,21.463134765625,61.06522750854492,88.35340118408203,52.349700927734375,50.89274978637695,93.3942642211914,113.17581176757812
2020-04-30,66.84,33.92,47.430206298828125,31.42110061645508,20.92151260375977,59.85342788696289,87.95885467529297,51.72818756103515,49.72050476074219,92.96544647216795,112.4716567993164
2020-05-01,64.8561,32.88,46.43368911743164,29.64332389831543,20.25136375427246,58.045047760009766,85.54363250732422,51.15993881225586,48.522212982177734,91.19432830810548,108.26602935791016
2020-05-04,65.085,32.86,46.59825134277344,30.668638229370117,20.067758560180664,57.30865859985352,86.67908477783203,51.13330841064453,48.88691329956055,91.147705078125,108.85442352294922
2020-05-05,65.9188,33.07,46.71710205078125,30.69345474243164,20.003494262695312,57.532371520996094,87.87226104736328,51.17770004272461,49.28634262084961,93.12391662597656,109.2499008178711
2020-05-06,65.32,32.46,45.91257095336914,29.89138412475586,19.57202911376953,56.74004364013672,88.55545043945312,50.61832809448242,47.6104621887207,92.20106506347656,109.23062133789062
2020-05-07,66.45,32.75,46.85424041748047,30.668638229370117,20.03103828430176,57.40188217163086,89.88338470458984,50.47626876831055,47.801490783691406,92.1917495727539,110.94758605957033
2020-05-08,68.56,33.35,47.978736877441406,32.06604766845703,20.46250343322754,58.82805633544922,91.20164489746094,51.603885650634766,48.76533508300781,92.66715240478516,113.10828399658205
2020-05-11,68.0478,32.95,47.247352600097656,31.5037784576416,20.067758560180664,58.0916633605957,91.80785369873048,51.53285217285156,48.55694580078125,94.26116943359376,112.85749053955078
2020-05-12,66.2943,31.55,46.52511215209961,30.949779510498047,19.544492721557617,56.46039962768555,89.9122085571289,51.097782135009766,48.13145446777344,92.82563018798828,110.38811492919922
2020-05-13,64.11,31.05,45.5468864440918,29.544090270996097,18.96613883972168,55.04352569580078,88.36300659179688,50.63608932495117,47.72334671020508,91.81888580322266,108.48788452148438
2020-05-14,64.055,31.09,46.10456848144531,29.874841690063477,19.45269012451172,55.621456146240234,89.48883056640625,50.51178741455078,48.23566436767578,92.82563018798828,110.10839080810548
2020-05-15,64.71,30.98,46.5068244934082,29.759082794189453,19.32416343688965,55.42570877075195,89.94108581542969,50.95572662353515,47.59309387207031,93.608642578125,111.3913116455078
2020-05-18,67.2909,32.49,48.62784194946289,32.19007873535156,20.31562232971191,59.079742431640625,92.14463806152344,51.763702392578125,49.54683303833008,94.3823699951172,115.60657501220705
2020-05-19,66.7178,31.86,48.16157913208008,31.288795471191406,19.81989288330078,58.32469940185547,91.80785369873048,50.81365585327149,48.73060989379883,93.2451171875,115.19181060791016
2020-05-20,67.8141,32.16,48.92953872680664,32.53737258911133,20.260543823242188,59.41531753540039,93.81893157958984,51.41742706298828,48.99978256225586,93.35696411132812,116.69657135009766
2020-05-21,67.0073,32.0,48.463279724121094,32.01643753051758,20.196279525756836,59.55514144897461,92.51028442382812,50.849178314208984,48.50484848022461,92.66715240478516,117.1113510131836
2020-05-22,67.6146,32.7,48.39014434814453,31.81798934936523,20.122838973999023,59.50852966308594,92.8470687866211,51.026763916015625,49.0432014465332,92.8629150390625,116.93772888183594
2020-05-26,68.5919,33.74,49.71577453613281,32.70274353027344,21.169374465942383,62.00669479370117,92.75084686279295,51.301998138427734,49.36448669433594,92.69512939453124,118.78973388671876
2020-05-27,69.8589,34.46,50.21859359741211,33.124454498291016,22.087387084960938,64.07606506347656,93.28009033203124,52.07447052001953,49.9549560546875,93.6552505493164,120.82502746582033
2020-05-28,68.9422,34.85,50.68484878540039,32.1983528137207,21.73853874206543,63.47016525268555,93.09725952148438,52.53615951538086,51.43111038208008,94.8764190673828,119.3588409423828
2020-05-29,69.576,34.65,50.69400405883789,32.04951477050781,21.490676879882812,63.07867813110352,94.27120208740234,52.58943557739258,51.83054733276367,96.02296447753906,119.7929229736328
2020-06-01,70.3205,35.34,51.041404724121094,32.61178970336914,21.73853874206543,63.21847915649414,94.2423095703125,52.953468322753906,52.447059631347656,95.07212829589844,120.93112182617188
2020-06-02,70.4525,35.57,51.96477890014648,33.521358489990234,21.9129638671875,64.0387954711914,95.12759399414062,53.09553146362305,52.78570556640625,95.62213897705078,121.96324157714844
2020-06-03,72.15,36.42,53.144134521484375,34.50532150268555,22.72999382019043,66.53694152832031,95.8685073852539,53.16656494140625,53.419586181640625,95.43569946289062,124.26864624023438
2020-06-04,71.5313,35.74,53.33612823486328,34.51359176635742,23.22572135925293,67.24537658691406,95.07948303222656,52.909080505371094,52.46442413330078,94.68064880371094,123.6416244506836
2020-06-05,73.06,37.05,54.69832992553711,37.07689666748047,24.088651657104492,69.715576171875,97.58131408691406,53.64601516723633,53.13303756713867,96.20940399169922,126.60296630859376
2020-06-08,74.3194,37.86,54.771461486816406,38.74716567993164,24.54766082763672,71.11381530761719,98.07205963134766,54.223140716552734,54.557098388671875,96.8712387084961,128.53211975097656
2020-06-09,73.5443,37.42,54.10406494140625,37.29187774658203,24.024394989013672,69.34272766113281,98.53395080566406,53.779197692871094,53.462989807128906,95.864501953125,127.52898406982422
2020-06-10,72.8107,36.72,53.49154281616211,35.45622634887695,23.124738693237305,67.68348693847656,100.17938232421876,53.62826156616211,53.15040588378906,95.7153549194336,126.3328857421875
2020-06-11,67.9435,34.45,49.359230041503906,32.11566925048828,21.233625411987305,62.929534912109375,94.43477630615234,51.59500503540039,51.07509231567383,90.39265441894533,119.71575164794922
2020-06-12,69.2506,35.54,50.31915664672851,32.92600631713867,21.876243591308594,64.15064239501953,95.65681457519533,51.603885650634766,50.94485092163086,90.97991943359376,120.90218353271484
2020-06-15,69.7014,35.99,50.84941864013672,33.02522277832031,22.179187774658203,64.78451538085938,96.58059692382812,52.19876480102539,51.29217147827149,91.1850128173828,122.05005645751952
2020-06-16,71.4389,36.59,51.9099235534668,33.976131439208984,22.528032302856445,66.05223846435547,98.63980102539062,53.015621185302734,51.52662658691406,93.43152618408205,124.61589813232422
2020-06-17,70.2765,36.16,51.48024368286133,32.818511962890625,22.18836784362793,65.57684326171875,98.62054443359376,52.93570709228515,51.37032699584961,93.33832550048828,124.28793334960938
2020-06-18,70.3645,35.71,51.516807556152344,33.22367477416992,22.160825729370117,65.33446502685547,99.06315612792967,53.21094512939453,51.36164855957031,93.02137756347656,123.83455657958984
2020-06-19,70.0562,35.35,51.36137771606445,32.71928787231445,22.01394271850586,64.53282928466797,98.37997436523438,52.93570709228515,49.92020797729492,93.91626739501952,122.86994934082033
2020-06-22,70.0119,34.98,51.55166244506836,32.87086868286133,21.904924392700195,64.64143371582031,100.23355865478516,52.78449249267578,50.407039642333984,93.55583953857422,124.1326904296875
2020-06-23,69.6606,34.85,51.67116165161133,32.90436553955078,22.00654983520508,64.65079498291016,100.95720672607422,52.70396423339844,49.899208068847656,93.9583969116211,125.1091537475586
2020-06-24,67.9445,33.96,50.16360092163086,31.078678131103516,21.230504989624023,62.403709411621094,98.6800537109375,51.8181037902832,49.443904876708984,91.50575256347656,122.35369110107422
2020-06-25,68.7542,34.32,50.78868103027344,31.673280715942383,21.79406356811523,63.09654998779297,99.94408416748048,52.18497085571289,48.83100509643555,92.40443420410156,122.51802825927734
2020-06-26,67.4689,33.73,50.09006118774414,30.576183319091797,20.86095428466797,61.92619705200195,97.9756851196289,51.120155334472656,48.31440353393555,91.28108978271484,119.64652252197266
2020-06-29,68.8629,34.31,51.0644645690918,30.986543655395508,21.09192276000977,63.95795440673828,99.0467300415039,52.086544036865234,49.22501754760742,92.1048812866211,121.91858673095705
2020-06-30,69.747,34.81,51.79987335205078,31.698402404785156,21.37832260131836,64.32310485839844,100.82213592529295,52.471309661865234,49.40887451171875,93.67755889892578,123.47518157958984
2020-07-01,69.5299,35.76,51.91017150878906,30.92792701721191,21.19354820251465,64.0328369140625,100.9861831665039,52.51604843139648,50.564640045166016,94.39834594726562,124.7224349975586
2020-07-02,69.4791,35.64,52.88458251953125,31.27128791809082,21.221263885498047,64.58525848388672,101.57476043701172,52.78449249267578,50.69597625732422,95.10983276367188,125.21551513671876
2020-07-06,70.8971,35.68,53.638370513916016,31.3634090423584,21.627765655517575,65.5121841430664,103.35016632080078,53.04399108886719,50.07432174682617,96.07400512695312,128.1837158203125
2020-07-07,69.3,35.1,53.65675735473633,30.3668212890625,21.184307098388672,64.25756072998047,102.26949310302734,53.52716827392578,49.87294006347656,95.24089050292967,126.17267608642578
2020-07-08,70.0276,35.08,52.89377975463867,30.34170150756836,21.406036376953125,64.25756072998047,103.93875122070312,53.39295196533203,50.31948471069336,95.25022888183594,127.5165786743164
2020-07-09,70.1604,34.96,52.39738464355469,28.842613220214844,20.953338623046875,62.862491607666016,104.31505584716795,52.972408294677734,49.645286560058594,94.50135040283205,127.37158966064452
2020-07-10,69.9574,35.0,53.30743789672851,29.763835906982425,21.67395782470703,63.67706680297851,104.28612518310548,53.947731018066406,50.582157135009766,94.27667236328124,128.88954162597656
2020-07-13,69.1715,34.45,53.30743789672851,29.60471534729004,21.76634979248047,63.93920135498047,102.12476348876952,53.86720275878906,50.63470077514648,94.8102569580078,127.25556182861328
2020-07-14,69.921,34.79,54.64955139160156,30.643186569213867,21.877212524414062,65.32492065429688,103.30191040039062,54.65463638305664,51.10749435424805,96.69185638427734,128.52210998535156
2020-07-15,70.8087,34.95,55.56880187988281,31.30479621887207,22.311429977416992,66.99151611328125,103.86156463623048,54.699371337890625,50.9061164855957,97.94625854492188,130.35916137695312
2020-07-16,70.7405,34.54,55.752655029296875,31.162416458129883,22.311429977416992,67.01023864746094,102.57825469970705,54.81569290161133,51.55405044555664,97.78711700439452,130.0110626220703
2020-07-17,71.9558,35.02,56.22146987915039,30.7269287109375,22.12666130065918,67.41284942626953,103.08000183105467,55.110984802246094,52.718563079833984,99.1257553100586,129.40194702148438
2020-07-20,72.6867,34.69,55.7342643737793,30.216079711914062,22.02502822875977,66.58892822265625,105.71418762207033,54.55620193481445,52.02686309814453,99.1070556640625,131.470947265625
2020-07-21,73.4789,34.7,56.22146987915039,32.04175567626953,22.45924949645996,67.46903228759766,104.65277862548828,55.03044128417969,52.26327133178711,99.0415267944336,131.6739959716797
2020-07-22,73.6758,35.12,56.874141693115234,31.648149490356445,22.45924949645996,68.01207733154297,105.49224090576172,55.468902587890625,53.06880187988281,99.93084716796876,132.8052520751953
2020-07-23,74.2323,34.94,56.69948196411133,31.58953285217285,22.47772979736328,67.80608367919922,102.7519302368164,55.66575622558594,53.13008117675781,99.48149871826172,130.8135223388672
2020-07-24,73.3671,34.8,56.50644302368164,31.413660049438477,22.42229652404785,67.26304626464844,101.5072250366211,55.59417724609375,52.77985763549805,98.38624572753906,131.04556274414062
2020-07-27,74.34,35.21,57.3245735168457,31.447154998779297,22.237520217895508,67.5439224243164,103.10894775390624,55.87156295776367,52.14068603515625,99.1257553100586,131.8577423095703
2020-07-28,73.7807,35.92,56.06520080566406,30.911178588867188,22.18208885192871,67.0757827758789,101.90281677246094,56.077362060546875,52.9287109375,99.01344299316406,130.55250549316406
2020-07-29,75.723,36.6,56.52481842041016,31.5560302734375,22.59782600402832,68.09634399414062,103.37911224365234,56.15789794921875,53.173866271972656,100.05252838134766,131.87704467773438
2020-07-30,75.4046,36.3,55.430912017822266,30.316566467285156,22.19132423400879,67.41284942626953,103.95803833007812,56.15789794921875,53.173866271972656,99.35980224609376,131.77069091796875
2020-07-31,75.6713,36.26,55.48606872558594,30.174196243286133,22.20056915283203,67.16006469726562,106.55361938476562,56.10421371459961,53.26142501831055,98.78878021240234,132.45716857910156
2020-08-03,76.9141,35.68,55.17353057861328,30.28307342529297,22.265239715576172,67.44093322753906,109.17816162109376,55.952091217041016,52.68354415893555,99.80914306640624,132.17681884765625
2020-08-04,77.4051,36.21,55.95488739013672,31.02005195617676,22.1728458404541,67.60948181152344,109.4579620361328,56.65003967285156,53.26142501831055,99.36917877197266,133.2403106689453
2020-08-05,77.0523,35.94,56.77302169799805,31.346668243408203,22.47772979736328,68.90155792236328,109.86324310302734,56.533721923828125,52.57847213745117,99.8278579711914,134.8646240234375
2020-08-06,77.2262,36.01,56.534027099609375,31.09542655944824,22.468486785888672,69.16371154785156,111.40704345703124,56.524776458740234,52.88492965698242,99.29426574707033,135.52203369140625
2020-08-07,77.78,36.5,56.727054595947266,31.13729476928711,22.948898315429688,70.34343719482422,109.74744415283205,56.82900619506836,53.83930969238281,99.612548828125,135.72506713867188
2020-08-10,77.6805,36.44,57.27861404418945,32.10039520263672,23.11519432067871,72.07559204101562,109.43866729736328,57.12428283691406,53.82179260253906,99.27555847167967,137.34938049316406
2020-08-11,76.9344,35.74,57.17749786376953,31.99151611328125,23.383115768432617,72.4594497680664,107.47028350830078,56.7305793762207,52.65727233886719,98.64835357666016,137.0786895751953
2020-08-12,77.0854,36.19,57.517616271972656,32.30976104736328,23.318449020385746,72.69351959228516,109.91146087646484,57.46431350708008,53.41902923583984,100.30528259277344,138.8963165283203
2020-08-13,76.9201,35.77,57.5084342956543,31.681652069091797,23.170629501342773,72.30964660644531,109.9596939086914,57.41957092285156,53.33147430419922,100.17423248291016,138.83828735351562
2020-08-14,76.7538,35.86,57.57277297973633,31.983142852783203,23.26301383972168,72.59051513671875,109.8825225830078,57.41062545776367,52.8674201965332,99.97765350341795,138.82861328125
2020-08-17,76.0376,36.18,57.83016204833984,31.79889488220215,22.87499237060547,72.25345611572266,110.61583709716795,57.73274993896485,52.797367095947266,100.56741333007812,140.61727905273438
2020-08-18,75.6831,36.14,57.59115219116211,31.39691162109375,22.72716903686523,71.86022186279297,111.03074645996094,57.96540451049805,52.56095886230469,100.53929901123048,141.48744201660156
2020-08-19,75.9362,35.4,57.42569732666016,31.036802291870117,22.71792984008789,71.67298889160156,110.89566802978516,57.50905227661133,52.40336227416992,100.21165466308594,140.82032775878906
2020-08-20,75.4078,35.78,57.22346496582031,30.3668212890625,22.505443572998047,71.28909301757812,112.37196350097656,57.39272689819336,51.939300537109375,99.89339447021484,140.60763549804688
2020-08-21,74.6213,35.9,56.89252471923828,30.174196243286133,22.45924949645996,71.579345703125,113.8000030517578,57.53589630126953,52.02686309814453,99.99636840820312,141.332763671875
2020-08-24,74.9337,35.95,57.894508361816406,31.003297805786133,22.99509048461914,72.87142181396484,114.7842025756836,58.02804183959961,52.482154846191406,99.53768157958984,143.47914123535156
2020-08-25,74.9411,36.06,57.664695739746094,30.56781768798828,23.05976295471191,72.77778625488281,115.36314392089844,57.90277099609375,51.98308181762695,100.21165466308594,143.952880859375
2020-08-26,74.894,35.81,58.27140426635742,29.92295837402344,22.948898315429688,72.81524658203125,117.70783233642578,57.974361419677734,51.40519714355469,100.0899887084961,145.37417602539062
2020-08-27,74.3771,36.29,58.1151237487793,29.981576919555664,23.336923599243164,73.07740783691406,117.80432891845705,58.33228302001953,51.571556091308594,100.87631225585938,144.5909881591797
2020-08-28,74.4584,36.57,58.804561614990234,30.517566680908203,23.429311752319336,73.77025604248047,118.83678436279295,58.851261138916016,51.720401763916016,101.10099029541016,145.53851318359375
2020-08-31,74.44,36.25,57.90370178222656,29.85595703125,23.152149200439453,72.85266876220703,119.2130889892578,58.681251525878906,51.87801742553711,101.34437561035156,145.1131134033203
2020-09-01,74.6922,36.19,59.53077697753906,29.654964447021484,23.21681785583496,73.59236145019531,121.49024200439452,58.74388122558594,51.282615661621094,100.43633270263672,146.6310272216797
2020-09-02,75.8579,37.0,60.882076263427734,29.512596130371097,23.549413681030273,74.8095474243164,122.57091522216795,59.808692932128906,52.876163482666016,102.4489974975586,148.66139221191406
2020-09-03,71.925,36.38,59.1998405456543,29.29485321044922,23.189105987548828,72.7122573852539,115.5850601196289,58.7796745300293,52.28078079223633,99.6593780517578,143.94320678710938
2020-09-04,71.0642,36.25,59.23661804199219,29.202730178833008,23.36463928222656,72.88078308105469,113.97369384765624,58.64546585083008,51.98308181762695,98.94792175292967,142.28025817871094
2020-09-08,69.5972,35.79,58.12433242797851,28.139135360717773,22.764123916625977,71.5137939453125,108.82112884521484,57.41062545776367,51.69413757324219,97.31907653808594,140.4142303466797
2020-09-09,70.3737,36.18,59.622711181640625,28.331758499145508,22.99509048461914,72.6186294555664,112.37196350097656,58.24279022216797,52.37709426879883,99.0415267944336,143.06338500976562
2020-09-10,69.0995,35.67,59.06195068359375,27.293285369873047,22.671735763549805,71.69168853759766,109.8342742919922,57.526954650878906,51.475242614746094,97.52499389648438,141.0137176513672
2020-09-11,68.9056,35.55,59.81575393676758,27.31841087341309,22.828792572021484,72.66544342041016,108.99481964111328,57.849082946777344,51.59783172607422,97.9088363647461,141.2263946533203
2020-09-14,69.4391,36.42,60.67985153198242,27.52777862548828,23.142911911010746,73.6485366821289,111.28163146972656,58.22489929199219,52.30704116821289,99.31298065185548,142.7249755859375
2020-09-15,69.5788,36.9,60.97401809692383,27.3267879486084,22.828792572021484,73.69535064697266,112.3816146850586,58.14435958862305,52.65727233886719,99.4440689086914,143.89486694335938
2020-09-16,69.7737,37.14,61.01997375488281,28.423877716064453,23.08747673034668,74.44438934326172,110.6447982788086,57.88488006591797,52.58722686767578,99.27555847167967,143.0924072265625
2020-09-17,69.1783,36.32,61.47039794921875,28.465749740600582,22.84726905822754,74.59418487548828,109.72814178466795,57.51799774169922,52.15819549560547,98.94792175292967,141.08135986328125
2020-09-18,69.0642,35.6,60.41326522827149,28.147510528564453,22.80108070373535,73.76089477539062,107.8369369506836,56.99005889892578,51.23884201049805,98.79812622070312,139.1186981201172
2020-09-21,67.9109,34.44,58.37954330444336,27.214536666870117,22.229774475097656,71.31238555908203,108.73339080810548,56.5553092956543,50.9200325012207,96.97295379638672,137.10919189453125
2020-09-22,68.2094,34.85,58.49036407470703,26.933624267578125,22.043983459472656,72.017333984375,110.45471954345705,56.88835144042969,51.23795700073242,96.76620483398438,140.0061798095703
2020-09-23,65.7824,33.85,56.77251052856445,25.71633529663086,21.55164337158203,70.72962951660156,107.0120620727539,56.033226013183594,50.45199203491211,95.76996612548828,137.70989990234375
2020-09-24,65.7307,34.01,57.17887878417969,25.70782470703125,21.59809112548828,70.8330078125,107.61162567138672,56.44729232788086,51.01717758178711,95.2906265258789,137.65176391601562
2020-09-25,66.4161,34.67,57.68685150146485,25.69079971313477,21.821035385131836,71.89514923095703,110.18394470214844,56.744327545166016,51.85613250732422,96.82258605957033,139.44424438476562
2020-09-28,67.5257,35.27,58.619659423828125,26.295188903808594,22.341249465942383,73.1922378540039,112.29207611083984,57.383426666259766,51.98859786987305,97.69664764404295,142.36062622070312
2020-09-29,67.9286,35.09,58.18558883666992,25.571624755859375,22.06256866455078,72.54367065429688,111.91492462158205,57.005367279052734,51.9709358215332,97.57444763183594,141.25608825683594
2020-09-30,67.5398,35.27,58.77667236328125,25.49500846862793,22.35983085632324,72.355712890625,112.85294342041016,57.69847869873047,52.438987731933594,99.13459777832033,142.40908813476562
2020-10-01,67.8144,35.85,57.94545364379883,24.711854934692383,22.396989822387695,72.13951873779297,114.04239654541016,58.02252197265625,52.968849182128906,98.79625701904295,144.2693328857422
2020-10-02,67.9075,36.43,58.4626579284668,24.950204849243164,22.573486328125,72.94786834716797,111.15097045898438,57.69847869873047,53.595855712890625,97.89400482177734,143.65896606445312
2020-10-05,69.3559,36.63,59.5801887512207,25.699312210083008,22.945070266723633,74.12276458740234,113.58790588378906,58.08552551269531,54.26701736450195,99.9052734375,145.55799865722656
2020-10-06,69.0521,36.32,58.83209228515625,25.316246032714844,22.71282958984375,73.2204360961914,111.827880859375,57.70747375488281,54.72623443603515,98.58009338378906,142.86447143554688
2020-10-07,69.84,36.42,60.34675979614258,25.67377281188965,23.093700408935547,74.83711242675781,113.87800598144533,58.32857131958008,55.06181335449219,100.44098663330078,146.1296844482422
2020-10-08,70.8868,37.03,60.95631790161133,26.63569068908691,23.409543991088867,75.57965850830078,114.46790313720705,58.71562576293945,56.06856155395508,100.9297103881836,147.0888671875
2020-10-09,72.1319,36.93,61.42736053466797,26.210060119628903,23.437408447265625,75.86163330078125,116.21824645996094,59.1746826171875,56.05973052978515,101.84136962890624,148.61968994140625
2020-10-12,73.0961,37.12,61.32576751708984,26.27815818786621,23.697511672973633,76.29399871826172,119.39010620117188,59.8587760925293,56.4129638671875,102.53682708740234,150.59629821777344
2020-10-13,72.2012,36.49,60.78084182739258,25.86955451965332,23.242334365844727,75.44807434082031,118.62614440917967,59.813777923583984,56.0244026184082,101.75675964355467,150.56723022460938
2020-10-14,71.8877,36.07,60.95631790161133,25.980220794677734,23.019386291503903,75.87105560302734,117.99757385253906,59.50773620605469,55.953765869140625,101.1646499633789,148.90072631835938
2020-10-15,71.8636,36.24,60.78084182739258,26.295188903808594,23.195886611938477,76.14360809326172,117.4656982421875,59.543739318847656,55.91843032836914,100.43160247802734,149.4529571533203
2020-10-16,71.8326,36.11,61.205684661865234,25.699312210083008,23.214466094970703,76.69815826416016,117.12725067138672,59.561744689941406,56.51893997192383,101.4278335571289,148.09652709960938
2020-10-19,71.4966,35.54,60.49454116821289,25.15450668334961,22.861461639404297,75.74884033203125,114.98043060302734,58.787628173828125,56.04206466674805,99.8206787109375,146.2749786376953
2020-10-20,71.6197,35.78,60.6330680847168,25.45244598388672,23.047250747680664,76.14360809326172,115.37691497802734,58.7246208190918,56.377647399902344,99.9522705078125,147.44737243652344
2020-10-21,71.5517,35.65,60.40217208862305,24.96723365783691,22.926488876342773,75.37289428710938,115.20285034179688,58.77862930297851,56.227516174316406,99.45413970947266,146.6431884765625
2020-10-22,71.5063,35.4,60.73466491699219,25.99724769592285,23.38167381286621,75.99322509765625,114.66131591796876,58.75162124633789,57.02231979370117,100.95790100097656,146.94354248046875
2020-10-23,71.5191,35.63,60.95631790161133,25.86955451965332,23.455991744995117,76.29399871826172,114.53559112548828,58.85963821411133,57.1812744140625,101.33383178710938,148.23219299316406
2020-10-26,70.0686,35.2,59.43241500854492,24.941699981689453,22.926488876342773,74.38593292236328,112.05030059814452,58.10353469848633,57.163604736328125,100.20601654052734,145.38360595703125
2020-10-27,70.1498,34.75,58.86903762817383,24.61821746826172,22.508459091186523,72.75988006591797,112.6112060546875,57.95050048828125,57.11945343017578,99.51992797851562,145.31581115722656
2020-10-28,67.9771,33.98,57.20658493041992,23.588207244873047,21.932512283325195,70.37246704101562,107.8340301513672,56.25826644897461,55.45920944213867,96.36206817626952,140.72323608398438
2020-10-29,68.8817,34.37,58.38876724243164,24.311763763427734,22.09972763061523,71.39697265625,109.63272094726562,56.24025344848633,55.609344482421875,95.57259368896484,141.6145782470703
2020-10-30,68.0161,34.15,58.35183334350586,24.44796562194824,22.164749145507812,71.31238555908203,107.20547485351562,56.04222869873047,55.08830642700195,95.54439544677734,138.52377319335938
2020-11-02,68.7258,34.99,60.29134750366211,25.282196044921875,22.582778930664062,73.23922729492188,107.47623443603516,56.9333610534668,56.29816818237305,97.26431274414062,139.51206970214844
2020-11-03,70.8338,35.54,61.2333984375,25.137481689453125,23.08441162109375,75.40107727050781,109.3716278076172,57.8694953918457,57.110626220703125,98.68347930908205,142.58348083496094
2020-11-04,70.8335,35.64,60.18975067138672,25.171533584594727,22.815013885498047,74.62092590332031,113.62657165527344,57.89649963378906,56.254005432128906,103.06315612792967,145.6160888671875
2020-11-05,73.6123,35.77,62.646484375,25.171533584594727,23.372386932373047,76.37860870361328,117.15626525878906,58.3195686340332,56.757381439208984,103.26988983154295,148.4550323486328
2020-11-06,73.7807,35.63,62.803504943847656,24.62672996520996,23.186595916748047,76.45377349853516,117.57207489013672,58.589595794677734,56.63374328613281,103.30748748779295,148.0093536376953
2020-11-09,74.4847,36.57,64.216552734375,28.14240264892578,25.090940475463867,79.05740356445312,116.72108459472656,58.45458984375,57.68464279174805,104.27554321289062,147.5248565673828
2020-11-10,74.1772,36.77,64.97389221191406,29.053241729736328,25.220993041992188,80.44849395751953,114.54524993896484,59.60675430297851,58.5147705078125,104.57628631591795,147.00164794921875
2020-11-11,74.8584,37.05,64.00413513183594,28.755306243896484,25.118810653686523,79.7717514038086,117.26261138916016,60.11983871459961,58.73554229736328,104.4447021484375,148.29034423828125
2020-11-12,74.4021,36.67,62.65570831298828,27.827438354492188,24.700782775878903,78.8600082397461,116.21824645996094,59.95781326293945,57.790626525878906,104.0593719482422,146.30406188964844
2020-11-13,76.1559,37.51,63.736305236816406,28.840431213378903,25.10952377319336,80.6082763671875,117.20459747314452,60.78591537475586,58.36465072631836,105.37515258789062,148.67784118652344
2020-11-16,77.1721,37.75,64.99238586425781,30.73872184753418,25.666894912719727,82.57272338867188,118.33602905273438,61.34400177001953,58.95632553100586,105.1965789794922,150.6253662109375
2020-11-17,77.3138,37.77,64.75226593017578,31.053680419921875,25.629732131958008,82.35655975341797,117.6784439086914,60.91194534301758,57.7994499206543,104.51049041748048,149.98585510253906
2020-11-18,76.4416,37.13,64.216552734375,30.151355743408203,25.388206481933594,81.98997497558594,116.42130279541016,60.07482147216797,56.669071197509766,102.56501770019533,148.9588623046875
2020-11-19,76.6859,37.19,64.4843978881836,30.64508628845215,25.47181510925293,82.1967544555664,117.35934448242188,60.23684310913086,56.10387420654297,102.48983764648438,149.69522094726562
2020-11-20,77.0899,36.94,64.42900085449219,30.483341217041016,25.24886703491211,81.45420837402344,116.1505355834961,59.8587760925293,56.11270523071289,102.25487518310548,148.910400390625
2020-11-23,77.9891,36.82,64.96466827392578,32.63701248168945,25.722627639770508,82.8171157836914,116.12151336669922,59.87679290771485,56.12154006958008,101.9917221069336,150.54783630371094
2020-11-24,78.9517,36.8,66.58094024658203,34.313987731933594,26.623708724975582,84.26460266113281,117.73645782470705,60.28184127807617,56.72206115722656,102.29246520996094,152.7860107421875
2020-11-25,78.9853,36.89,65.88824462890625,33.5138053894043,26.53081512451172,83.62545013427734,117.98790740966795,60.245849609375,56.8721923828125,101.91654205322266,152.97010803222656
2020-11-27,79.5091,36.82,66.22997283935547,33.12222671508789,26.44721031188965,83.48444366455078,118.61648559570312,60.23684310913086,56.3070068359375,102.85637664794922,153.2994842529297
2020-11-30,78.7164,36.5,65.56498718261719,31.292036056518555,25.899126052856445,82.7419204711914,119.40946197509766,60.22785568237305,55.49453353881836,103.13832092285156,152.36936950683594
2020-12-01,79.3775,36.96,66.28538513183594,31.436750411987305,26.298580169677734,82.53511810302734,120.93734741210938,60.75891876220703,55.88310241699219,104.0029754638672,153.50299072265625
2020-12-02,79.97,36.57,65.4356918334961,32.458251953125,26.5865535736084,82.6479263305664,120.75362396240234,60.25484848022461,56.254005432128906,104.78304290771484,152.5437774658203
2020-12-03,80.4094,36.84,64.98314666748047,32.79875564575195,26.595842361450195,82.86412048339844,120.67625427246094,60.40787124633789,55.6711540222168,104.65147399902344,152.97010803222656
2020-12-04,81.3398,37.33,66.29460906982422,34.586387634277344,26.920976638793945,83.85102844238281,121.88506317138672,60.87592315673828,55.11479949951172,105.76988983154295,153.11541748046875
2020-12-07,81.9657,36.96,65.86054992675781,33.7776985168457,26.735183715820312,83.44686889648438,122.23319244384766,60.64191055297851,55.42389297485352,105.12139129638672,152.76663208007812
2020-12-08,82.2886,36.79,66.22997283935547,34.279937744140625,26.725894927978516,83.85102844238281,122.62966918945312,60.97494888305664,55.256099700927734,105.92025756835938,152.4468994140625
2020-12-09,81.1332,36.45,66.26691436767578,34.35654830932617,26.660871505737305,84.03900909423828,120.2797622680664,60.7319221496582,55.158958435058594,105.55371856689452,152.30157470703125
2020-12-10,81.7312,36.25,65.86054992675781,35.41210174560547,26.70731735229492,83.24006652832031,120.45384979248048,60.46187973022461,54.8763542175293,105.37515258789062,152.1659393310547
2020-12-11,81.8528,36.27,65.48186492919922,35.00349426269531,26.43791961669922,83.43745422363281,120.20240783691406,60.59689712524414,54.96467590332031,104.96163177490234,151.43923950195312
2020-12-14,82.7978,36.01,64.65065002441406,33.7776985168457,26.131366729736328,82.35655975341797,120.63758087158205,60.362850189208984,54.682071685791016,104.17214965820312,151.66209411621094
2020-12-15,83.7636,36.64,65.82359313964844,34.44166946411133,26.577260971069336,83.50326538085938,122.64903259277344,60.50688171386719,55.75947570800781,105.29995727539062,153.70645141601562
2020-12-16,83.4027,36.65,65.63887023925781,34.271419525146484,26.623708724975582,82.9863052368164,123.48065185546876,60.623897552490234,55.11479949951172,104.98981475830078,154.7141571044922
2020-12-17,83.87,37.08,66.39620971679688,34.109683990478516,26.69802474975586,83.49386596679688,124.4573745727539,61.01095199584961,55.4857177734375,106.11764526367188,155.77023315429688
2020-12-18,84.7521,36.44,66.69178009033203,33.53934097290039,26.46578788757324,83.50326538085938,124.02220153808594,61.14598846435547,55.008827209472656,106.20221710205078,155.0144805908203
2020-12-21,83.9382,35.65,66.33811950683594,32.892364501953125,26.82255172729492,82.99925994873047,124.1462631225586,60.48701858520508,54.34268569946289,105.13961029052734,153.2633819580078
2020-12-22,85.8548,35.9,65.92972564697266,32.34027099609375,26.561050415039062,82.61228942871094,125.22217559814452,60.06041717529297,54.23581314086914,104.8187255859375,152.60328674316406
2020-12-23,85.7168,35.56,66.02252197265625,33.05625915527344,27.0,83.04645538330078,124.27227783203124,60.26009750366211,54.12894058227539,104.89423370361328,152.93331909179688
2020-12-24,85.6243,35.91,66.44022369384766,32.88373947143555,27.037353515625,83.05589294433594,125.09615325927734,60.559627532958984,54.51189041137695,105.19622039794922,153.253662109375
2020-12-28,85.8298,36.2,66.18032836914062,32.67670440673828,27.168107986450195,83.15971374511719,126.5113296508789,61.04068756103515,54.752342224121094,105.46044921875,155.0009002685547
2020-12-29,84.5156,35.92,66.02252197265625,32.46105194091797,27.07471466064453,82.65948486328125,125.91036987304688,60.85917663574219,54.74344253540039,105.96062469482422,155.04945373535156
2020-12-30,84.6866,36.12,66.93218231201172,32.970008850097656,27.196125030517575,83.18801879882812,125.84251403808594,60.79562759399414,55.01951599121094,105.94175720214844,155.9813232421875
2020-12-31,84.75,36.56,67.19205474853516,32.693965911865234,27.532337188720703,83.5749740600586,126.02666473388672,61.22222137451172,55.83885192871094,107.05533599853516,156.06866455078125
2021-01-04,84.0794,35.38,66.55160522460938,32.74570846557617,27.158769607543945,81.55522155761719,123.97178649902344,60.559627532958984,54.43174743652344,106.5929183959961,154.74850463867188
2021-01-05,85.0745,35.34,68.0459976196289,34.212196350097656,27.280176162719727,82.35745239257812,124.77630615234376,60.559627532958984,54.4228401184082,107.36676788330078,155.9036407470703
2021-01-06,86.22,35.17,70.8305892944336,35.255985260009766,28.484952926635746,84.32059478759766,122.62448120117188,60.605003356933594,55.77650451660156,108.83898162841795,157.4955596923828
2021-01-07,87.4688,35.28,71.35965728759766,35.77356719970703,28.895885467529297,84.78306579589844,125.92975616455078,60.42348098754883,55.04622650146485,110.25454711914062,160.5338592529297
2021-01-08,88.0931,35.66,71.01622009277344,35.73044204711914,28.87720489501953,84.57542419433594,126.74397277832033,60.72300338745117,55.509334564208984,110.78302764892578,163.8439178466797
2021-01-11,87.9748,35.06,71.01622009277344,36.2911491394043,28.97059631347656,84.54711151123047,125.69710540771484,60.20563507080078,54.99280548095703,111.30207061767578,160.78627014160156
2021-01-12,89.3169,35.09,71.91658020019531,37.559234619140625,29.26945686340332,85.38712310791016,125.09615325927734,60.00594711303711,54.69891357421875,110.09410858154295,163.2421417236328
2021-01-13,88.3123,35.57,71.18331146240234,37.26593780517578,29.25078010559082,84.65094757080078,125.89098358154295,60.09672164916992,55.767601013183594,110.3960952758789,163.2323760986328
2021-01-14,91.3536,35.79,70.94196319580078,38.370113372802734,29.381528854370117,84.94351959228516,124.7860107421875,59.77903747558594,55.553855895996094,110.04691314697266,162.1937713623047
2021-01-15,91.021,36.34,69.93022918701172,36.87775039672851,28.895885467529297,83.8392562866211,123.5065460205078,59.57026672363281,56.09711456298828,110.38665771484376,160.94154357910156
2021-01-19,92.3269,36.1,70.17157745361328,37.619625091552734,28.97059631347656,84.11296844482422,125.11556243896484,59.30704116821289,55.88336944580078,111.21713256835938,161.85403442382812
2021-01-20,92.57,36.85,70.40362548828125,37.75764083862305,28.849184036254883,84.6320571899414,127.59691619873048,59.41596984863281,56.21288299560547,111.83055114746094,164.91168212890625
2021-01-21,92.7075,36.73,69.37330627441406,36.48094177246094,28.540987014770508,83.97139739990234,129.24472045898438,59.21627426147461,55.88336944580078,111.30207061767578,165.67855834960938
2021-01-22,93.5797,36.82,69.03916931152344,36.2911491394043,28.33552360534668,83.5372314453125,128.75038146972656,59.06197738647461,55.96351623535156,110.97177124023438,165.1155548095703
2021-01-25,95.025,37.15,68.67716217041016,35.920223236083984,28.13005828857422,82.97093963623047,129.82626342773438,59.65195846557617,57.08563995361328,111.69842529296876,165.72711181640625
2021-01-26,96.1075,37.53,67.73041534423828,35.152469635009766,27.905912399291992,82.20645141601562,129.91351318359375,60.18748474121094,56.51567459106445,111.28319549560548,165.62033081054688
2021-01-27,95.9831,37.05,65.73479461669922,34.67803192138672,27.084047317504883,80.57364654541016,127.4612274169922,59.170894622802734,54.99280548095703,107.90467834472656,160.5144500732422
2021-01-28,93.7248,37.15,66.8672103881836,35.083465576171875,27.588375091552734,81.77229309082031,127.98464965820312,59.39781188964844,55.651824951171875,109.48069763183594,161.01922607421875
2021-01-29,92.1769,36.76,65.56771850585938,33.91890335083008,27.037353515625,80.00735473632812,124.97016143798828,58.17245864868164,55.349021911621094,108.55585479736328,157.2626190185547
2021-02-01,93.74,37.59,66.33811950683594,34.16044616699219,27.392250061035156,80.83792877197266,128.10098266601562,58.226924896240234,55.61620330810547,108.97108459472656,161.34922790527344
2021-02-02,93.15,37.75,67.21061706542969,34.531375885009766,28.055343627929688,82.55567169189453,129.8359832763672,58.61722183227539,56.07038497924805,109.28252410888672,164.77581787109375
2021-02-03,94.1371,37.6,67.34058380126953,36.006492614746094,28.214109420776367,82.61228942871094,129.39010620117188,58.707977294921875,55.892276763916016,108.5086669921875,163.85365295410156
2021-02-04,95.3647,37.81,67.09923553466797,36.40330123901367,28.839845657348633,83.4994888305664,131.45468139648438,59.13459396362305,56.32865524291992,108.9616241455078,165.6009063720703
2021-02-05,97.2347,37.94,68.25019836425781,36.71384811401367,28.849184036254883,83.99026489257812,131.16390991210938,59.68826675415039,56.63145446777344,109.15982818603516,167.18313598632812
2021-02-08,99.0177,38.02,68.81640625,38.24934768676758,29.222761154174805,84.70755004882812,132.54029846191406,59.91518020629883,56.195068359375,109.29196166992188,168.13441467285156
2021-02-09,99.068,38.19,68.30590057373047,37.84390640258789,29.232099533081055,84.92466735839844,132.3852081298828,59.8607177734375,56.27523040771485,109.45237731933594,167.20254516601562
2021-02-10,98.8707,38.45,68.23163604736328,38.56851577758789,29.232099533081055,84.79249572753906,132.19134521484375,59.79718399047851,56.49786376953125,109.65057373046876,165.55235290527344
2021-02-11,98.6398,38.38,68.2966079711914,37.97329330444336,29.138708114624023,84.61319732666016,133.645263671875,59.53395462036133,56.1772575378418,109.85819244384766,165.0961456298828
2021-02-12,99.5629,38.37,69.0020523071289,38.53400802612305,29.437562942504883,85.2266616821289,134.33348083496094,59.624725341796875,55.767601013183594,110.67921447753906,165.32911682128906
2021-02-16,99.4,37.96,68.87207794189453,39.50017166137695,29.94188690185547,85.14171600341797,133.89727783203125,59.51580810546875,55.144195556640625,109.58451080322266,164.61083984375
2021-02-17,97.8593,37.99,68.83496856689453,40.086761474609375,30.091318130493164,84.9057846069336,132.71478271484375,59.733638763427734,55.188724517822266,109.9808578491211,165.56204223632812
2021-02-18,96.1704,37.97,68.40798950195312,39.18098449707031,29.913867950439453,84.4810562133789,132.06532287597656,59.69734191894531,55.51824188232422,109.29196166992188,165.61062622070312
2021-02-19,96.6057,38.09,69.66107177734375,39.83658981323242,30.26876640319824,85.86846923828125,131.8715057373047,58.94397735595703,54.69001388549805,107.9707489013672,164.64959716796875
2021-02-22,94.4883,38.31,69.93022918701172,41.21681594848633,30.5489444732666,86.14217376708984,128.963623046875,58.99843215942383,53.62131881713867,107.71593475341795,161.1745147705078
2021-02-23,93.8,38.45,70.17157745361328,41.8983039855957,30.735727310180664,86.40643310546875,128.60496520996094,59.08013153076172,54.06660461425781,107.53663635253906,160.116455078125
2021-02-24,94.9568,38.63,70.7841796875,43.382041931152344,31.333452224731445,88.03923034667969,130.5726318359375,59.04381561279297,53.43431091308594,108.28216552734376,161.79574584960938
2021-02-25,93.19,38.0,69.15055084228516,42.54527282714844,30.76374626159668,86.4158706665039,126.00732421875,58.39937210083008,52.95338821411133,107.19688415527344,155.77745056152344
2021-02-26,92.49,37.34,68.2687759399414,41.53599548339844,30.175369262695312,85.51925659179688,126.67610931396484,57.45540237426758,51.97376251220703,106.27205657958984,156.42779541015625
2021-03-01,95.3351,37.38,69.9952163696289,42.614288330078125,31.11863899230957,87.70890808105469,130.75677490234375,58.03630447387695,53.122596740722656,107.65931701660156,160.09703063964844
2021-03-02,93.1025,37.15,70.38507080078125,42.381378173828125,31.00657081604004,87.4540786743164,128.68251037597656,57.936466217041016,52.96229553222656,107.34789276123048,158.25271606445312
2021-03-03,92.1141,36.69,69.68889617919922,43.002471923828125,31.2493896484375,87.5484619140625,125.44508361816406,57.66416549682617,52.338897705078125,105.98893737792967,154.53497314453125
2021-03-04,89.5813,36.42,68.33375549316406,44.02901077270508,30.89449691772461,86.151611328125,122.67295837402344,57.45540237426758,52.29436874389648,104.56393432617188,151.26373291015625
2021-03-05,90.76,36.84,69.90238189697266,45.676658630371094,31.482872009277344,88.19025421142578,124.9895477294922,58.72613906860352,53.14931869506836,106.65898895263672,152.22471618652344
2021-03-08,92.2321,37.02,70.8398666381836,45.76291275024414,31.884462356567383,89.11520385742188,121.96536254882812,58.98028945922851,53.89739608764648,106.39473724365234,152.40911865234375
2021-03-09,94.41,37.44,71.27610778808594,44.96066665649414,31.594955444335938,88.74710083007812,126.11389923095705,58.92581558227539,54.6098518371582,107.0176010131836,158.1653594970703
2021-03-10,95.54,37.81,72.4549331665039,46.09934997558594,32.23936080932617,90.05900573730469,125.6098861694336,59.69734191894531,54.983890533447266,107.2629623413086,158.9710235595703
2021-03-11,96.52,38.37,72.84476470947266,46.11659240722656,32.14596176147461,90.12508392333984,128.29481506347656,59.55211639404297,54.84140396118164,107.9141082763672,161.40748596191406
2021-03-12,97.4624,39.03,73.03968048095703,46.21148681640625,32.472843170166016,91.33316040039062,127.37399291992188,60.0422477722168,55.58057403564453,108.15005493164062,161.88316345214844
2021-03-15,98.407,39.47,73.12322235107422,45.68527603149414,32.28606414794922,92.09764099121094,128.73097229003906,60.30548477172851,56.29303741455078,108.89556884765624,164.05751037597656
2021-03-16,98.0262,39.47,72.51990509033203,44.382694244384766,31.94984245300293,90.78575134277344,129.7002716064453,60.37810134887695,56.364280700683594,108.82953643798828,162.3587646484375
2021-03-17,98.4349,39.41,73.16964721679688,44.727745056152344,32.16464614868164,91.83341217041016,129.5936737060547,60.28731918334961,55.44698715209961,108.43315887451172,164.6399383544922
2021-03-18,95.85,39.16,72.76123046875,42.717803955078125,32.33274459838867,91.7484359741211,125.9976043701172,60.0422477722168,55.24216079711914,108.20668029785156,160.61155700683594
2021-03-19,96.1914,38.64,72.39923095703125,42.7264289855957,31.95918083190918,91.0500030517578,125.61959075927734,60.251014709472656,55.3935546875,108.59358978271484,161.572509765625
2021-03-22,96.4049,38.68,72.44398498535156,42.31669235229492,31.547372817993164,90.99889373779295,128.08966064453125,60.8870849609375,55.3137092590332,109.53868865966795,162.6361541748047
2021-03-23,93.4481,38.8,70.93394470214844,41.697723388671875,31.106470108032227,89.40838623046875,127.29322052001952,61.14260482788086,56.1391487121582,108.43072509765624,161.10975646972656
2021-03-24,90.7288,38.63,71.44661712646484,42.743865966796875,31.21904945373535,90.0616455078125,125.74877166748048,60.90534591674805,56.1570930480957,108.30760192871094,158.72772216796875
2021-03-25,92.9519,38.96,72.48126220703125,42.90078353881836,31.744361877441406,91.50065612792967,125.67105865478516,61.498512268066406,56.75823211669922,108.76214599609376,160.11802673339844
2021-03-26,94.9169,39.91,74.28025817871094,43.964378356933594,32.241546630859375,93.0816879272461,128.8667449951172,62.58447265625,56.94664764404297,110.81713104248048,161.45001220703125
2021-03-29,92.6915,39.82,74.02857208251953,43.44129943847656,31.960121154785156,93.10061645507812,128.19651794433594,63.21414566040039,57.5567626953125,111.3379898071289,160.56527709960938
2021-03-30,92.973,39.65,73.81420135498047,43.06642532348633,32.18526077270508,93.5076904296875,126.98235321044922,62.53883743286133,57.03636932373047,110.33416748046876,162.14028930664062
2021-03-31,93.8941,39.49,73.45068359375,42.77002716064453,31.94135284423828,93.20476531982422,129.0027313232422,62.338077545166016,57.45806884765625,110.55197143554688,163.4042510986328
2021-04-01,94.8081,40.12,74.09380340576172,43.859764099121094,32.335357666015625,93.51718139648438,131.59620666503906,62.03694152832031,57.40422439575195,110.22055053710938,164.71670532226562
2021-04-05,95.7705,40.33,75.0073013305664,42.8136100769043,32.588626861572266,94.67218017578124,134.31593322753906,62.83086395263672,58.032283782958984,110.98757934570312,168.45985412597656
2021-04-06,95.0213,40.43,75.1750717163086,42.70027542114258,32.52296447753906,94.44496154785156,133.7428436279297,63.09553146362305,58.337345123291016,110.56144714355467,169.1890411376953
2021-04-07,94.4259,40.48,73.87943267822266,42.848480224609375,32.68243408203125,94.0094757080078,134.45191955566406,62.94038391113281,58.26556396484375,110.31522369384766,168.6834716796875
2021-04-08,96.3731,40.28,73.97264862060547,42.2905387878418,32.69182205200195,94.23667907714844,136.3945770263672,63.00425338745117,58.220703125,110.48570251464844,169.48072814941406
2021-04-09,96.5946,40.34,74.61579132080078,42.01155853271485,32.97323989868164,95.15499877929688,137.7058868408203,62.894744873046875,58.15790557861328,111.69783782958984,171.09463500976562
2021-04-12,95.8249,40.58,74.87679290771484,41.68028259277344,33.113948822021484,95.50528717041016,137.04537963867188,63.232398986816406,58.21172332763672,111.81146240234376,172.19325256347656
2021-04-13,96.3227,40.82,74.69969177246094,41.72386932373047,32.80439376831055,95.04138946533205,138.33726501464844,62.894744873046875,58.902587890625,112.27550506591795,174.01133728027344
2021-04-14,95.9579,40.57,75.24032592773438,42.88335418701172,33.00137710571289,95.16446685791016,136.8705291748047,62.84000015258789,59.16278839111328,112.26604461669922,172.3002166748047
2021-04-15,96.29,41.34,76.12580871582031,42.534645080566406,32.97323989868164,95.54314422607422,139.22116088867188,63.341915130615234,59.81775665283203,114.18843841552734,173.53492736816406
2021-04-16,96.7814,41.4,77.04864501953125,42.19462966918945,33.207763671875,95.7514419555664,139.19204711914062,63.70695114135742,60.30226516723633,115.04071807861328,174.8766326904297
2021-04-19,95.3817,41.53,76.69441986083984,42.15105056762695,33.113948822021484,95.35381317138672,138.0361328125,63.4605598449707,59.9972038269043,115.0691375732422,172.9127197265625
2021-04-20,93.764,41.99,75.95805358886719,41.035160064697266,32.49481964111328,94.30294036865234,136.812255859375,63.80732727050781,60.75983810424805,115.51423645019533,170.73489379882812
2021-04-21,95.1934,42.18,77.33757019042969,41.558231353759766,32.945091247558594,95.59049224853516,138.1915283203125,64.12672424316406,60.248416900634766,116.87789154052734,173.00994873046875
2021-04-22,94.9237,42.0,76.03263092041016,41.070037841796875,32.57925033569336,95.10765838623048,136.56944274902344,63.652198791503906,59.81775665283203,116.3570556640625,171.09463500976562
2021-04-23,96.25,42.24,77.28164672851562,41.44490432739258,33.188995361328125,96.14905548095705,138.6092071533203,63.48792266845703,59.73701858520508,117.12410736083984,172.88352966308594
2021-04-26,97.5176,42.33,77.73838806152344,41.72386932373047,33.3203239440918,95.8650360107422,139.31826782226562,62.776123046875,59.39606094360352,116.72637176513672,173.6418914794922
2021-04-27,96.8871,42.33,77.53331756591797,42.22951126098633,33.582984924316406,96.6602783203125,138.9783172607422,62.73049545288086,58.9384765625,116.0540008544922,173.43771362304688
2021-04-28,96.38,42.18,77.7477035522461,43.68540573120117,33.71431350708008,96.46148681640624,137.68646240234375,62.776123046875,58.85772705078125,115.70361328125,173.23355102539062
2021-04-29,97.3029,42.49,78.23241424560547,44.17360305786133,34.31467819213867,97.14310455322266,137.5699005126953,63.442291259765625,59.39606094360352,115.23959350585938,173.28213500976562
2021-04-30,95.5507,42.77,77.40282440185547,43.05771255493164,34.01449966430664,96.49933624267578,135.69522094726562,63.497047424316406,59.86262130737305,114.89867401123048,173.95298767089844
2021-05-03,95.6772,42.54,78.55863952636719,44.243350982666016,34.18334197998047,97.493408203125,135.31639099121094,64.0172119140625,59.85365295410156,116.20552825927734,173.12664794921875
2021-05-04,94.645,42.28,79.41620635986328,44.269500732421875,34.455387115478516,97.91942596435548,132.88809204101562,63.68868637084961,59.62933349609375,116.32862854003906,171.31825256347656
2021-05-05,94.3969,41.66,80.4228744506836,45.699241638183594,34.736812591552734,98.01409149169922,132.5675506591797,63.6430549621582,58.624454498291016,116.5369644165039,170.78350830078125
2021-05-06,96.59,41.86,81.10332489013672,45.93461990356445,35.25275421142578,98.69573974609376,133.89825439453125,64.46437072753906,59.07305908203125,116.68848419189452,171.15296936035156
2021-05-07,97.8833,42.37,81.90493774414062,46.75410842895508,35.44036102294922,99.73714447021484,135.0444793701172,64.46437072753906,59.25251007080078,117.49342346191406,172.6890869140625
2021-05-10,96.8158,42.56,81.54144287109375,46.771541595458984,35.412227630615234,99.8318099975586,131.6350555419922,64.95716857910156,59.85365295410156,117.64496612548828,169.61683654785156
2021-05-11,96.52,42.06,81.81173706054688,45.56847381591797,34.783721923828125,98.35491943359376,131.23680114746094,64.39137268066406,59.117923736572266,116.3759765625,167.70150756835938
2021-05-12,93.28,41.04,79.75176239013672,45.786415100097656,34.4272575378418,95.9975814819336,127.54574584960938,63.533573150634766,57.736209869384766,115.2774887084961,162.02362060546875
2021-05-13,94.3883,41.56,80.97283935546875,45.228477478027344,34.980709075927734,97.79635620117188,129.23585510253906,64.42788696289062,58.848751068115234,116.31916809082033,163.17088317871094
2021-05-14,95.871,41.95,81.94223022460938,46.63205337524414,35.53417205810547,99.1501693725586,132.08187866210938,64.71077728271484,59.13587188720703,116.90628051757812,166.00010681152344
2021-05-17,95.9056,41.97,82.65995025634766,47.71306991577149,35.5998420715332,98.84722900390624,131.1105194091797,64.61952209472656,58.651363372802734,116.68848419189452,165.69869995117188
2021-05-18,95.49,42.05,81.74649047851562,46.60589599609375,35.102657318115234,97.40819549560548,130.06149291992188,64.41874694824219,58.64240646362305,116.72637176513672,164.40560913085938
2021-05-19,95.5375,41.89,80.49745178222656,45.446414947509766,34.88690948486328,96.85909271240234,130.5180206298828,64.2088851928711,58.543701171875,116.52751159667967,163.0250244140625
2021-05-20,97.7019,42.41,80.54405212402344,45.37667465209961,34.90566635131836,97.07684326171876,133.0143280029297,64.80201721191406,59.05510711669922,117.74911499023438,164.697265625
2021-05-21,97.1849,42.34,80.72116088867188,45.47257232666016,35.25275421142578,97.55020904541016,132.28585815429688,64.81116485595703,59.36017990112305,117.76806640625,163.87091064453125
2021-05-24,97.5161,42.8,81.43888092041016,45.9258918762207,35.42161178588867,98.15611267089844,134.63648986816406,65.00279998779297,59.25251007080078,117.88169860839844,165.49452209472656
2021-05-25,96.7806,42.92,80.74911499023438,44.99308776855469,35.06513977050781,97.86263275146484,134.67530822753906,65.02104949951172,58.53473663330078,117.53131103515624,166.01953125
2021-05-26,98.2113,43.02,80.7770767211914,45.39411163330078,35.1683235168457,98.17504119873048,134.6656036376953,64.88416290283203,58.543701171875,116.84947204589844,167.60427856445312
2021-05-27,99.6617,42.97,81.42022705078125,45.428977966308594,35.571693420410156,99.51940155029295,133.95654296875,64.4826431274414,58.148921966552734,116.59378814697266,168.275146484375
2021-05-28,99.85,43.26,81.33635711669922,45.51616287231445,35.63736343383789,99.51940155029295,134.43246459960938,64.61952209472656,58.46295547485352,117.04833984375,168.0418243408203
2021-06-01,99.7668,44.0,82.47352600097656,47.26845932006836,35.85312271118164,99.90754699707033,133.77197265625,64.4004898071289,58.104061126708984,115.12596130371094,167.72093200683594
2021-06-02,99.7679,44.61,81.78376770019531,48.14896774291992,35.909400939941406,99.62353515625,134.69473266601562,64.63777160644531,58.40911102294922,114.89867401123048,166.94317626953125
2021-06-03,100.6148,44.52,81.76512908935547,48.27973556518555,35.993839263916016,99.4057846069336,133.44174194335938,65.03929901123047,58.75904083251953,115.24906158447266,164.95977783203125
2021-06-04,101.4891,44.56,81.94223022460938,48.602294921875,36.08763885498047,99.7276611328125,136.00604248046875,65.26744842529297,58.669315338134766,115.61839294433594,166.28201293945312
2021-06-07,101.8,44.98,80.94486236572266,48.39307403564453,35.85312271118164,99.03656005859376,135.9769287109375,65.1579360961914,58.7769889831543,116.03507232666016,166.28201293945312
2021-06-08,103.0001,45.22,81.093994140625,48.811527252197266,35.759315490722656,99.29217529296876,135.9866180419922,64.61038970947266,58.2745246887207,115.67521667480467,167.6237335205078
2021-06-09,102.501,45.27,80.46015930175781,48.50640106201172,35.42161178588867,98.27919006347656,136.083740234375,64.30010986328125,58.79492950439453,116.79266357421876,166.70010375976562
2021-06-10,102.7325,45.73,79.97547912597656,48.44537734985352,35.00886154174805,97.79635620117188,137.08425903320312,64.70166015625,59.18072891235352,118.7908172607422,167.4876251220703
2021-06-11,102.83,45.44,80.27374267578125,48.27973556518555,35.23399353027344,97.99517059326172,137.900146484375,64.73815155029297,59.31531524658203,117.94799041748048,168.40150451660156
2021-06-14,102.3816,45.7,79.28569030761719,48.070499420166016,34.86813735961914,97.55020904541016,139.2988739013672,64.70166015625,59.4409294128418,118.05217742919922,168.45013427734375
2021-06-15,101.8705,45.28,79.11791229248047,48.98588943481445,34.93381118774414,97.96676635742188,138.444091796875,64.5465087890625,59.62036895751953,118.0900421142578,167.5556640625
2021-06-16,101.685,44.87,78.24172973632812,48.72434997558594,34.89628982543945,97.03898620605467,137.6961669921875,63.68868637084961,58.723140716552734,117.63549041748048,167.63345336914062
2021-06-17,101.3848,45.04,76.4986801147461,47.06794357299805,33.86440658569336,95.54314422607422,139.28916931152344,63.91683197021485,59.04615020751953,118.5351333618164,168.2654266357422
2021-06-18,99.5644,44.33,75.25894927978516,45.6730842590332,33.04829025268555,94.30294036865234,138.01670837402344,62.78524398803711,57.51189041137695,117.1809310913086,167.3806610107422
2021-06-21,101.2207,44.92,76.8214111328125,47.619422912597656,33.81960678100586,96.37713623046876,139.49583435058594,63.50535202026367,58.25695037841797,118.58889770507812,168.67080688476562
2021-06-22,102.8289,44.72,77.13035583496094,47.93647766113281,33.87611389160156,96.4815902709961,140.76089477539062,63.59720230102539,57.90431594848633,118.8455810546875,170.25787353515625
2021-06-23,102.6024,44.58,76.63418579101562,48.0685920715332,33.94204330444336,96.26317596435548,140.60520935058594,63.20224380493164,57.28946685791016,118.3511962890625,171.57235717773438
2021-06-24,103.5208,44.37,76.87759399414062,48.48251724243164,34.3658561706543,97.0134506225586,141.49069213867188,63.514522552490234,57.2352180480957,118.95966339111328,172.15660095214844
2021-06-25,104.3806,44.69,76.8869400024414,48.737918853759766,34.78023147583008,97.20336151123048,141.32528686523438,64.00133514404297,57.850059509277344,119.5015640258789,173.2471160888672
2021-06-28,103.9241,44.71,76.8869400024414,47.091007232666016,34.52594757080078,96.69053649902344,142.80442810058594,64.05644989013672,58.22077560424805,119.68218994140624,173.28604125976562
2021-06-29,102.96,44.68,76.8494873046875,46.862030029296875,34.40351486206055,96.50059509277344,143.84564208984375,63.77172088623047,57.280426025390625,119.81529998779295,173.7144775390625
2021-06-30,102.3138,44.33,77.05545043945312,47.44329071044922,34.554203033447266,97.25088500976562,143.68995666503906,64.26771545410156,57.17192077636719,119.73922729492188,173.8507843017578
2021-07-01,102.3181,44.51,77.47673797607422,48.27114486694336,34.82732391357422,97.94417572021484,143.93324279785156,64.07481384277344,57.79581451416016,120.80400848388672,174.8341827392578
2021-07-02,102.251,44.72,77.58907318115234,48.16546630859375,34.78964614868164,98.09610748291016,145.830810546875,64.2309799194336,57.886234283447266,121.96383666992188,176.3726348876953
2021-07-06,101.98,45.12,76.4375991821289,46.59782028198242,34.24341583251953,97.15589904785156,146.38546752929688,63.964595794677734,58.13036346435547,121.84976196289062,176.5771026611328
2021-07-07,100.6933,45.35,77.23333740234375,45.84041595458984,34.29050064086914,98.12461853027344,147.18341064453125,64.30445098876953,58.5101203918457,122.61979675292967,176.47970581054688
2021-07-08,99.51,45.31,76.18482971191406,45.576210021972656,33.60300064086914,96.75702667236328,145.7919158935547,64.0656509399414,58.33832931518555,121.94483184814452,176.0415802001953
2021-07-09,101.5275,45.91,77.68268585205078,46.54497146606445,34.57304000854492,98.28604888916016,147.13479614257812,64.43303680419922,58.4106559753418,122.36314392089844,177.68707275390625
2021-07-12,101.14,46.31,77.9354476928711,46.474517822265625,34.912078857421875,98.41901397705078,147.25157165527344,64.33200073242188,58.60054016113281,122.60082244873048,178.90419006347656
2021-07-13,100.3742,45.71,77.22395324707031,46.12223815917969,34.53536605834961,97.46931457519533,147.85487365722656,64.31363677978516,58.15748596191406,122.48672485351562,176.76210021972656
2021-07-14,99.4202,46.11,77.06480407714844,44.748348236083984,34.375267028808594,97.4598159790039,148.9447479248047,64.88310241699219,58.66383743286133,122.37264251708984,176.4407958984375
2021-07-15,98.3143,46.18,77.07418823242188,44.12305450439453,34.488277435302734,97.64974975585938,147.71865844726562,65.14948272705078,59.32389831542969,121.94483184814452,175.486572265625
2021-07-16,97.4649,46.23,75.913330078125,42.872459411621094,34.01738357543945,96.7855224609375,146.25897216796875,65.2505111694336,59.920650482177734,122.27755737304688,173.3249969482422
2021-07-19,96.5038,45.51,74.284423828125,41.35765838623047,33.0661735534668,94.76260375976562,144.24462890625,65.05762481689453,58.97125244140625,120.994140625,171.3386993408203
2021-07-20,98.7099,46.33,75.12696075439453,41.912498474121094,33.88554000854492,97.4123306274414,146.38546752929688,65.07598876953125,59.22443389892578,122.46770477294922,174.50315856933594
2021-07-21,100.094,46.19,75.95079040527344,43.37446212768555,34.469444274902344,98.3430404663086,147.7965087890625,64.91064453125,58.57340621948242,122.66735076904295,176.10975646972656
2021-07-22,98.9443,45.86,75.9788818359375,42.89006805419922,34.09272384643555,97.9821548461914,148.88638305664062,64.80044555664062,58.66383743286133,123.57049560546876,176.86917114257812
2021-07-23,99.7106,46.28,76.51250457763672,42.73154067993164,34.149234771728516,98.40003967285156,150.36550903320312,65.58116912841797,59.4143180847168,124.9965362548828,178.4465789794922
2021-07-26,99.9381,46.28,77.15843963623047,43.788387298583984,34.347015380859375,98.3525390625,150.2876739501953,65.69139862060547,59.432403564453125,124.18844604492188,179.7707977294922
2021-07-27,98.6205,46.65,77.26140594482422,43.38325881958008,34.33760070800781,97.81120300292967,148.86691284179688,65.82915496826172,60.45412826538086,124.76837921142578,177.94998168945312
2021-07-28,99.6468,46.37,77.48609161376953,43.779579162597656,34.29050064086914,97.58325958251952,148.68202209472656,65.2505111694336,59.99299621582031,125.21520233154295,177.37551879882812
2021-07-29,100.3437,46.23,78.33800506591797,44.20230865478515,34.66722106933594,98.3525390625,149.37295532226562,65.57197570800781,60.155738830566406,125.51941680908205,179.37156677246094
2021-07-30,99.9627,46.38,78.65628814697266,43.497764587402344,34.394100189208984,98.16259765625,149.27561950683594,65.68220520019531,59.64939498901367,125.63350677490234,175.68130493164062
2021-08-02,99.11,46.4,77.701416015625,43.17189407348633,34.40351486206055,97.4883041381836,148.7404022216797,65.40665435791016,60.11054229736328,125.80460357666016,176.1876220703125
2021-08-03,100.0035,46.59,78.50651550292969,43.911678314208984,34.78964614868164,98.76091766357422,149.6940460205078,65.7005615234375,60.45412826538086,127.55387878417967,177.49234008789062
2021-08-04,98.52,46.44,77.75757598876953,42.72274017333984,34.49769592285156,97.4218292236328,149.99571228027344,64.84637451171875,60.36371994018555,127.01197814941406,175.76895141601562
2021-08-05,99.468,46.81,77.6452407836914,43.207130432128906,34.94974899291992,97.87769317626952,150.82289123535156,65.15865325927734,61.02376937866211,126.48912048339844,177.453369140625
2021-08-06,99.7606,46.73,78.76863098144531,43.60343933105469,35.656097412109375,98.33353424072266,150.69639587402344,65.15865325927734,60.98759460449219,126.38458251953124,176.24603271484375
2021-08-09,99.5946,46.52,78.67501831054688,42.98694610595703,35.750274658203125,97.94417572021484,150.20980834960938,65.3974609375,60.96951675415039,126.86940002441406,176.0026092529297
2021-08-10,99.9432,46.02,79.86392974853516,43.74435043334961,36.12698745727539,98.94136810302734,149.12965393066406,65.86589813232422,61.03281784057617,126.57465362548828,176.69395446777344
2021-08-11,100.1732,46.27,80.98735046386719,44.08782577514648,36.541378021240234,100.22348022460938,149.14910888671875,66.08634185791016,61.602447509765625,125.31979370117188,177.20997619628906
2021-08-12,99.7546,46.43,80.85626983642578,44.04378890991211,36.607303619384766,100.03352355957033,150.0054931640625,66.04961395263672,61.665748596191406,126.30850982666016,177.28787231445312
2021-08-13,98.7879,46.74,80.93116760253906,43.5241813659668,36.33418273925781,99.72013092041016,150.82289123535156,66.60070037841797,62.0997428894043,127.0975570678711,176.7815704345703
2021-08-16,97.737,46.79,80.52861022949219,42.72274017333984,36.23999786376953,100.0620346069336,151.5040740966797,66.98648071289062,62.47950744628906,128.5426025390625,175.9636688232422
2021-08-17,97.02,46.88,79.60181427001953,42.28238677978515,35.985721588134766,98.97933959960938,150.24876403808594,67.02322387695312,62.515682220458984,130.06370544433594,171.7865753173828
2021-08-18,96.2696,46.39,78.67501831054688,41.40168762207031,35.5430908203125,97.89669036865234,148.17604064941406,66.18738555908203,62.199222564697266,128.08628845214844,172.39996337890625
2021-08-19,95.71,46.78,77.972900390625,40.32723617553711,35.27937698364258,97.21287536621094,149.62596130371094,66.72012329101562,62.45237731933594,128.6661834716797,171.2997283935547
2021-08-20,97.2415,47.0,78.4316177368164,40.41530990600586,35.49599075317383,97.46931457519533,151.55271911621094,66.83033752441406,63.22999572753906,129.39822387695312,172.94525146484375
2021-08-23,98.5066,46.82,79.10565185546875,41.93011474609375,35.78794860839844,98.2670669555664,153.50865173339844,66.61906433105469,62.416236877441406,129.44577026367188,175.1750030517578
2021-08-24,99.3155,46.47,79.60181427001953,42.6258544921875,36.004554748535156,98.76091766357422,153.33351135253906,66.11389923095703,62.00934219360352,128.98939514160156,176.41156005859375
2021-08-25,99.5299,46.42,79.96692657470703,42.95172119140625,36.42835998535156,99.39723205566406,153.2459259033203,66.00369262695312,62.12687683105469,128.63766479492188,177.09315490722656
2021-08-26,98.6105,46.45,79.41458892822266,42.30000686645508,36.24943161010742,98.9603500366211,152.2825469970703,65.7005615234375,61.97317123413086,128.13381958007812,175.45738220214844
2021-08-27,100.2244,46.83,80.46308135986328,43.427303314208984,36.729736328125,99.64414978027344,153.75192260742188,65.93021392822266,61.9550895690918,127.9912109375,177.05418395996094
2021-08-30,102.6319,47.4,80.37883758544922,42.91648864746094,36.21175384521485,99.53018188476562,155.40625,66.22412109375,62.045501708984375,128.71372985839844,178.3881378173828
2021-08-31,101.3341,47.68,80.14479064941406,42.6258544921875,36.1646614074707,99.25476837158205,154.58883666992188,66.37108612060547,61.97317123413086,128.5426025390625,178.8165740966797
2021-09-01,101.0656,48.5,79.93882751464844,42.00056076049805,35.95746994018555,98.8748779296875,154.62777709960938,66.72012329101562,62.78693771362305,128.5806427001953,178.8068084716797
2021-09-02,102.8263,48.73,80.45374298095703,43.06621551513672,36.07989883422851,99.9385757446289,154.46231079101562,66.97730255126953,63.356590270996094,129.95913696289062,178.79713439941406
2021-09-03,102.274,48.73,79.92011260986328,42.819618225097656,35.8538703918457,99.33074951171876,155.0753936767578,66.89462280273438,62.83213806152344,130.1017303466797,178.68995666503906
2021-09-07,101.3977,48.19,79.39585876464844,42.564212799072266,35.63726043701172,97.61175537109376,155.1143035888672,66.12308502197266,62.00029754638672,129.34120178222656,179.21578979492188
2021-09-08,102.1913,48.48,78.6375732421875,42.0181770324707,35.55249786376953,97.74472045898438,154.5207061767578,66.69255828857422,63.112457275390625,129.2841339111328,179.4202423095703
2021-09-09,101.5887,47.45,78.66564178466797,42.10625076293945,35.656097412109375,97.26986694335938,153.9368438720703,66.3067855834961,62.76885986328125,127.79151153564452,179.1865692138672
2021-09-10,100.1657,46.85,78.64692687988281,42.08864212036133,35.39239501953125,96.83299255371094,152.4187774658203,66.02204895019531,61.89178085327149,126.62223052978516,178.0863037109375
2021-09-13,100.4292,47.11,78.62821197509766,43.29519271850586,35.79736328125,97.08941650390624,152.4674530029297,66.18738555908203,61.78329849243164,125.8426513671875,178.52447509765625
2021-09-14,97.577,47.01,77.7669448852539,42.669898986816406,35.31705093383789,95.92124938964844,152.27281188964844,65.88428497314453,61.5753288269043,125.82366180419922,177.9305419921875
2021-09-15,98.3523,47.19,78.59075164794922,44.26396179199219,35.656097412109375,96.9754638671875,153.6060028076172,66.12308502197266,61.49394989013672,126.64122772216795,179.07945251464844
2021-09-16,98.4025,47.28,77.73884582519531,43.761959075927734,35.55249786376953,96.31065368652344,153.6935577392578,65.90264129638672,60.97856140136719,126.3179931640625,179.8973388671875
2021-09-17,97.9269,46.85,76.13802337646484,43.43611145019531,35.39239501953125,95.2849578857422,151.29971313476562,65.54443359375,60.0382080078125,126.44158172607422,179.2644500732422
2021-09-20,95.0213,46.27,74.67498779296875,42.10970687866211,34.571380615234375,94.1921157836914,148.54388427734375,64.89007568359375,59.927974700927734,125.12215423583984,175.1737518310547
2021-09-21,94.4794,46.28,74.496337890625,42.20775604248047,34.52408981323242,93.69666290283205,148.6023406982422,64.81612396240234,59.76397705078125,125.31298065185548,175.4370574951172
2021-09-22,95.443,46.67,75.267333984375,43.50920104980469,35.10106658935547,94.4398422241211,150.63973999023438,65.0009994506836,59.72754669189453,125.52285766601562,177.82614135742188
2021-09-23,97.0945,46.44,76.3392333984375,45.03348922729492,35.96180725097656,95.88806915283205,152.6576385498047,65.24127960205078,59.40867614746094,126.4291763305664,179.63014221191406
2021-09-24,96.8431,45.91,76.22639465332031,45.37223434448242,36.15098190307617,96.08814239501952,152.76486206054688,65.26900482177734,59.34490966796875,125.91399383544922,180.3029937744141
2021-09-27,97.405,45.15,76.81876373291016,46.98565673828125,36.6428337097168,96.18341827392578,151.28314208984375,64.97325897216797,58.643409729003906,124.1204071044922,181.2683563232422
2021-09-28,95.8051,44.88,75.86911010742188,47.146114349365234,36.037471771240234,95.06867218017578,146.79893493652344,64.20613861083984,57.90547561645508,121.9928970336914,177.77732849121094
2021-09-29,95.8516,45.17,75.55883026123047,47.146114349365234,36.06584930419922,95.1734619140625,146.6137237548828,64.78840637207031,58.66162872314453,122.95648193359376,177.95289611816406
2021-09-30,95.4021,44.45,74.38350677490234,46.43299102783203,35.498329162597656,93.22026824951172,145.5609130859375,63.62388229370117,58.196998596191406,121.4490966796875,174.9884796142578
2021-10-01,96.1737,44.93,75.56822967529297,47.99294662475586,36.08476638793945,94.49701690673828,147.75425720214844,63.790245056152344,58.196998596191406,121.47771453857422,176.30491638183594
2021-10-04,95.03,44.98,75.2391357421875,48.777374267578125,35.77262878417969,93.98251342773438,144.33261108398438,63.5869140625,58.99871063232422,119.62688446044922,174.9104766845703
2021-10-05,95.4728,44.63,75.90673065185547,49.062618255615234,36.47257232666016,95.03057098388672,146.38949584960938,63.91039276123047,58.85294342041016,120.34241485595705,175.612548828125
2021-10-06,94.4,45.06,75.76569366455078,48.54560852050781,36.51041030883789,95.44978332519533,147.34483337402344,64.52961730957031,59.76397705078125,120.1230010986328,176.1684112548828
2021-10-07,96.1709,45.11,76.75293731689453,48.91999816894531,36.72795486450195,96.19296264648438,148.6901092529297,64.81612396240234,59.44511413574219,121.71623992919922,178.9085235595703
2021-10-08,94.9588,44.62,76.329833984375,50.42646408081055,36.90766906738281,96.18341827392578,148.1344451904297,64.74219512939453,59.007816314697266,121.10564422607422,178.0894012451172
2021-10-11,94.65,44.68,76.3392333984375,50.2392692565918,36.538780212402344,95.41168212890624,147.31556701660156,64.72370910644531,58.20610809326172,120.16114807128906,177.36782836914062
2021-10-12,95.085,45.28,76.44267272949219,50.28384017944336,36.42527770996094,95.09725189208984,146.55523681640625,64.75143432617188,58.59785842895508,119.57918548583984,178.7720184326172
2021-10-13,95.742,45.54,77.01622009277344,50.2392692565918,36.217185974121094,95.2973403930664,147.45204162597656,64.87158966064453,59.28113555908203,119.76998138427734,179.649658203125
2021-10-14,97.2998,46.18,78.8873062133789,50.85433578491211,36.822547912597656,97.09810638427734,150.7762451171875,65.60173034667969,60.00996398925781,121.48725128173828,181.5316619873047
2021-10-15,96.3552,46.2,79.12239074707031,51.10392761230469,37.37114334106445,98.03182220458984,151.98501586914062,65.44461059570312,59.83686447143555,122.08830261230467,184.310791015625
2021-10-18,95.6949,46.28,79.06596374511719,51.13958740234375,37.3806037902832,98.09852600097656,153.27175903320312,65.05643463134766,59.26291275024414,121.25829315185548,186.5633544921875
2021-10-19,96.18,46.49,79.47969055175781,51.718990325927734,37.749488830566406,98.6797103881836,154.79251098632812,65.08415985107422,60.00996398925781,122.85153198242188,186.0367889404297
2021-10-20,97.12,47.2,80.11904907226562,52.137943267822266,38.05216979980469,99.29904174804688,154.3636016845703,65.46309661865234,60.95744705200195,124.60696411132812,185.9002685546875
2021-10-21,96.8237,47.35,79.91219329833984,51.175235748291016,37.89137649536133,99.49913024902344,154.95822143554688,65.37991333007812,60.95744705200195,125.11260986328124,188.630615234375
2021-10-22,95.3768,47.69,79.76175689697266,51.65658950805664,38.42105484008789,99.85165405273438,154.4220428466797,65.88824462890625,61.26719665527344,125.61823272705078,187.9578094482422
2021-10-25,94.6268,47.83,80.56097412109375,52.41427230834961,38.37376403808594,100.08031463623048,154.92898559570312,65.8420181274414,61.00299453735352,125.77088165283205,192.61892700195312
2021-10-26,94.65,48.05,80.78662872314453,52.71735763549805,38.40214157104492,99.46101379394533,155.36766052246094,66.07308959960938,61.330963134765625,126.39102172851562,192.64822387695312
2021-10-27,94.4616,47.7,79.63011932373047,51.20197296142578,37.768409729003906,98.29859924316406,155.23117065429688,65.68492126464844,60.92099380493164,125.3892822265625,193.0772705078125
2021-10-28,95.2158,48.4,80.41993713378906,51.56744766235352,38.23188018798828,99.5276870727539,156.79086303710938,65.91596984863281,61.32184982299805,126.43871307373048,195.64190673828125
2021-10-29,95.8604,47.82,80.03443145751953,51.22872543334961,38.080535888671875,99.55628204345705,157.46351623535156,65.85126495361328,60.95744705200195,127.66943359375,196.14895629882812
2021-11-01,98.5883,47.93,80.22249603271484,52.1112060546875,38.09946060180664,99.83259582519533,157.2295684814453,65.95294952392578,61.17608642578125,127.51677703857422,199.74722290039065
2021-11-02,100.79,48.38,81.13452911376953,51.62093734741211,38.19404220581055,100.16607666015624,158.6138153076172,66.39656066894531,61.230751037597656,128.31817626953125,198.40155029296875
2021-11-03,102.87,48.66,81.98075866699219,51.19306182861328,38.33592224121094,99.94693756103516,159.53990173339844,67.01580047607422,61.00299453735352,129.0718536376953,201.97052001953125
2021-11-04,102.89,48.11,81.9337387084961,51.264373779296875,37.83462142944336,100.34709167480467,162.03546142578125,67.08050537109375,60.66591262817383,128.18460083007812,204.691162109375
2021-11-05,103.0355,48.22,82.57312774658203,51.93291473388672,37.853538513183594,101.3665771484375,162.87380981445312,67.46866607666016,61.23986053466797,126.7535629272461,206.0076141357422
2021-11-08,102.2054,48.21,83.6073989868164,52.40536880493164,38.06163024902344,101.78580474853516,163.75111389160156,66.93262481689453,60.32883071899414,127.50723266601562,203.09194946289065
2021-11-09,102.71,48.39,83.992919921875,52.61930847167969,37.853538513183594,102.04305267333984,163.07852172851562,67.1636734008789,60.63858413696289,127.03978729248048,199.33767700195312
2021-11-10,101.34,48.15,83.41934967041016,51.22872543334961,37.787330627441406,101.47137451171876,160.38800048828125,67.36700439453125,61.13053894042969,127.4022979736328,198.5965576171875
2021-11-11,102.39,48.17,84.08692932128906,51.42482376098633,37.89137649536133,101.05213928222656,161.13861083984375,67.32078552246094,60.75701522827149,127.03021240234376,198.0602264404297
2021-11-12,103.38,48.19,84.7168960571289,51.30002975463867,37.97650146484375,101.8524932861328,163.09799194335938,67.32078552246094,60.7205696105957,127.65987396240234,198.72332763671875
2021-11-15,102.66,48.46,84.3313980102539,51.727901458740234,37.97650146484375,102.04305267333984,162.9322967529297,67.644287109375,61.52227783203125,126.86803436279295,198.5575714111328
2021-11-16,102.83,48.16,84.0963363647461,51.80812454223633,37.938663482666016,102.06211853027344,164.64797973632812,67.21913146972656,61.230751037597656,127.4022979736328,201.687744140625
2021-11-17,102.6951,48.48,83.54158020019531,51.01477813720703,37.503570556640625,101.45232391357422,164.15084838867188,67.07125854492188,61.285404205322266,127.58355712890624,202.9749298095703
2021-11-18,101.52,48.47,83.18428802490234,50.71171188354492,37.314395904541016,101.24271392822266,165.7885284423828,66.83094024658203,60.96654510498047,127.63127899169922,205.2762451171875
2021-11-19,100.0613,48.21,83.03382873535156,48.73280334472656,36.90766906738281,100.73773956298828,166.99732971191406,66.5906753540039,61.312744140625,126.85850524902344,206.16360473632812
2021-11-22,99.92,47.97,83.16546630859375,49.59745788574219,37.42789840698242,101.01404571533205,165.1353759765625,67.11746978759766,61.68626403808594,126.2860870361328,205.6468048095703
2021-11-23,99.8094,48.48,83.2500991821289,51.12175369262695,38.01433181762695,101.18553924560548,164.75521850585938,67.56107330322266,61.75004577636719,126.41962432861328,204.1548309326172
2021-11-24,100.3338,49.13,82.65775299072266,51.62093734741211,37.92919921875,101.07119750976562,165.9542694091797,67.35777282714844,61.786476135253906,126.37194061279295,204.57415771484375
2021-11-26,97.8826,47.8,81.23795318603516,49.543975830078125,36.67120742797851,98.33672332763672,161.81126403808594,66.50747680664062,60.8207893371582,125.90445709228516,198.99636840820312
2021-11-29,97.9475,48.4,81.61404418945312,49.829227447509766,36.784706115722656,98.50821685791016,165.8567657470703,66.67383575439453,61.722713470458984,126.24793243408205,202.0875701904297
2021-11-30,95.5076,47.39,79.5925064086914,48.6614875793457,35.90505599975586,96.01192474365234,164.47251892089844,64.9640121459961,59.91884994506836,123.76741027832033,199.35714721679688
2021-12-01,93.4755,46.77,78.78388977050781,48.144474029541016,35.50779724121094,94.67803955078124,162.22067260742188,64.64978790283203,60.02818298339844,123.54798126220705,195.75889587402344
2021-12-02,95.4427,48.05,80.39173889160156,49.543975830078125,36.56715774536133,97.4887466430664,163.71214294433594,65.33372497558594,60.793453216552734,124.14904022216795,198.5478057861328
2021-12-03,94.831,47.81,80.21306610107422,49.151756286621094,35.97126388549805,97.37439727783205,160.97293090820312,66.14702606201172,61.40384292602539,124.37799072265624,194.6862640380859
2021-12-06,95.7896,48.5,81.38838958740234,49.88270568847656,36.51987075805664,99.0227279663086,162.50335693359375,67.31155395507812,62.34222030639648,125.08399963378906,196.90956115722656
2021-12-07,98.2609,49.36,82.62953186035156,51.050437927246094,37.172508239746094,100.03267669677734,168.17684936523438,67.45943450927734,62.806846618652344,126.69631958007812,201.5024871826172
2021-12-08,98.2134,49.57,82.9774169921875,51.04151916503906,36.973880767822266,100.28040313720705,168.9469757080078,67.24685668945312,62.743064880371094,127.65035247802734,202.0095672607422
2021-12-09,98.4485,48.94,82.5167007446289,50.64931106567383,36.8982048034668,99.9659652709961,167.12405395507812,67.43170166015625,62.661075592041016,127.94611358642578,198.50880432128903
2021-12-10,99.0025,49.19,83.02444458007812,51.023704528808594,36.93604278564453,100.3756866455078,170.47743225097656,68.5685043334961,62.9981575012207,128.39450073242188,199.8935089111328
2021-12-13,98.4529,49.85,82.5261001586914,49.60638046264648,36.538780212402344,99.33715057373048,167.9429168701172,69.46501922607422,63.772552490234375,129.60614013671875,194.74478149414065
2021-12-14,97.9103,49.3,82.44149017333984,49.401344299316406,36.75632858276367,98.39389038085938,165.1841583251953,69.51122283935547,63.389915466308594,129.08140563964844,193.61366271972656
2021-12-15,99.9801,50.03,82.62012481689453,49.160667419433594,36.860382080078125,99.25139617919922,169.56109619140625,70.21363830566406,64.42849731445312,131.72410583496094,196.0709686279297
2021-12-16,98.22,50.22,83.46634674072266,49.47266387939453,37.3238525390625,99.29904174804688,164.75521850585938,70.71270751953125,64.75646209716797,132.5063934326172,191.74134826660156
2021-12-17,99.53,50.05,82.42267608642578,48.46537780761719,36.50094985961914,97.60308837890624,163.65367126464844,69.5019760131836,63.781646728515625,131.58099365234375,190.4346618652344
2021-12-20,97.9683,49.3,80.95034790039062,47.86492538452149,35.79195785522461,96.0394058227539,161.7071533203125,69.5224380493164,63.842262268066406,130.78414916992188,187.36033630371097
2021-12-21,100.4018,49.58,81.97096252441406,49.228370666503906,36.53326797485352,97.95216369628906,165.79940795898438,69.42938995361328,63.75044631958008,131.330078125,192.2140350341797
2021-12-22,100.8363,50.07,82.6230239868164,49.54439926147461,36.70433807373047,98.22950744628906,167.96759033203125,69.86676025390625,64.02589416503906,132.8623809814453,195.72003173828125
2021-12-23,101.475,49.92,83.45462036132812,49.57149124145508,36.89441680908203,99.38673400878906,168.90524291992188,70.02494812011719,64.01671600341797,133.40829467773438,198.43495178222656
2021-12-27,102.3227,50.94,84.7115249633789,50.65502166748047,37.27457809448242,100.43872833251952,172.52865600585938,70.76941680908203,64.32891082763672,134.81614685058594,200.36859130859375
2021-12-28,101.9953,51.16,85.20291900634766,50.618896484375,37.2935791015625,100.94563293457033,171.63011169433594,71.16954803466797,64.90736389160156,134.4617462158203,200.45651245117188
2021-12-29,102.3958,51.47,85.55259704589844,50.29384231567383,37.24605941772461,101.12732696533205,171.77662658691406,71.49524688720703,65.25627136230469,135.22793579101562,200.85691833496097
2021-12-30,102.2035,51.7,85.25017547607422,49.98684310913086,37.179534912109375,100.76390838623048,170.6436767578125,71.27190399169922,65.4950180053711,135.50564575195312,200.13421630859375
2021-12-31,101.7081,51.81,85.628173828125,50.11324691772461,37.112998962402344,101.19428253173828,169.81350708007812,71.75579833984375,65.72455596923828,134.9310302734375,199.6556854248047
2022-01-03,102.3118,51.33,84.51305389404297,51.66631317138672,37.56919479370117,100.36223602294922,171.42501831054688,71.74649047851562,65.07264709472656,133.54237365722656,205.38833618164065
2022-01-04,101.6944,51.13,85.55259704589844,53.45413589477539,38.55760955810547,102.38018035888672,169.60842895507812,72.23040008544922,64.87064361572266,131.7801971435547,204.1383056640625
2022-01-05,99.0946,49.47,85.54312896728516,53.44510269165039,38.11091232299805,101.40467071533205,164.39300537109375,72.16525268554688,64.83391571044922,130.84164428710938,198.63026428222656
2022-01-06,98.8362,49.53,84.46580505371094,54.63698196411133,38.671653747558594,101.87329864501952,163.56285095214844,71.96983337402344,64.16361999511719,129.32846069335938,198.11268615722656
2022-01-07,98.3391,49.27,84.39021301269531,55.38642883300781,39.12784194946289,101.8446044921875,162.0587615966797,72.04428100585938,64.65027618408203,128.6676483154297,194.811767578125
2022-01-10,97.5958,48.98,83.53024291992188,55.214874267578125,38.99478530883789,100.69696044921876,162.0880584716797,71.47664642333984,64.22789764404297,129.9893035888672,193.62033081054688
2022-01-11,98.8991,48.9,84.44691467285156,57.092987060546875,39.33693313598633,101.29948425292967,164.0316619873047,71.39289093017578,63.64942932128906,131.02359008789062,195.48562622070312
2022-01-12,97.8287,49.03,85.29741668701172,57.20134353637695,39.36544418334961,101.62464904785156,164.80322265625,71.42079162597656,63.85143280029297,130.65008544921875,196.77474975585935
2022-01-13,96.6156,48.86,84.63591003417969,56.91239929199219,39.213382720947266,101.8446044921875,160.53514099121094,71.55106353759766,64.16361999511719,128.61976623535156,192.81951904296875
2022-01-14,96.5565,48.29,83.9177017211914,58.24876022338867,38.804710388183594,101.23252868652344,161.89271545410156,71.68135070800781,63.722904205322266,128.39947509765625,191.92105102539065
2022-01-18,93.7626,47.96,82.81201171875,58.483516693115234,37.93984603881836,100.06575012207033,158.00558471679688,70.64842224121094,62.96078872680664,126.5990219116211,188.28810119628903
2022-01-19,92.3896,47.34,82.6041259765625,58.05914306640625,37.30308532714844,98.94679260253906,155.79832458496094,71.0950927734375,63.24542236328125,126.0818328857422,184.8895568847656
2022-01-20,91.4959,46.92,81.4039535522461,57.526397705078125,37.06549072265625,97.68437957763672,153.78636169433594,70.62982940673828,63.328067779541016,125.25820922851562,181.520263671875
2022-01-21,89.515,46.89,79.41942596435547,56.38869857788086,36.30516815185547,96.78538513183594,150.72938537597656,70.68565368652344,63.20869827270508,123.99404907226562,176.1977996826172
2022-01-24,91.02,46.99,79.4666519165039,56.76792526245117,36.409706115722656,97.34007263183594,151.51072692871094,70.4530029296875,62.60268020629883,123.5822296142578,178.3170166015625
2022-01-25,89.4362,46.86,78.74845886230469,58.971099853515625,36.561767578125,96.38370513916016,148.00448608398438,69.67134094238281,61.62022399902344,122.78734588623048,175.29933166503906
2022-01-26,87.9888,46.08,77.92628479003906,58.87178421020508,36.65680694580078,95.54209899902344,148.8737335205078,69.14090728759766,61.11521911621094,122.14566802978516,174.44969177246094
2022-01-27,86.7574,45.25,78.1908950805664,59.51287460327149,36.32417678833008,94.69091796875,147.84823608398438,69.60620880126953,61.656944274902344,122.46172332763672,170.2210693359375
2022-01-28,88.7924,46.82,78.6445083618164,59.260040283203125,36.799373626708984,95.35081481933594,154.3137664794922,70.42508697509766,62.40067672729492,124.9613265991211,173.93209838867188
2022-01-31,91.3648,47.34,79.8068618774414,59.52189636230469,37.12250900268555,96.34545135498048,158.19117736816406,70.69495391845703,63.58516311645508,125.67960357666016,180.62179565429688
2022-02-01,91.5139,47.02,81.03539276123047,61.64381790161133,37.63571548461914,97.6748046875,158.60133361816406,70.62982940673828,62.74042510986328,126.0147933959961,181.7156219482422
2022-02-02,90.8585,47.83,81.29054260253906,61.84246063232422,37.892333984375,98.35383605957033,159.89056396484375,71.47664642333984,63.66780090332031,127.70994567871094,180.631591796875
2022-02-03,89.2789,47.34,79.87301635742188,61.255558013916016,37.474159240722656,96.78538513183594,155.2513885498047,71.49524688720703,63.38316345214844,127.16405487060548,175.1040496826172
2022-02-04,89.3176,46.69,78.55000305175781,62.21266174316406,38.11091232299805,95.74292755126952,155.87646484375,70.62052154541016,62.87815475463867,126.70435333251952,180.0846710205078
2022-02-07,89.88,46.7,78.16252136230469,63.00725936889648,38.2249755859375,95.81942749023438,154.84117126464844,70.75077819824219,62.78632354736328,126.48406219482422,179.71356201171875
2022-02-08,91.2147,46.28,79.37214660644531,61.6528434753418,38.75719451904297,96.77582550048828,156.7554168701172,71.02066040039062,62.83224105834961,127.51840209960938,182.24295043945312
2022-02-09,92.7525,47.4,81.10153198242188,62.167510986328125,39.00429153442383,98.1051788330078,160.23239135742188,71.03926849365234,63.107704162597656,128.5048370361328,184.6551818847656
2022-02-10,90.9148,46.05,80.6290283203125,61.77925109863281,38.66215515136719,96.49846649169922,156.04248046875,70.27619934082031,61.51002883911133,126.49365234375,181.47146606445312
2022-02-11,89.3246,45.42,79.38159942626953,63.57611083984375,38.12042236328125,95.025634765625,151.27633666992188,70.02494812011719,61.54676055908203,124.74105834960938,176.2564239501953
2022-02-14,89.2496,44.93,78.72953033447266,62.07722854614258,37.6927490234375,94.67179107666016,151.2274932861328,69.82952117919922,61.02339553833008,123.46730041503906,177.2622833251953
2022-02-15,92.4232,45.15,80.17542266845703,61.42710876464844,38.20595932006836,96.09678649902344,155.20254516601562,69.95051574707031,60.73875427246094,124.85598754882812,181.227294921875
2022-02-16,92.6056,45.27,80.76134490966797,61.92372512817383,38.23447799682617,96.60366821289062,155.04629516601562,70.08078002929688,60.87648010253906,125.04753112792967,181.7448883056641
2022-02-17,91.1073,44.88,79.38159942626953,61.82439422607422,37.28407669067383,94.83436584472656,150.40707397460938,70.62052154541016,60.91320037841797,123.03634643554688,176.88143920898438
2022-02-18,90.35,44.68,79.24930572509766,61.4451789855957,37.27457809448242,94.05013275146484,148.8834686279297,70.75077819824219,60.80302810668945,122.11695098876952,175.7876434326172
2022-02-22,88.72,44.56,78.12474060058594,60.451927185058594,37.084495544433594,93.14158630371094,147.50637817382812,70.2017593383789,60.73875427246094,121.81048583984376,170.66049194335938
2022-02-23,86.5111,43.98,77.12301635742188,61.07495880126953,36.4382209777832,91.42964935302734,143.81459045410156,69.63410949707031,59.71036911010742,121.1975555419922,164.95718383789062
2022-02-24,87.8679,44.74,76.89620971679688,60.596397399902344,36.001041412353516,92.59644317626952,148.72723388671875,68.43367767333984,60.18783187866211,121.68597412109376,168.7268524169922
2022-02-25,89.8504,45.86,79.70291900634766,62.19460678100586,37.160526275634766,94.80567169189452,150.7489776611328,70.63912200927734,62.05176544189453,125.41145324707033,172.0668182373047
2022-02-28,89.8464,45.07,78.79568481445312,63.7296142578125,36.60929107666016,95.53252410888672,150.47544860839844,69.69926452636719,62.37315368652344,124.46334075927734,173.2777862548828
2022-03-01,88.0437,44.98,76.98124694824219,64.3707046508789,35.259727478027344,94.1075210571289,147.46734619140625,69.28980255126953,61.83138656616211,123.77379608154295,170.65074157714844
2022-03-02,90.374,45.78,78.67284393310547,65.84249114990234,36.172115325927734,96.11591339111328,150.66102600097656,70.02494812011719,62.584320068359375,125.64129638671876,174.23486328125
2022-03-03,90.0388,46.28,78.76734924316406,66.02308654785156,36.05805969238281,96.22111511230467,148.8639678955078,70.59260559082031,63.68617248535156,126.28296661376952,170.28939819335938
2022-03-04,87.8208,46.67,78.4932861328125,67.92829895019531,35.38328170776367,96.0107192993164,146.25624084472656,70.6019058227539,65.09098052978516,126.9150619506836,167.58424377441406
2022-03-07,86.4321,45.82,75.77162170410156,68.93055725097656,34.09074783325195,93.43805694580078,140.9041290283203,69.3177261352539,65.93574523925781,124.7027587890625,159.3710479736328
2022-03-08,86.1761,45.41,75.3841781616211,70.01408386230469,33.89115524291992,92.86422729492188,140.220458984375,67.4472885131836,64.91653442382812,122.15526580810548,159.70306396484375
2022-03-09,89.27,46.17,77.71836853027344,67.87411499023438,35.13618087768555,94.54745483398438,145.76788330078125,67.90326690673828,64.45743560791016,124.46334075927734,164.83998107910156
2022-03-10,88.71,46.33,77.92628479003906,69.95087432861328,34.84156036376953,94.42313385009766,143.2187957763672,67.26118469238281,64.88900756835938,124.41543579101562,166.01190185546875
2022-03-11,87.2675,45.87,77.34980773925781,69.39104461669922,34.59445571899414,93.6675796508789,140.69898986816406,66.47949981689453,64.66863250732422,123.4864730834961,162.8184356689453
2022-03-14,84.9755,45.59,77.23641967773438,67.31430053710938,35.03163528442383,93.98318481445312,138.09130859375,66.83311462402344,64.59517669677734,124.35798645019533,160.10350036621094
2022-03-15,86.6742,45.95,78.12474060058594,64.8492660522461,35.52584457397461,95.4751434326172,142.73046875,68.3313217163086,65.42155456542969,126.83844757080078,165.46499633789062
2022-03-16,89.2737,46.46,79.35325622558594,64.55127716064453,36.52376556396485,96.73754119873048,147.36964416503906,68.40576934814453,65.30219268798828,128.36119079589844,171.1097412109375
2022-03-17,90.5784,47.12,80.87474060058594,66.77251434326172,36.979949951171875,97.98085021972656,148.41468811035156,68.8803482055664,65.57763671875,130.3914794921875,173.96141052246094
2022-03-18,92.0381,47.23,81.36614227294922,66.70931243896484,37.06549072265625,98.35383605957033,151.4521484375,69.03855895996094,65.01753997802734,131.1959686279297,177.6236572265625
2022-03-21,90.7838,46.72,82.04248809814453,69.39846801757812,37.02923202514648,98.57550048828124,151.1644744873047,69.12736511230469,65.45197296142578,131.09605407714844,176.13597106933594
2022-03-22,91.5203,46.75,82.48831176757812,68.88798522949219,37.63032531738281,99.11284637451172,153.33670043945312,69.64149475097656,65.54442596435547,131.1248779296875,180.50808715820312
2022-03-23,90.0385,46.22,82.10887908935547,70.07304382324219,36.93381118774414,98.16289520263672,150.97854614257812,69.08062744140625,65.63684844970703,128.7711944580078,178.26820373535156
2022-03-24,91.1997,46.58,83.75941467285156,70.2462387084961,37.22959518432617,98.91134643554688,154.9022216796875,69.56671142578125,66.31159973144531,130.3083038330078,179.6571044921875
2022-03-25,91.4261,47.13,84.69850158691406,71.78680419921875,37.7066535949707,99.52545166015624,154.81419372558594,70.14627838134766,67.27291870117188,130.91357421875,179.34413146972656
2022-03-28,92.3047,47.73,84.3190689086914,70.00923156738281,37.60169219970703,99.5542449951172,156.65370178222656,70.43605041503906,67.70735931396484,131.86459350585938,184.1270294189453
2022-03-29,94.4796,49.13,85.03050994873047,69.82691192626953,37.68756484985352,100.47541809082033,159.9805145263672,71.06236267089844,68.33590698242188,132.64279174804688,187.3351898193359
2022-03-30,93.13,48.86,84.74591827392578,70.63821411132812,37.420413970947266,100.36026763916016,157.84744262695312,71.10910034179688,68.89974212646484,132.90219116210938,184.48892211914065
2022-03-31,92.729,48.32,83.61711883544922,69.68107604980469,36.561710357666016,98.81539154052734,155.50888061523438,70.94083404541016,68.82579803466797,131.60523986816406,180.94818115234375
2022-04-01,93.62,49.28,84.49930572509766,70.2462387084961,36.46630096435547,98.0477294921875,155.0489959716797,71.65127563476562,69.78710174560547,132.64279174804688,181.1731719970703
2022-04-04,94.3837,49.13,84.51824951171875,70.33739471435547,36.30410385131836,97.92298889160156,157.99420166015625,71.42692565917969,69.25098419189453,131.53799438476562,185.24205017089844
2022-04-05,92.7426,49.17,83.84477233886719,69.23439025878906,36.07511520385742,96.53162384033205,154.66741943359375,71.49237060546875,69.68543243408203,131.8166046142578,180.8992919921875
2022-04-06,91.1702,49.9,82.87723541259766,69.64459228515625,35.82704162597656,95.78317260742188,151.00791931152344,72.39910888671875,71.07191467285156,133.824462890625,176.2826690673828
2022-04-07,90.78,49.49,83.41791534423828,70.5561752319336,35.788875579833984,96.10944366455078,151.24276733398438,73.27780151367188,70.89629364013672,136.3990936279297,177.18252563476562
2022-04-08,90.3246,49.67,83.9301528930664,72.49783325195312,36.15143966674805,95.5720672607422,149.1292266845703,73.58628845214844,71.1366195678711,137.21568298339844,175.54910278320312
2022-04-11,89.51,48.99,83.51277923583984,70.31916046142578,35.98924255371094,95.26500701904295,145.37188720703125,73.28715515136719,70.16608428955078,134.48731994628906,172.2920379638672
2022-04-12,89.769,48.84,83.53174591064453,71.48597717285156,35.59805679321289,95.11148834228516,144.7261199951172,73.30583953857422,70.43412780761719,133.18075561523438,172.67347717285156
2022-04-13,91.4601,49.04,84.76490020751953,72.55252838134766,35.59805679321289,96.00387573242188,147.0548858642578,73.71714782714844,70.29548645019531,133.8340606689453,176.96734619140625
2022-04-14,89.7688,48.76,84.48033142089844,72.78954315185547,35.197322845458984,95.89833068847656,143.4834442138672,73.69844818115234,70.33245086669922,133.1903839111328,174.49273681640625
2022-04-18,88.7178,48.64,84.55621337890625,73.85609436035156,35.407230377197266,95.56246948242188,143.95310974121094,73.09085845947266,69.95348358154297,131.7205047607422,175.02093505859375
2022-04-19,89.8968,49.66,85.35301971435547,73.25444793701172,35.893829345703125,97.2992706298828,146.65371704101562,74.20323944091797,70.40640258789062,132.97903442382812,180.09727478027344
2022-04-20,90.0988,50.6,85.89370727539062,73.53704071044922,36.14190673828125,97.8270263671875,146.51670837402344,75.31563568115234,70.97949981689453,134.7659149169922,177.7791748046875
2022-04-21,88.5083,50.27,84.48982238769531,71.2033920288086,35.569427490234375,96.82909393310548,144.0313720703125,75.25019836425781,69.80558013916016,133.27684020996094,176.05772399902344
2022-04-22,86.468,49.37,81.33103942871094,69.46226501464844,34.51036071777344,94.44939422607422,140.00009155273438,74.07237243652344,68.63168334960938,128.41574096679688,171.96926879882812
2022-04-25,87.315,49.14,81.10337829589844,67.16510772705078,34.567604064941406,94.44939422607422,142.10377502441406,74.39955139160156,68.1602783203125,129.28036499023438,173.2114715576172
2022-04-26,84.5419,48.37,79.85126495361328,67.25626373291016,33.69936752319336,92.38634490966795,136.81027221679688,73.24974822998047,67.47627258300781,127.00350952148438,164.44772338867188
2022-04-27,83.01,48.08,81.02751922607422,68.24076080322266,33.670745849609375,92.73178100585938,138.835693359375,73.5208511352539,67.15275573730469,126.72492980957033,164.46725463867188
2022-04-28,84.9488,48.96,82.30807495117188,70.31004333496094,34.10009765625,93.77769470214844,144.3934326171875,74.60519409179688,67.90145874023438,128.473388671875,167.84170532226562
2022-04-29,81.9001,46.6,80.65755462646484,68.505126953125,32.9265251159668,91.29244232177734,138.3758087158203,72.57671356201172,65.86792755126953,125.1685791015625,159.3126678466797
2022-05-02,83.0714,45.39,80.41093444824219,69.59902954101562,32.936065673828125,91.4843521118164,140.47950744628906,71.62322235107422,65.19318389892578,124.39043426513672,161.6405487060547
2022-05-03,83.7991,45.94,81.31207275390625,71.54979705810547,33.365421295166016,92.08887481689452,140.72415161132812,71.41757202148438,65.44273376464844,124.78433227539062,161.23953247070312
2022-05-04,85.589,46.48,83.94911193847656,74.52153778076172,34.38633346557617,94.7564468383789,145.66546630859375,73.0254135131836,66.90318298339844,127.5511474609375,165.97352600097656
2022-05-05,83.1536,45.29,81.35002136230469,73.4002914428711,33.3845100402832,92.28077697753906,138.65957641601562,71.6419448852539,66.21918487548828,125.07252502441406,156.6717987060547
2022-05-06,82.1142,44.83,80.18327331542969,75.58808135986328,33.14598083496094,91.65707397460938,137.5441131591797,71.71672058105469,66.74604797363281,124.67864990234376,154.68624877929688
2022-05-09,79.436,42.74,77.65056610107422,69.33466339111328,32.354068756103516,89.44049072265625,132.22119140625,71.68868255615234,66.24690246582031,121.45071411132812,148.09388732910156
2022-05-10,79.2876,41.79,77.16679382324219,69.9636459350586,32.067832946777344,88.85515594482422,134.2368621826172,71.19322967529297,65.44273376464844,121.8830337524414,147.6537322998047
2022-05-11,78.1434,41.73,77.20474243164062,70.90257263183594,31.772056579589844,88.04912567138672,130.0000762939453,70.88475799560547,65.91415405273438,121.07605743408205,142.36221313476562
2022-05-12,78.67,42.04,77.06245422363281,71.2033920288086,31.533527374267575,88.21224975585938,128.65956115722656,70.8660659790039,65.2486343383789,122.2480926513672,143.34033203125
2022-05-13,81.5217,43.09,78.24815368652344,73.63731384277344,31.991500854492188,89.3349380493164,132.93551635742188,71.93170166015625,66.02507019042969,123.54503631591795,148.9839630126953
2022-05-16,80.3648,42.74,78.10588836669922,75.5789794921875,31.724336624145508,89.21018981933594,131.7613525390625,72.25889587402344,66.2284164428711,124.45771026611328,145.76600646972656
2022-05-17,82.8891,43.2,80.31607055664062,76.45409393310547,32.57350540161133,91.23487091064452,135.57737731933594,71.7634506225586,66.91242218017578,126.167724609375,149.44366455078125
2022-05-18,80.44,41.94,77.8213119506836,74.49420166015625,31.67664337158203,87.8380355834961,129.3738555908203,67.14562225341797,66.26539611816406,122.91098022460938,139.67245483398438
2022-05-19,80.2659,41.86,78.3714828491211,74.2207260131836,31.46673011779785,87.05119323730469,127.95504760742188,65.94908905029297,66.12673950195312,123.1799774169922,139.770263671875
2022-05-20,80.5087,42.35,78.1817626953125,74.53976440429688,31.409482955932617,86.1108169555664,128.2388153076172,66.08929443359375,66.31159973144531,124.67864990234376,137.33480834960938
2022-05-23,81.3921,42.9,79.61412048339844,76.5087661743164,32.430389404296875,87.52137756347656,131.1840362548828,67.45409393310547,67.1065444946289,125.77381896972656,138.36181640625
2022-05-24,80.9279,43.4,79.15879821777344,76.80048370361328,32.36360168457031,87.47339630126953,129.23687744140625,68.55713653564453,68.44683074951172,126.14850616455078,134.80154418945312
2022-05-25,82.2022,43.64,79.50977325439453,78.38663482666016,32.6212158203125,87.98196411132812,130.7437286376953,68.57583618164062,68.4006118774414,126.11006927490234,138.60633850097656
2022-05-26,83.33,43.59,80.9705810546875,79.25263214111328,33.374969482421875,89.7667465209961,133.88461303710938,69.30496215820312,68.59471130371094,126.64806365966795,145.40411376953125
2022-05-27,85.6013,44.82,82.86773681640625,80.7020492553711,33.93789291381836,91.60909271240234,138.41497802734375,70.10888671875,69.66694641113281,128.75198364257812,150.39239501953125
2022-05-31,83.9932,44.22,81.60614013671875,79.48963165283203,33.84247970581055,90.87023162841795,137.4267120361328,69.61344146728516,68.70564270019531,127.03234100341795,151.1553192138672
2022-06-01,84.1353,43.74,80.79035186767578,80.78408813476562,33.29863357543945,90.31369018554688,137.01573181152344,68.70669555664062,68.59471130371094,125.20703125,149.5806121826172
2022-06-02,86.0769,44.4,83.01952362060547,80.52884674072266,33.756614685058594,92.04090118408205,140.33274841308594,69.70692443847656,69.056884765625,126.19656372070312,154.1580810546875
2022-06-03,84.739,43.84,82.21321868896484,81.59539031982422,33.270015716552734,91.68585968017578,136.97659301757812,69.0058364868164,68.72412109375,124.71707916259766,149.64907836914062
2022-06-06,84.8,43.71,82.99105834960938,81.5042495727539,33.365421295166016,92.0696792602539,136.98638916015625,69.03388214111328,69.02915954589844,124.73627471923828,151.14556884765625
2022-06-07,85.2435,44.22,83.58866882324219,83.93815612792969,33.623043060302734,93.30750274658205,138.62042236328125,69.3984375,69.44510650634766,126.35985565185548,150.7738800048828
2022-06-08,84.36,43.16,81.8527603149414,84.1204605102539,33.031490325927734,91.61868286132812,137.05487060546875,68.54779815673828,68.0863265991211,125.36074829101562,149.8837890625
2022-06-09,82.4936,42.17,79.91767883300781,82.2608413696289,32.2014045715332,89.81472778320312,133.3953857421875,67.51953125,66.45024871826172,122.52668762207033,147.1744842529297
2022-06-10,80.22,41.17,77.4703369140625,80.86612701416016,31.037382125854492,87.16633605957031,128.26817321777344,67.22974395751953,65.9418716430664,120.5572738647461,141.3058624267578
2022-06-13,76.3496,39.19,74.44438171386719,76.64552307128906,30.111888885498047,84.54673767089844,122.58323669433594,65.78083801269531,62.91006851196289,116.90665435791016,134.78195190429688
2022-06-14,76.071,38.91,73.87523651123047,76.79136657714844,29.854278564453125,84.33563232421875,123.35623168945312,65.00495910644531,61.32020950317383,115.79222106933594,134.67437744140625
2022-06-15,77.95,39.8,73.85626220703125,75.09583282470703,30.188215255737305,85.15126037597656,125.9589614868164,65.07038879394531,61.71767807006836,116.96429443359376,138.4596405029297
2022-06-16,74.2011,38.85,71.19075775146484,70.86611938476562,29.4249267578125,82.31096649169922,120.83177185058594,64.574951171875,60.52528762817383,115.2446517944336,131.681396484375
2022-06-17,76.2687,39.08,71.06744384765625,66.99189758300781,29.51079368591309,82.09986114501953,121.93744659423828,64.34126281738281,59.96145248413086,115.17739868164062,133.11920166015625
2022-06-21,77.7368,39.49,72.14198303222656,70.46249389648438,30.09974479675293,83.5975570678711,125.0404052734375,66.05816650390625,61.102813720703125,118.2780990600586,136.9269256591797
2022-06-22,77.699,40.13,71.2154769897461,67.64176940917969,30.032602310180664,83.13495635986328,124.51066589355467,66.01107788085938,61.74570846557617,119.91817474365234,136.66220092773438
2022-06-23,79.0,40.92,70.24124145507812,65.13447570800781,29.91750144958496,82.71090698242188,126.37460327148438,67.29193115234375,63.1992073059082,122.6098175048828,138.8092041015625
2022-06-24,80.45,41.81,73.03026580810547,65.99175262451172,31.020580291748047,85.60221099853516,130.91668701171875,68.6104507446289,64.29865264892578,124.64543914794922,144.10316467285156
2022-06-27,80.6425,41.66,72.42851257324219,67.92753601074219,30.915067672729492,85.39983367919922,130.0337677001953,68.4220962524414,64.82041931152344,125.10850524902344,142.5933837890625
2022-06-28,78.697,41.09,71.65484619140625,69.76190948486328,30.608123779296875,84.40713500976562,126.13915252685548,67.50853729248047,64.57816314697266,122.92819213867188,136.8975067138672
2022-06-29,78.58,40.83,71.13907623291016,67.33757781982422,30.435468673706055,83.91560363769531,126.39419555664062,67.9323501586914,64.624755859375,123.9990463256836,136.7896728515625
2022-06-30,77.77,40.86,70.29854583740234,65.91801452636719,30.16689109802246,84.17582702636719,124.70685577392578,67.97944641113281,65.3421859741211,123.7192840576172,134.77992248535156
2022-07-01,78.19,41.59,70.79523468017578,66.90432739257812,30.579347610473633,84.9083023071289,124.99134826660156,68.95892333984375,66.94476318359375,125.10850524902344,137.26022338867188
2022-07-05,78.3285,41.42,69.37205505371094,64.2495346069336,30.47383499145508,83.63612365722656,126.5609893798828,68.51628112792969,64.66202545166016,124.38494110107422,140.32875061035156
2022-07-06,77.9977,41.39,69.8114242553711,63.15260314941406,30.3971004486084,84.11801147460938,127.64990997314452,68.71404266357422,65.3328628540039,125.22429656982422,139.86801147460938
2022-07-07,79.5937,41.42,70.43226623535156,65.42945098876953,30.83833694458008,85.11067962646484,130.2888641357422,68.77996826171875,65.26765441894531,125.75491333007812,143.47572326660156
2022-07-08,79.6033,41.23,69.74456787109375,65.40179443359375,30.77118873596191,84.72518920898438,130.34771728515625,68.65754699707031,65.05335235595703,126.1311492919922,143.4953155517578
2022-07-11,77.96,41.23,69.55353546142578,64.77497100830078,30.521793365478516,84.15655517578125,128.5524444580078,68.56336975097656,65.46331024169922,125.8127899169922,139.56411743164062
2022-07-12,77.8404,40.97,69.4198226928711,63.5120964050293,30.3299560546875,83.89634704589844,126.7964096069336,68.36557006835938,65.14652252197266,124.21129608154295,138.72097778320312
2022-07-13,78.0711,40.75,69.01866912841797,63.410701751708984,30.06138038635254,82.87474060058594,126.4628677368164,68.41267395019531,64.87631225585938,123.00536346435548,139.85818481445312
2022-07-14,77.4786,40.35,67.74832153320312,62.212364196777344,29.48586082458496,82.40248107910156,127.6204833984375,68.46917724609375,64.87631225585938,122.64840698242188,139.74053955078125
2022-07-15,79.03,41.0,68.80852508544922,63.2263298034668,30.483428955078125,83.69393920898438,129.8670196533203,68.69522857666016,64.99745178222656,125.61019134521484,141.99537658691406
2022-07-18,78.5258,40.6,68.97089385986328,64.67357635498047,30.368324279785156,83.19276428222656,128.61131286621094,68.02654266357422,64.09367370605469,122.95712280273438,142.40713500976562
2022-07-19,81.05,41.72,71.07221984863281,66.66465759277344,31.279563903808594,86.16120910644531,132.535400390625,68.7423095703125,64.50363159179688,125.05062866210938,146.7697296142578
2022-07-20,81.76,41.51,71.19638061523438,67.3099136352539,31.39466667175293,86.8261947631836,134.60531616210938,68.28081512451172,63.64643859863281,123.81574249267578,149.18142700195312
2022-07-21,82.0176,41.94,72.2088394165039,66.13001251220703,31.59610366821289,87.45265197753906,136.49867248535156,68.48802947998047,63.81414794921875,125.7741928100586,152.5930633544922
2022-07-22,80.7378,42.26,71.69306945800781,65.58615112304688,31.41385841369629,87.17315673828125,134.6151123046875,68.94009399414062,64.68997192382812,125.25322723388672,151.7107391357422
2022-07-25,80.98,42.29,71.9891586303711,67.99205780029297,31.61528205871582,87.58757781982422,133.76165771484375,69.27912902832031,65.5005874633789,125.9092788696289,150.40684509277344
2022-07-26,81.6563,42.37,71.50202941894531,67.37445068359375,31.174053192138672,87.1153335571289,131.59359741210938,69.11903381347656,65.89190673828125,126.5556411743164,145.5638885498047
2022-07-27,84.2567,42.6,72.36165618896484,68.89541625976562,31.653656005859375,88.4646224975586,137.25405883789062,69.58993530273438,65.94782257080078,127.34675598144533,151.07350158691406
2022-07-28,86.0483,44.17,73.64154815673828,69.2825927734375,31.883865356445312,90.3150634765625,139.34361267089844,70.7012710571289,68.31439971923828,128.1571044921875,153.6714630126953
2022-07-29,87.1603,44.34,74.62533569335938,72.28763580322266,32.33469009399414,92.17514038085938,141.4822235107422,70.15501403808594,68.90139770507812,127.73263549804688,159.6320343017578
2022-08-01,87.2013,43.94,74.02360534667969,70.7943344116211,32.06611251831055,92.27151489257812,141.17813110351562,71.03089141845703,68.97593688964844,126.78717041015624,160.42616271972656
2022-08-02,87.43,43.36,73.26905059814453,70.62840270996094,31.711210250854492,91.29810333251952,140.177490234375,70.46580505371094,68.83617401123047,126.333740234375,159.32815551757812
2022-08-03,88.6181,43.54,73.345458984375,68.60044860839844,32.1908073425293,92.15586853027344,143.90536499023438,70.92728424072266,69.2647705078125,127.49142456054688,163.21038818359375
2022-08-04,87.9206,43.58,73.3932113647461,66.0562744140625,32.08529281616211,92.49317932128906,144.5626678466797,70.45639038085938,69.4138412475586,126.86437225341795,163.87701416015625
2022-08-05,88.12,43.72,73.6511001586914,67.365234375,32.31549835205078,92.63775634765624,144.2290802001953,70.2962875366211,69.16227722167969,126.81612396240234,161.0830078125
2022-08-08,87.9772,44.04,74.06181335449219,67.71551513671875,32.29631805419922,92.6088409423828,143.00282287597656,70.25860595703125,69.2647705078125,127.1151885986328,161.80848693847656
2022-08-09,87.0742,44.39,73.6988754272461,68.90463256835938,32.459388732910156,92.27151489257812,141.57052612304688,70.15501403808594,70.03809356689453,126.72931671142578,159.2301025390625
2022-08-10,89.3498,44.99,75.79061889648438,69.40241241455078,33.18836975097656,94.29544830322266,145.43572998046875,70.67301940917969,70.34557342529297,128.10887145996094,163.72015380859375
2022-08-11,89.0973,44.78,76.04851531982422,71.78987884521484,33.58164596557617,94.79660034179688,144.86676025390625,70.50348663330078,70.33626556396484,127.27918243408205,162.88685607910156
2022-08-12,90.8,45.54,77.4812240600586,72.33374786376953,34.10920715332031,96.22297668457033,147.75094604492188,71.11564636230469,71.48229217529297,128.9096221923828,166.57301330566406
2022-08-15,91.5006,45.74,77.43347930908203,70.92339324951172,34.09961700439453,96.45429229736328,148.6829071044922,71.82201385498047,72.07859802246094,129.55601501464844,167.72000122070312
2022-08-16,91.4589,45.56,77.86328125,70.75745391845703,34.34901428222656,96.88797760009766,148.28067016601562,72.63197326660156,72.2835693359375,129.20870971679688,169.57290649414062
2022-08-17,89.9592,45.43,76.79352569580078,71.347412109375,34.17634963989258,96.1169662475586,147.22119140625,72.4247817993164,72.16244506835938,128.45619201660156,167.74942016601562
2022-08-18,91.4363,45.12,77.03231048583984,73.26476287841797,34.2147216796875,96.50247955322266,147.98638916015625,72.66963958740234,72.43264770507812,127.88700103759766,167.70040893554688
2022-08-19,90.3393,44.68,75.61869049072266,73.246337890625,33.5336799621582,95.25920867919922,145.29840087890625,72.43419647216797,72.39537048339844,128.2342987060547,164.23974609375
2022-08-22,88.3377,43.75,74.41522216796875,73.10804748535156,32.795108795166016,93.44731903076172,141.24679565429688,71.69956970214844,71.40774536132812,126.5556411743164,159.68109130859375
2022-08-23,88.1528,43.09,75.15068054199219,75.7444076538086,32.66081237792969,93.62079620361328,140.87403869628906,71.38878631591797,70.97915649414062,124.7901611328125,160.1320343017578
2022-08-24,88.9247,43.43,75.31304168701172,76.67542266845703,32.83346939086914,93.92920684814452,140.96226501464844,71.56771850585938,71.20276641845703,124.94450378417967,160.81829833984375
2022-08-25,90.69,44.1,77.02275848388672,77.26536560058594,33.34185028076172,95.36521911621094,143.34619140625,71.89734649658203,71.64067077636719,126.32410430908205,162.7397918701172
2022-08-26,88.4066,42.98,74.6635513305664,76.36201477050781,32.34428024291992,92.05948638916016,137.22462463378906,70.11734008789062,70.54122924804688,122.8027572631836,156.54393005371094
2022-08-29,87.89,42.61,74.13822174072266,77.51425170898438,32.114070892333984,91.6450653076172,135.4097442626953,70.00432586669922,70.75553894042969,121.94416046142578,155.71060180664062
2022-08-30,86.915,42.0,72.9251937866211,74.88712310791016,31.941417694091797,90.32470703125,133.99705505371094,69.27912902832031,69.72132110595703,121.1337661743164,153.97537231445312
2022-08-31,86.45,41.85,72.02735900878906,74.20498657226562,31.70161819458008,89.56330871582031,132.69232177734375,68.8553237915039,69.2647705078125,120.36196899414062,152.45579528808594
2022-09-01,85.0883,42.0,71.08177185058594,72.37982940673828,31.797534942626953,89.68858337402344,132.04489135742188,69.24147033691406,70.26172637939453,122.33969116210938,153.84791564941406
2022-09-02,84.4003,41.28,71.0149154663086,73.70721435546875,31.54813575744629,88.82122039794922,130.32810974121094,68.33732604980469,69.50702667236328,120.58385467529295,152.4362335205078
2022-09-06,83.62,41.71,70.79523468017578,73.02509307861328,31.471406936645508,88.96577453613281,129.46481323242188,67.95120239257812,69.68404388427734,120.6996078491211,152.1224822998047
2022-09-07,84.2588,42.51,72.75326538085938,72.1770248413086,32.09488296508789,90.39215087890624,131.5347442626953,69.17554473876953,71.86429595947266,122.66769409179688,156.78897094726562
2022-09-08,84.4228,42.63,73.4600830078125,72.49044799804688,32.66081237792969,90.66201782226562,131.98599243164062,68.99659729003906,71.80838775634766,124.79979705810548,158.24977111816406
2022-09-09,85.8356,43.04,74.56803894042969,74.29717254638672,32.95816421508789,91.83780670166016,134.5955047607422,69.67471313476562,72.09721374511719,125.8996124267578,161.24964904785156
2022-09-12,86.9537,43.4,75.26531219482422,75.66144561767578,33.226741790771484,92.38716888427734,136.75372314453125,69.94779968261719,72.78671264648438,126.73893737792967,163.32798767089844
2022-09-13,83.34,41.75,72.58134460449219,73.7533187866211,31.9893741607666,88.90795135498047,129.49423217773438,67.61214447021484,70.84870910644531,122.55192565917967,154.90670776367188
2022-09-14,83.83,41.24,71.69306945800781,75.83657836914062,31.89344787597656,88.7344741821289,129.965087890625,67.58390045166016,71.42637634277344,122.61946105957033,156.8968505859375
2022-09-15,82.3793,40.34,70.74746704101562,73.88236999511719,31.99897193908691,87.80924987792969,126.97299194335938,67.01881408691406,69.64678192138672,123.304443359375,156.0929718017578
2022-09-16,82.1881,40.35,69.62995147705078,72.30609130859375,31.711210250854492,85.97807312011719,126.26667022705078,67.17891693115234,69.38589477539062,122.95712280273438,154.83810424804688
2022-09-19,81.8205,39.91,70.78260040283203,72.34894561767578,32.070865631103516,87.14497375488281,127.2963409423828,67.6253890991211,70.31549072265625,122.29460906982422,157.02886962890625
2022-09-20,80.59,38.86,69.4378433227539,71.84575653076172,31.598390579223633,86.0604019165039,126.54891204833984,67.25569915771484,69.29303741455078,120.86109161376952,154.36654663085938
2022-09-21,79.8925,38.29,67.92018127441406,70.79275512695312,30.942699432373047,84.9177017211914,124.57221221923828,66.99976348876953,68.3456039428711,118.8561019897461,150.7119598388672
2022-09-22,78.6413,37.93,67.10372161865234,70.54114532470703,30.422006607055664,83.63944244384766,123.30358123779295,66.90496826171875,68.1017074584961,119.4856948852539,147.2342071533203
2022-09-23,76.7154,37.46,65.73011779785156,65.6769027709961,29.939884185791016,82.0706558227539,121.69072723388672,65.76744079589844,67.31375885009766,118.87548828125,143.8448944091797
2022-09-26,76.0277,36.45,64.66393280029297,64.0647964477539,29.4674015045166,81.20877838134766,120.84497833251952,65.81484985351562,65.69094848632812,117.74221801757812,143.52072143554688
2022-09-27,76.4506,35.97,64.8080062866211,64.78231811523438,29.342050552368164,80.9376449584961,121.00232696533205,64.67732238769531,64.58406829833984,117.38384246826172,143.97259521484375
2022-09-28,78.97,36.65,66.47935485839844,67.65242004394531,29.92060089111328,82.71947479248047,122.28079223632812,65.45462799072266,65.2781982421875,119.95061492919922,147.86293029785156
2022-09-29,77.0117,35.63,65.49959564208984,67.65242004394531,29.54454231262207,81.2862548828125,119.09445190429688,64.37398529052734,62.661075592041016,118.94329071044922,142.75439453125
2022-09-30,76.83,36.01,65.32669830322266,67.11194610595703,29.274555206298828,80.2210464477539,116.81287384033205,63.25543212890625,61.45100784301758,117.30636596679688,139.9447021484375
2022-10-03,79.3121,36.68,67.44950866699219,70.90457916259766,30.06523704528809,82.6419906616211,120.43193817138672,64.34555053710938,63.252052307128906,119.71814727783205,140.08224487304688
2022-10-04,82.1299,37.26,69.92771911621094,73.95174407958984,31.18376350402832,85.51810455322266,124.47386932373048,65.32192993164062,64.59344482421875,122.4980239868164,144.97467041015625
2022-10-05,81.678,36.57,69.14006805419922,75.47998809814453,30.942699432373047,85.05328369140625,124.88690948486328,64.94275665283203,63.158233642578125,122.90482330322266,144.11997985839844
2022-10-06,81.4826,35.37,68.4100570678711,76.82184600830078,30.508787155151367,84.0751953125,123.86412811279295,63.99482345581055,61.0757942199707,121.33570098876952,143.09829711914062
2022-10-07,79.0971,34.53,66.719482421875,76.22545623779297,29.785606384277344,82.46769714355469,118.76991271972656,63.03740692138672,59.8094367980957,118.76893615722656,138.17636108398438
2022-10-10,78.1826,34.14,66.86358642578125,74.65995025634766,29.65060806274414,82.75819396972656,116.7735366821289,63.26491165161133,59.912628173828125,118.02311706542967,137.32168579101562
2022-10-11,77.1552,34.46,66.3448715209961,74.06356048583984,29.274555206298828,82.73883819580078,114.98368072509766,63.7862663269043,59.696876525878906,118.65271759033205,136.2017059326172
2022-10-12,76.5929,34.0,65.84539794921875,74.65995025634766,29.207059860229492,82.09001922607422,114.62963104248048,64.12752532958984,57.70822525024414,118.07154846191406,136.55535888671875
2022-10-13,78.1636,34.64,67.7761001586914,77.70709991455078,30.41236686706543,83.90088653564453,118.18968963623048,65.189208984375,59.15281677246094,120.82234954833984,138.04869079589844
2022-10-14,76.1559,33.77,65.49000549316406,74.80904388427734,29.90131568908691,82.06096649169922,114.86568450927734,64.0137710571289,58.2991943359375,120.00872802734376,132.89100646972656
2022-10-17,79.01,35.03,67.1229248046875,75.74088287353516,30.653425216674805,83.85247802734375,118.36670684814452,64.70576477050781,59.51865005493164,121.93622589111328,138.28443908691406
2022-10-18,80.1273,35.49,68.43887329101562,76.40250396728516,31.14519500732422,85.87641143798828,119.3698272705078,65.54943084716797,60.60676956176758,122.6142349243164,140.19032287597656
2022-10-19,79.2867,34.6,67.63202667236328,78.6575927734375,30.63414192199707,85.26632690429688,119.0256118774414,65.24609375,59.81882095336914,120.89984130859376,138.61843872070312
2022-10-20,79.39,34.43,67.14215087890625,78.73213195800781,30.14237594604492,83.59100341796875,119.09445190429688,64.33607482910156,58.30857467651367,119.87312316894533,135.93646240234375
2022-10-21,81.0664,34.67,69.46663665771484,81.00585174560547,31.03912353515625,85.88609313964844,122.28079223632812,65.32192993164062,59.387325286865234,122.5658187866211,139.8955841064453
2022-10-24,81.6994,34.65,69.063232421875,81.3879165649414,31.453746795654297,87.0287857055664,123.9723129272461,66.49736022949219,59.88447952270508,124.9291763305664,140.47520446777344
2022-10-25,84.72,36.02,70.77298736572266,81.4717788696289,31.829809188842773,88.20053100585938,126.34241485595705,67.36945343017578,61.085166931152344,125.87841796875,143.9922637939453
2022-10-26,85.12,35.95,71.2724838256836,82.58068084716797,31.906944274902344,88.51040649414062,123.52976989746094,67.81497955322266,61.05703353881836,127.27317810058594,142.8330078125
2022-10-27,85.2447,35.97,71.0899887084961,82.8788833618164,32.167301177978516,89.54658508300781,122.12345123291016,67.8718490600586,61.544822692871094,126.6048583984375,142.28286743164062
2022-10-28,88.03,36.82,71.80077362060547,83.1677474975586,32.96762466430664,91.62860870361328,127.4340362548828,69.36009216308594,63.23329544067383,128.6873321533203,142.4105682373047
2022-10-31,87.88,36.73,71.1572265625,83.86663818359375,32.765132904052734,91.36715698242188,125.7523422241211,68.95249938964844,62.6423225402832,128.58078002929688,141.4969024658203
2022-11-01,88.18,36.67,71.3397216796875,84.67735290527344,32.85191345214844,91.27999877929688,124.7000503540039,68.73446655273438,62.88621520996094,128.65826416015625,140.06259155273438
2022-11-02,86.57,35.71,69.4858627319336,82.6365966796875,32.43728256225586,89.67247772216797,120.3926010131836,67.54008483886719,62.27648162841797,126.46925354003906,134.7673797607422
2022-11-03,84.5267,35.69,70.01416015625,84.16483306884766,32.10944366455078,90.61180877685548,116.85221099853516,67.31257629394531,62.54851913452149,125.9365234375,133.96182250976562
2022-11-04,82.928,36.19,72.44434356689453,85.18987274169922,32.697635650634766,92.06438446044922,118.98627471923828,68.10883331298828,62.93310546875,126.70171356201172,135.08177185058594
2022-11-07,82.8152,36.18,73.01107025146484,86.65287780761719,33.02547836303711,93.05213928222656,120.97283935546876,68.71551513671875,61.732421875,128.0577392578125,134.13864135742188
2022-11-08,82.2703,36.4,74.26937866210938,86.73674011230469,33.21832275390625,93.8655776977539,122.13328552246094,68.9145736694336,62.16392135620117,128.69700622558594,133.8046112060547
2022-11-09,79.4601,36.0,73.0687026977539,82.49681854248047,32.6590576171875,92.55826568603516,118.9567642211914,68.16571044921875,61.67613983154297,127.31192016601562,129.7177734375
2022-11-10,83.3019,38.76,77.11259460449219,84.33255767822266,34.30793380737305,96.44148254394533,128.73214721679688,69.76771545410156,64.58406829833984,130.5470428466797,139.1980743408203
2022-11-11,83.6413,38.74,78.0443344116211,86.7833251953125,34.58755111694336,96.38337707519533,130.93505859375,69.6918716430664,63.86177444458008,128.94886779785156,142.5382537841797
2022-11-14,83.5815,37.71,77.93865203857422,86.75537109375,34.09579086303711,95.7926788330078,129.81394958496094,69.14207458496094,63.10195541381836,129.0650634765625,140.27874755859375
2022-11-15,84.45,38.18,77.82340240478516,87.66859436035156,34.17292785644531,96.451171875,131.387451171875,69.72032165527344,63.796104431152344,128.90042114257812,142.19444274902344
2022-11-16,83.294,37.91,77.0645751953125,85.87944030761719,34.00900650024414,95.7539291381836,129.58775329589844,70.06157684326172,64.3683090209961,128.84230041503906,140.0233154296875
2022-11-17,83.3302,37.57,76.32495880126953,86.0658187866211,33.825801849365234,95.58930206298828,129.75494384765625,70.04261016845703,63.24266815185547,128.78419494628906,138.32373046875
2022-11-18,85.2511,38.05,76.83404541015625,85.38555145263672,34.105430603027344,96.2962417602539,129.9024200439453,70.7914810180664,64.58406829833984,130.34361267089844,138.51040649414062
2022-11-21,84.78,38.32,77.09339141845703,84.23004913330078,34.21150207519531,96.60611724853516,128.50595092773438,71.46451568603516,64.8748550415039,130.40174865722656,136.50624084472656
2022-11-22,85.5062,38.51,78.8415756225586,86.86720275878906,34.55862808227539,97.35176849365234,130.99404907226562,71.98587799072266,65.42829132080078,131.53500366210938,138.04869079589844
2022-11-23,86.0621,38.57,79.1489486694336,85.92604064941406,34.70326614379883,97.71976470947266,132.154541015625,72.23233795166016,66.15997314453125,132.05804443359375,140.04296875
2022-11-25,86.4942,38.8,79.12015533447266,85.60919189453125,34.81897735595703,98.0974349975586,131.387451171875,72.27973175048828,66.54457092285156,132.84259033203125,140.1215362548828
2022-11-28,84.4159,37.71,77.35273742675781,83.26092529296875,34.22113800048828,96.31560516357422,128.5748291015625,72.00482177734375,65.85979461669922,131.84494018554688,139.2570343017578
2022-11-29,84.37,38.34,77.61207580566406,84.5189437866211,34.42363357543945,96.90631866455078,127.3160171508789,71.72992706298828,65.37200927734375,131.51560974121094,138.81494140625
2022-11-30,87.4883,39.24,79.48514556884766,84.93827056884766,35.01182556152344,98.504150390625,133.7083740234375,73.17078399658203,67.00420379638672,134.65386962890625,143.59927368164062
2022-12-01,87.0409,39.16,79.58120727539062,84.65870666503906,34.8093376159668,98.53319549560548,133.8951873779297,72.83901977539062,66.94793701171875,135.04129028320312,143.5796356201172
2022-12-02,87.0407,38.97,80.45529174804688,84.15550994873047,34.645408630371094,99.0948715209961,133.1182861328125,73.17078399658203,66.62898254394531,135.38998413085938,143.39300537109375
2022-12-05,84.93,38.31,78.86077880859375,81.65814971923828,33.787235260009766,97.43893432617188,130.90553283691406,72.25128936767578,66.2537841796875,134.0920867919922,139.2570343017578
2022-12-06,83.6265,38.02,78.15958404541016,79.50557708740234,33.48830795288086,96.28654479980467,128.10275268554688,71.8057632446289,66.66651916503906,133.07505798339844,137.08590698242188
2022-12-07,82.76,38.1,77.98670196533203,79.31922149658203,33.35331344604492,96.16065216064452,127.45368194580078,72.10910034179688,66.3569564819336,134.16957092285156,136.26065063476562
2022-12-08,84.89,38.38,78.56301879882812,78.96509552001953,33.38225173950195,96.73200988769533,129.53857421875,72.49774932861328,66.7884521484375,135.38031005859375,137.57708740234375
2022-12-09,83.8489,38.3,77.78498077392578,77.04548645019531,33.29545974731445,95.93793487548828,128.7419891357422,71.93846893310547,66.4413833618164,133.6465301513672,136.97781372070312
2022-12-12,84.804,38.62,78.45735931396484,79.0676040649414,33.73902130126953,97.58417510986328,131.5546112060547,72.69683837890625,67.96100616455078,135.0703582763672,137.32168579101562
2022-12-13,85.215,39.47,79.54277038574219,80.56787872314453,33.825801849365234,97.95216369628906,133.10845947265625,72.5925521850586,68.16737365722656,135.4868621826172,137.32168579101562
2022-12-14,84.92,39.09,78.68788146972656,80.07400512695312,33.40153121948242,97.76817321777344,131.98733520507812,72.5451431274414,68.08295440673828,135.699951171875,136.2999725341797
2022-12-15,82.29,38.64,76.28652954101562,79.58943939208984,32.745845794677734,95.40531158447266,127.0504913330078,71.31285095214844,67.25747680664062,133.21066284179688,134.06004333496094
2022-12-16,81.4335,37.5,75.95994567871094,78.61099243164062,32.49513626098633,94.99860382080078,125.3687973022461,70.96211242675781,66.11307525634766,131.27346801757812,131.55491638183594
2022-12-19,80.03,36.64,74.97286987304688,78.6015853881836,32.407806396484375,94.49846649169922,123.69707489013672,70.917236328125,65.85015106201172,130.78329467773438,129.4428253173828
2022-12-20,80.8119,36.56,75.4659194946289,79.78781127929688,32.54365158081055,94.61521911621094,123.8844757080078,70.85995483398438,65.86906433105469,130.75411987304688,127.93562316894533
2022-12-21,81.6173,36.93,76.12332153320312,81.30354309082031,33.0482063293457,96.39583587646484,125.9358901977539,71.56644439697266,66.78642272949219,132.47557067871094,129.9747772216797
2022-12-22,80.5234,36.75,75.38859558105469,79.43004608154297,32.75711441040039,95.16983795166016,122.7601318359375,71.40414428710938,66.3797607421875,132.29080200195312,126.6352996826172
2022-12-23,81.0238,37.08,75.91063690185547,81.96255493164062,32.94147872924805,95.73418426513672,122.88834381103516,71.77649688720703,67.06067657470703,132.3686065673828,127.50216674804688
2022-12-27,80.77,37.05,75.9782943725586,82.83809661865234,32.931766510009766,96.02609252929688,121.72454833984376,72.12018585205078,67.47679138183594,132.02821350097656,125.43345642089844
2022-12-28,79.6344,36.46,74.81819152832031,80.98345184326172,32.81533432006836,94.77091217041016,119.76188659667967,71.22274017333984,66.83370208740234,131.17233276367188,124.37940979003906
2022-12-29,81.65,37.27,75.63027954101562,81.83074951171875,33.271366119384766,95.93850708007812,122.89820098876952,71.52825927734375,67.3160171508789,132.60202026367188,127.58098602294922
2022-12-30,81.61,36.93,75.09854888916016,82.34854888916016,33.184051513671875,95.55904388427734,122.73053741455078,71.17501831054688,66.67293548583984,132.12545776367188,127.2362060546875
2023-01-03,82.2742,37.07,75.02120971679688,79.45829010009766,33.30048751831055,95.7633819580078,121.5667495727539,70.90768432617188,66.67293548583984,131.74615478515625,126.47766876220705
2023-01-04,82.7348,37.92,76.32634735107422,79.44889068603516,33.834144592285156,96.60989379882812,121.88236236572266,71.18455505371094,67.27819061279297,132.09629821777344,128.30996704101562
2023-01-05,82.34,36.81,75.11788177490234,80.89871978759766,33.58186721801758,95.56877899169922,119.51531219482422,70.468505859375,65.82179260253906,130.74436950683594,127.11797332763672
2023-01-06,84.972,37.88,77.69915771484375,82.43328094482422,34.32899475097656,98.18617248535156,123.0165557861328,72.34931945800781,67.14578247070312,131.95037841796875,130.10287475585938
2023-01-09,85.3364,37.86,78.19221496582031,82.14144134521484,34.20285415649414,97.7483139038086,124.44664001464844,71.64283752441406,67.5997314453125,129.74261474609375,130.8909454345703
2023-01-10,85.89,37.97,78.97529602050781,82.72512817382812,34.396915435791016,98.28347778320312,125.2159194946289,71.54737091064453,67.61864471435547,130.83192443847656,132.5360565185547
2023-01-11,85.7315,39.35,80.21275329589844,82.97931671142578,34.71710968017578,99.227294921875,127.3856964111328,71.5855484008789,68.16716003417969,131.5710906982422,136.11196899414062
2023-01-12,87.23,39.79,80.512451171875,84.56095123291016,34.7850341796875,99.81108856201172,128.33250427246094,71.02225494384766,67.7037582397461,131.1528778076172,136.3385772705078
2023-01-13,87.4497,39.56,81.00550842285156,84.68334197998047,35.04701232910156,99.69432067871094,128.6974334716797,71.35640716552734,67.45787811279297,131.73638916015625,137.6192169189453
2023-01-17,86.6086,39.57,80.19340515136719,84.86222076416016,34.814144134521484,98.8478012084961,129.27932739257812,71.40414428710938,67.36329650878906,131.1237030029297,137.7177276611328
2023-01-18,85.4873,38.96,79.06230926513672,83.30882263183594,34.16404342651367,96.98936462402344,127.61254119873048,69.45650482177734,65.74613189697266,129.27578735351562,135.92481994628906
2023-01-19,84.28,38.77,78.45323944091797,84.34442138671875,33.7662239074707,94.99469757080078,126.12328338623048,68.79774475097656,65.0841293334961,129.58702087402344,133.6689453125
2023-01-20,85.3432,39.22,80.02906799316406,85.18231201171875,34.29988098144531,96.31798553466795,129.5357666015625,69.3323745727539,65.47187042236328,130.23863220214844,136.90994262695312
2023-01-23,86.1869,39.33,80.29010009765625,85.2952880859375,34.69770431518555,97.36884307861328,132.4846954345703,69.55197143554688,65.49079895019531,130.68601989746094,139.04759216308594
2023-01-24,85.71,39.5,80.33843994140625,84.96576690673828,34.71710968017578,98.01101684570312,132.42550659179688,69.83839416503906,65.82179260253906,129.82041931152344,138.88999938964844
2023-01-25,85.83,39.54,80.50279235839844,84.9751968383789,34.988792419433594,97.46613311767578,132.1493377685547,70.01025390625,64.93281555175781,129.85934448242188,139.59927368164062
2023-01-26,86.5248,39.99,80.8895034790039,87.65831756591797,35.173152923583984,98.00128936767578,134.25994873046875,69.76201629638672,65.15032958984375,130.1024932861328,142.4561004638672
2023-01-27,86.28,40.35,80.62847137451172,85.88838958740234,35.173152923583984,98.4099578857422,134.82211303710938,69.5615234375,65.15032958984375,129.21743774414062,145.6872100830078
2023-01-30,85.4462,39.86,80.07740783691406,83.92076873779297,34.99849319458008,97.44668579101562,132.24795532226562,69.6474380493164,64.8571548461914,128.0503387451172,143.20474243164062
2023-01-31,86.76,40.59,81.83692932128906,84.66451263427734,35.473941802978516,99.1007843017578,134.09230041503906,70.40167236328125,65.33946990966797,129.70372009277344,146.48516845703125
2023-02-01,87.8,40.89,82.37831115722656,82.99815368652344,35.473941802978516,99.82081604003906,137.2483367919922,70.9649658203125,65.45295715332031,130.31646728515625,149.26316833496094
2023-02-02,89.0418,41.83,82.11729431152344,81.10584259033203,35.57096862792969,100.59922790527344,140.9961395263672,70.35395050048828,65.59481048583984,129.43141174316406,153.8340606689453
2023-02-03,87.3185,40.96,80.63813781738281,80.92696380615234,35.503047943115234,100.07379913330078,139.8224639892578,70.07707977294922,64.2235336303711,129.05210876464844,149.09571838378906
2023-02-06,86.1132,40.7,79.74870300292969,80.55979919433594,35.493350982666016,99.8305435180664,138.1162109375,70.16300201416016,64.77204132080078,128.33238220214844,148.8789520263672
2023-02-07,85.7655,40.54,80.82182312011719,83.17701721191406,35.90087127685547,100.14190673828124,141.56817626953125,69.86702728271484,64.74366760253906,129.15907287597656,149.22373962402344
2023-02-08,84.03,40.43,80.17407989501953,82.43328094482422,35.68740463256836,99.57756042480467,139.86192321777344,69.3323745727539,63.656097412109375,128.77976989746094,147.9529571533203
2023-02-09,83.1803,40.04,79.01397705078125,81.72720336914062,35.289581298828125,98.6823959350586,139.09263610839844,69.02687072753906,62.786041259765625,127.65158081054688,147.67715454101562
2023-02-10,83.3174,40.12,79.30400085449219,84.9281234741211,35.40602493286133,99.3829574584961,138.45156860351562,69.66654968261719,64.03438568115234,128.8575897216797,145.94334411621094
2023-02-13,84.1615,40.49,79.71969604492188,84.71159362792969,35.813541412353516,100.28787231445312,140.8481903076172,70.45896911621094,64.42212677001953,129.9274139404297,148.08102416992188
2023-02-14,84.298,40.07,79.90338134765625,84.73983001708984,35.619483947753906,100.01541137695312,141.44981384277344,69.81929779052734,64.14787292480469,129.15907287597656,149.85421752929688
2023-02-15,84.73,40.18,80.25142669677734,83.2994155883789,35.658294677734375,100.63815307617188,142.110595703125,69.95294952392578,64.5639877319336,128.5171661376953,151.60769653320312
2023-02-16,83.89,39.81,79.3426742553711,82.4803466796875,35.29928970336914,99.59701538085938,139.64495849609375,69.44695281982422,64.07221221923828,127.23339080810548,148.29776000976562
2023-02-17,84.919,39.61,78.59825134277344,79.54302978515625,35.308990478515625,100.24893951416016,137.8992919921875,70.34440612792969,64.76258850097656,128.37130737304688,148.3273162841797
2023-02-21,82.4141,38.83,77.30278015136719,79.14762115478516,34.581268310546875,97.95263671875,134.6248779296875,70.07707977294922,63.55207443237305,126.70816802978516,143.37222290039062
2023-02-22,82.53,38.48,77.88284301757812,78.62041473388672,34.542457580566406,97.70938873291016,134.4276123046875,69.97205352783203,63.306190490722656,126.28022003173828,144.10121154785156
2023-02-23,82.882,38.85,77.96986389160156,79.80662536621094,34.571571350097656,98.1667022705078,136.6565704345703,69.88612365722656,62.97517776489258,126.6206283569336,143.9829864501953
2023-02-24,80.6518,38.13,78.49191284179688,79.70307922363281,34.600677490234375,97.60235595703124,134.22052001953125,69.4183120727539,62.99409484863281,124.98670196533205,141.7172393798828
2023-02-27,80.9735,38.19,78.7529296875,79.93844604492188,34.59097671508789,98.46833038330078,134.94049072265625,69.3419418334961,62.56852722167969,124.60738372802734,143.47073364257812
2023-02-28,81.51,38.21,79.11063385009766,78.78987884521484,34.65888977050781,98.24454498291016,134.64459228515625,68.76908874511719,61.47148895263672,123.68343353271484,143.37222290039062
2023-03-01,80.7141,37.62,79.72937774658203,80.34326171875,34.542457580566406,98.63375091552734,133.65834045410156,68.26309967041016,60.4595832824707,123.47918701171876,141.5695037841797
2023-03-02,80.8035,38.11,80.63813781738281,81.0493392944336,34.37751007080078,99.7916259765625,135.30538940429688,69.19872283935547,61.6038932800293,124.23779296875,141.09661865234375
2023-03-03,81.5663,38.75,81.78858184814453,82.15084838867188,34.92087173461914,100.87165832519533,138.21487426757812,69.25601959228516,62.65364074707031,125.62860107421876,144.13076782226562
2023-03-06,81.3693,38.6,80.464111328125,82.18850708007812,34.94997787475586,100.68679809570312,138.87564086914062,69.43741607666016,62.956260681152344,125.57023620605467,143.07672119140625
2023-03-07,80.1856,37.63,78.87861633300781,80.75749969482422,34.047611236572266,99.3927001953125,137.1497039794922,68.75,61.925445556640625,123.5472640991211,141.12619018554688
2023-03-08,80.9488,38.16,79.26531219482422,79.92902374267578,33.921470642089844,99.626220703125,138.28392028808594,68.86457061767578,62.3983039855957,122.88591766357422,140.87005615234375
2023-03-09,79.34,37.29,77.2254409790039,78.79928588867188,32.54365158081055,98.15696716308594,136.301513671875,68.22489929199219,61.89706039428711,121.6410140991211,137.51083374023438
2023-03-10,77.97,36.1,75.58193969726562,77.79193878173828,31.9517765045166,96.32772064208984,133.90489196777344,67.89075469970703,60.92298126220703,120.7462387084961,136.14154052734375
2023-03-13,77.1935,36.68,74.80852508544922,76.21029663085938,30.690391540527344,95.78284454345705,134.63473510742188,68.23444366455078,61.859249114990234,121.87442779541016,136.42724609375
2023-03-14,78.6886,37.06,75.76564025878906,76.96345520019531,31.31138038635254,96.79476928710938,137.74143981933594,68.85501098632812,62.67256164550781,122.96372985839844,138.74221801757812
2023-03-15,77.6364,37.08,73.31002807617188,72.83049774169922,30.476926803588867,94.41089630126952,137.8203582763672,69.3037338256836,63.5236930847168,122.8567352294922,138.53536987304688
2023-03-16,78.531,37.08,74.151123046875,73.6213150024414,31.059099197387695,95.62714385986328,141.6865234375,69.35148620605469,63.949275970458984,124.00438690185548,141.0375213623047
2023-03-17,77.74,36.23,73.00067138671875,72.46333312988281,30.059703826904297,94.06061553955078,141.4892578125,68.84547424316406,63.33455657958984,122.40934753417967,139.23477172851562
2023-03-20,78.543,36.36,74.50276947021484,73.91403198242188,30.394163131713867,95.30628204345705,141.8708038330078,69.80000305175781,63.82994842529297,123.9608154296875,139.83753967285156
2023-03-21,79.68,36.15,75.40577697753906,76.47296142578125,31.16449928283691,96.41029357910156,143.01739501953125,69.74243927001953,62.543827056884766,124.71261596679688,143.70103454589844
2023-03-22,77.7167,34.83,74.06581115722656,74.84627532958984,30.44291877746582,94.56377410888672,141.59402465820312,69.09970092773438,61.31486511230469,122.8282241821289,140.4995574951172
2023-03-23,77.6684,34.62,73.97843933105469,73.80938720703125,30.23814392089844,94.29021453857422,143.89710998535156,68.83108520507812,60.68608856201172,122.59387969970705,140.35133361816406
2023-03-24,77.639,35.51,74.58043670654297,74.09477996826172,30.21864318847656,94.6810073852539,144.272705078125,70.00145721435547,62.58193588256836,124.29279327392578,139.89682006835938
2023-03-27,78.1099,35.39,75.13389587402344,75.67389678955078,30.637941360473633,95.4723892211914,143.15577697753906,70.3755874633789,62.65815353393555,124.80049896240234,140.18336486816406
2023-03-28,77.7737,35.27,75.49315643310547,76.84395599365234,30.62818717956543,95.96088409423828,142.48362731933594,70.50028991699219,62.82962417602539,124.04869079589844,140.01539611816406
2023-03-29,78.6342,36.11,76.54180908203125,77.90938568115234,31.076744079589844,97.35798645019533,145.46871948242188,70.89362335205078,63.74421310424805,124.39041137695312,142.67340087890625
2023-03-30,79.3165,36.58,77.06613159179688,78.25184631347656,31.008481979370117,97.56314849853516,147.15896606445312,71.0950698852539,64.02049255371094,125.06411743164062,143.91842651367188
2023-03-31,81.06,37.38,78.31868743896484,78.7940673828125,31.349773406982425,98.85279846191406,149.2643280029297,71.67066192626953,64.4873046875,126.40177917480467,147.76217651367188
2023-04-03,80.5978,37.03,78.81388092041016,82.36134338378906,31.40827751159668,99.02864837646484,149.02708435058594,72.04478454589844,64.04906463623047,127.81752014160156,146.40847778320312
2023-04-04,80.02,37.04,77.67784118652344,80.86784362792969,31.115745544433594,96.81085968017578,148.20669555664062,71.9009017944336,64.37297821044922,127.83702850341795,146.17132568359375
2023-04-05,80.17,36.85,77.50306701660156,82.08547973632812,31.076744079589844,95.550537109375,146.51646423339844,72.23667907714844,66.04019165039062,130.04364013671875,143.1773223876953
2023-04-06,79.65,37.1,77.3185806274414,80.83930206298828,31.193754196166992,95.52122497558594,147.3467559814453,72.29421997070312,66.50700378417969,130.3658447265625,143.2069854736328
2023-04-10,80.3839,37.29,77.68755340576172,81.48617553710938,31.26201438903809,96.39075469970705,147.26766967773438,72.29421997070312,66.37361907958984,130.2779541015625,143.83938598632812
2023-04-11,79.8264,37.47,78.28955078125,82.25670623779297,31.535043716430664,96.96719360351562,145.88385009765625,72.50527954101562,66.4307861328125,130.71734619140625,144.06663513183594
2023-04-12,79.0343,37.36,78.34781646728516,82.31377410888672,31.466787338256836,97.2895965576172,145.05355834960938,72.17909240722656,66.36409759521484,130.75640869140625,141.83351135253906
2023-04-13,79.5133,37.24,79.15372467041016,82.82747650146484,31.74956512451172,97.65108489990234,147.7519989013672,72.58202362060547,66.37361907958984,132.45530700683594,144.9658203125
2023-04-14,78.6,36.6,78.58084869384766,82.97966766357422,32.06160354614258,97.53384399414062,146.93161010742188,72.12155151367188,65.63053131103516,131.3910369873047,145.153564453125
2023-04-17,78.3074,37.43,79.0372085571289,81.99986267089844,32.43214416503906,98.30567932128906,147.4653778076172,72.58202362060547,65.99254608154297,131.28366088867188,146.1811981201172
2023-04-18,77.2017,37.37,79.3673324584961,82.32329559326172,32.52965545654297,98.77464294433594,147.9200439453125,72.80266571044922,65.64958953857422,130.3853759765625,146.41835021972656
2023-04-19,75.7209,37.59,79.1440200805664,82.03791046142578,32.60765838623047,98.69647216796876,147.49501037597656,72.75469207763672,66.15450286865234,130.78567504882812,146.28001403808594
2023-04-20,74.508,37.14,79.0566177368164,81.31494140625,32.51014709472656,98.52061462402344,146.52633666992188,72.92737579345703,66.13544464111328,130.24868774414062,144.02711486816406
2023-04-21,75.1398,37.18,78.35752868652344,80.83930206298828,32.39313888549805,98.29590606689452,146.05189514160156,73.45499420166016,66.32598876953125,131.12741088867188,145.61798095703125
2023-04-24,75.3305,37.08,78.89154815673828,82.07596588134766,32.31513214111328,98.5303955078125,145.409423828125,73.75238037109375,66.65943908691406,131.85972595214844,145.59823608398438
2023-04-25,73.7129,36.74,77.18264770507812,80.53490447998047,31.75931739807129,96.71316528320312,142.3057098388672,73.65645599365234,66.59274291992188,130.45372009277344,142.7129364013672
2023-04-26,72.9564,36.44,76.26993560791016,79.45995330810547,31.45703125,94.88617706298828,144.4209747314453,73.08086395263672,65.03033447265625,128.59860229492188,141.9817352294922
2023-04-27,73.9902,37.32,77.30887603759766,79.74534606933594,31.964092254638672,96.7620086669922,147.48513793945312,73.89627838134766,65.8115463256836,129.2722930908203,145.72666931152344
2023-04-28,75.08,37.75,78.21188354492188,80.98199462890625,32.34438705444336,97.6999282836914,149.08642578125,74.28960418701172,65.71627044677734,130.37559509277344,146.1021728515625
2023-05-01,75.07,37.4,78.17304229736328,80.06877899169922,32.256622314453125,98.2275161743164,149.17535400390625,74.34716796875,65.8305892944336,131.04931640625,144.65951538085938
2023-05-02,72.97,36.76,77.41568756103516,76.58711242675781,31.52529525756836,97.20166778564452,147.78164672851562,74.14571380615234,65.03033447265625,130.48300170898438,144.8077392578125
2023-05-03,72.7947,36.53,76.56122589111328,75.14117431640625,31.16449928283691,96.8304214477539,146.53622436523438,73.54134368896484,64.8493423461914,130.30726623535156,143.66152954101562
2023-05-04,72.2666,36.87,76.06602478027344,74.30404663085938,30.76470375061035,95.77525329589844,145.8344268798828,73.35906982421875,65.3447265625,129.2722930908203,142.55484008789062
2023-05-05,71.64,37.44,77.34771728515625,76.32076263427734,31.52529525756836,97.2212142944336,149.49168395996094,74.0401840209961,65.76390075683594,130.43418884277344,145.44012451171875
2023-05-08,71.155,37.18,77.09526062011719,76.32076263427734,31.57404899597168,96.86949157714844,149.41258239746094,73.81954193115234,65.5638427734375,130.15103149414062,145.9341583251953
2023-05-09,71.2945,37.06,76.39615631103516,76.34928894042969,31.45703125,97.0844268798828,148.2659912109375,73.58930206298828,65.47809600830078,129.28207397460938,145.8946533203125
2023-05-10,71.1717,37.41,76.44470977783203,75.4836196899414,31.28151512145996,96.7327117919922,150.07485961914062,73.47417449951172,66.07828521728516,129.643310546875,146.63572692871094
2023-05-11,70.5938,37.02,75.69705963134766,74.5799331665039,31.232757568359375,96.14651489257812,149.40267944335938,73.69483947753906,65.40189361572266,129.24301147460938,147.31753540039062
2023-05-12,70.8099,37.09,75.83300018310547,74.6940689086914,31.105993270874023,96.21490478515624,149.2050323486328,73.98262023925781,65.76390075683594,129.0672607421875,146.07252502441406
2023-05-15,71.6837,37.02,76.47383117675781,75.07457733154297,31.359521865844727,96.68385314941406,150.44056701660156,73.80035400390625,64.93506622314453,128.8426971435547,146.26025390625
2023-05-16,70.69,36.03,75.21157836914062,73.22911834716797,31.06698989868164,95.37468719482422,150.5987091064453,73.17680358886719,63.49650955200195,127.76866912841795,145.66738891601562
2023-05-17,71.7885,36.5,75.70677947998047,74.63700103759766,31.691059112548828,97.01605224609376,152.60523986816406,73.138427734375,63.26786422729492,127.9249038696289,148.7008819580078
2023-05-18,72.3388,36.27,76.1534194946289,75.1792221069336,31.925086975097656,97.71946716308594,155.72872924804688,72.78347778320312,63.07732391357422,127.61248016357422,151.0130615234375
2023-05-19,72.2349,36.21,76.34760284423828,75.7594985961914,31.788572311401367,97.48499298095705,155.65953063964844,72.8314437866211,62.982059478759766,128.2080535888672,149.748291015625
2023-05-22,72.9,36.45,75.94951629638672,75.4455795288086,31.847076416015625,97.46546936035156,155.95606994628906,71.72822570800781,63.001121520996094,128.33497619628906,149.28387451171875
2023-05-23,72.207,36.0,74.77465057373047,76.2541732788086,31.476533889770508,96.29305267333984,153.6529998779297,71.20059967041016,62.782005310058594,126.9290008544922,147.9202880859375
2023-05-24,71.0,35.21,73.92017364501953,76.58711242675781,31.06698989868164,95.05227661132812,152.52618408203125,70.74012756347656,62.372344970703125,126.06002044677734,147.37681579589844
2023-05-25,71.0609,35.29,73.65801239013672,75.22679138183594,31.057239532470703,95.36490631103516,158.3777313232422,70.2029037475586,61.53398132324219,124.7711944580078,146.7147979736328
2023-05-26,73.0573,35.7,74.02698516845703,74.931884765625,31.31077003479004,96.07811737060548,162.87515258789062,70.44274139404297,61.53398132324219,124.51734161376952,150.16329956054688
2023-05-30,73.4928,35.81,73.62889099121094,74.16136169433594,31.301013946533203,95.93156433105467,163.74496459960938,69.63690185546875,61.295806884765625,123.74601745605467,151.17117309570312
2023-05-31,72.94,36.04,72.84239196777344,72.85811614990234,30.969478607177734,94.62239074707033,162.38092041015625,69.71365356445312,61.8578987121582,124.81026458740234,149.80755615234375
2023-06-01,73.0267,36.05,73.81336212158203,73.7618179321289,31.301013946533203,95.8338623046875,164.03160095214844,69.65609741210938,61.40060043334961,125.6304168701172,151.5762939453125
2023-06-02,74.42,36.81,76.28935241699219,76.0068359375,31.98358726501465,98.61832427978516,164.97061157226562,70.61541748046875,62.03889846801758,127.24144744873048,155.1334991455078
2023-06-05,73.21,36.64,76.23109436035156,75.5026626586914,31.817825317382812,97.93441009521484,164.02174377441406,70.35639190673828,62.334232330322266,127.7003402709961,155.597900390625
2023-06-06,73.55,36.86,76.71659088134766,76.11148071289062,32.21761703491211,98.5499267578125,163.98219299316406,70.00145721435547,62.28660202026367,126.63607788085938,157.21841430664062
2023-06-07,74.8574,37.54,77.62928771972656,78.12816619873047,32.34438705444336,100.13265991210938,161.53085327148438,69.7712173461914,63.34408187866211,126.1381378173828,156.15122985839844
2023-06-08,74.803,37.31,77.34771728515625,77.79522705078125,32.31513214111328,100.30852508544922,163.28042602539062,70.25086975097656,63.620361328125,126.9485321044922,158.46343994140625
2023-06-09,74.5598,37.12,76.70687103271484,77.3671646118164,32.32487869262695,100.0447235107422,164.09091186523438,70.13575744628906,63.24881362915039,127.33908081054688,159.28355407714844
2023-06-12,75.896,37.1,77.05642700195312,76.62516784667969,32.31513214111328,100.75794982910156,167.6591796875,70.11656188964844,63.134498596191406,127.7979736328125,162.02064514160156
2023-06-13,76.4555,37.37,78.84300994873047,76.98664855957031,32.51014709472656,101.93034362792967,168.67727661132812,70.40437316894531,63.124969482421875,128.44239807128906,163.70040893554688
2023-06-14,76.597,37.57,78.51288604736328,76.19709777832031,32.383384704589844,101.65679168701172,170.41693115234375,70.83605194091797,63.08686447143555,127.124267578125,163.58184814453125
2023-06-15,77.3728,37.73,79.18284606933594,77.03421020507812,32.812442779541016,103.190673828125,172.61126708984375,71.54595947265625,63.772796630859375,129.09657287597656,164.64901733398438
2023-06-16,77.1,37.69,79.3770523071289,76.9200668334961,32.74418258666992,103.02458190917967,171.18792724609375,71.63228607177734,64.11576843261719,129.08677673339844,164.4019775390625
2023-06-20,76.1,36.93,78.30276489257812,75.19843292236328,32.49930953979492,102.2594757080078,170.031005859375,71.08739471435547,63.36381530761719,128.94171142578125,165.63365173339844
2023-06-21,74.6944,36.77,78.55645751953125,75.79341888427734,32.46012878417969,102.82839965820312,167.51510620117188,71.33858489990234,63.8727912902832,128.9613037109375,163.64356994628906
2023-06-22,74.23,36.25,78.37105560302734,74.77618408203125,32.20545959472656,102.08291625976562,168.88201904296875,71.75402069091797,63.38301467895508,129.8436737060547,165.732666015625
2023-06-23,73.1359,35.86,77.73683166503906,74.23878479003906,32.06833267211914,101.30799102783205,167.04957580566406,71.28062438964844,62.45147705078125,129.41229248046875,163.81187438964844
2023-06-26,73.99,36.66,78.54670715332031,75.57270050048828,31.99976921081543,102.1515655517578,165.85107421875,71.37723541259766,63.06610107421875,128.67698669433594,161.712890625
2023-06-27,75.6375,37.06,79.6590347290039,75.74544525146484,32.25444030761719,103.3777084350586,169.11972045898438,71.58978271484375,63.08530807495117,128.3828582763672,165.18812561035156
2023-06-28,76.1,37.16,79.11261749267578,76.5131607055664,32.17607498168945,103.3777084350586,169.21881103515625,71.10672760009766,62.153770446777344,127.97109985351562,165.84156799316406
2023-06-29,77.18,37.5,80.10787200927734,77.39604187011719,32.7343864440918,104.37824249267578,169.51596069335938,71.0390853881836,62.153770446777344,128.80445861816406,166.01979064941406
2023-06-30,77.59,37.69,80.85919952392578,77.89506530761719,33.0184326171875,105.27086639404295,172.2101287841797,71.65740966796875,62.845218658447266,130.12796020507812,168.1287078857422
2023-07-03,77.81,37.99,81.16166687011719,78.07740783691406,33.20454025268555,105.29046630859376,171.84365844726562,72.21775817871094,63.315792083740234,129.05935668945312,170.15843200683594
2023-07-05,77.26,38.18,79.16140747070312,77.64555358886719,33.1359748840332,104.72154998779295,170.7838134765625,72.0921630859375,64.03604888916016,128.99072265625,170.22772216796875
2023-07-06,76.44,37.97,78.58572387695312,75.89897918701172,32.851924896240234,103.93682098388672,170.3281707763672,71.90859985351562,63.258174896240234,127.96128845214844,167.4851531982422
2023-07-07,77.19,37.79,79.26873779296875,77.53038787841797,32.90089416503906,104.17222595214844,169.58531188964844,70.97146606445312,62.79719543457031,126.47108459472656,167.69305419921875
2023-07-10,77.3,37.92,79.24922943115234,78.13497161865234,33.047821044921875,105.65340423583984,170.031005859375,70.9521484375,62.52830123901367,127.47111511230467,168.20791625976562
2023-07-11,77.839,38.35,80.02981567382812,79.8527603149414,33.439613342285156,106.89915466308594,170.39749145507812,71.05841827392578,63.306182861328125,127.50051879882812,169.61386108398438
2023-07-12,77.7718,38.53,81.08361053466797,80.5916976928711,33.65509796142578,106.7127914428711,172.32901000976562,71.22265625,64.22811126708984,127.1573715209961,171.1386260986328
2023-07-13,77.21,38.79,81.71783447265625,80.28460693359375,33.77263641357422,106.8501205444336,174.57745361328125,71.52215576171875,64.44900512695312,127.20638275146484,172.74256896972656
2023-07-14,74.33,38.79,81.23973083496094,78.16375732421875,33.547359466552734,106.53622436523438,174.31991577148438,71.76368713378906,64.19930267333984,129.1181640625,173.18812561035156
2023-07-17,73.3004,38.46,81.31778717041016,78.01022338867188,33.87058639526367,106.93840026855467,176.548583984375,71.55113983154297,63.4598388671875,128.52993774414062,173.89108276367188
2023-07-18,73.7397,38.14,81.95201110839844,78.7971420288086,34.252586364746094,107.5367431640625,178.5493927001953,71.4738540649414,62.970069885253906,129.4809112548828,174.60394287109375
2023-07-19,75.4142,38.56,81.51292419433594,79.25776672363281,34.39950180053711,107.48770904541016,178.10366821289062,72.19844055175781,63.613494873046875,130.07894897460938,175.21780395507812
2023-07-20,75.3866,38.43,81.70807647705078,80.18862915039062,34.654178619384766,107.96835327148438,174.54774475097656,72.81675720214844,64.7755126953125,132.23583984375,169.24752807617188
2023-07-21,75.2791,38.6,81.71783447265625,80.8987808227539,34.53663635253906,107.45828247070312,174.45858764648438,73.06794738769531,65.74547576904297,133.56915283203125,169.28712463378906
2023-07-24,75.1885,38.97,81.97152709960938,82.20391082763672,34.86965560913086,107.7035140991211,174.76565551757812,73.34812927246094,65.5726089477539,133.2750701904297,170.3960418701172
2023-07-25,74.88,38.68,83.44487762451172,82.63575744628906,34.64437484741211,107.5661849975586,176.7664794921875,73.32881164550781,65.68785095214844,133.21621704101562,170.0
2023-07-26,74.51,38.82,83.16192626953125,82.66454315185547,34.850074768066406,108.32147216796876,174.38925170898438,73.41575622558594,65.68785095214844,133.1279754638672,169.96038818359375
2023-07-27,73.6819,38.0,82.62527465820312,82.13673400878906,34.409305572509766,107.3896255493164,173.88409423828125,72.76844787597656,64.52583312988281,132.14759826660156,168.19802856445312
2023-07-28,73.2,37.89,83.2009506225586,82.38624572753906,34.47786331176758,108.056640625,176.25143432617188,73.52203369140625,64.38177490234375,132.53976440429688,171.0494842529297
2023-07-31,73.52,38.19,83.6400375366211,83.95047760009766,34.605201721191406,108.3116683959961,176.6575469970703,73.18388366699219,64.41059112548828,131.52012634277344,172.01979064941406
2023-08-01,73.8302,38.12,83.26925659179688,83.55702209472656,34.605201721191406,108.63536071777344,176.95468139648438,72.78778076171875,63.62310028076172,130.8338623046875,170.06932067871094
2023-08-02,72.9828,37.96,82.23497772216797,82.46302032470703,34.31135177612305,107.4975128173828,172.5766143798828,73.04863739013672,63.62310028076172,130.92208862304688,167.01980590820312
2023-08-03,71.47,37.44,81.72758483886719,83.29791259765625,34.3309440612793,106.82068634033205,171.8733673095703,72.84574890136719,62.1729736328125,130.2652130126953,167.41583251953125
2023-08-04,73.5389,37.07,81.54220581054688,83.41305541992188,34.193817138671875,106.1732940673828,169.53575134277344,72.12115478515625,61.45271682739258,129.804443359375,169.8514862060547
2023-08-07,72.79,37.54,82.078857421875,83.509033203125,34.673763275146484,107.47789764404295,170.01119995117188,72.71049499511719,61.443111419677734,131.304443359375,171.5940399169922
2023-08-08,74.2932,37.35,81.21044921875,83.92168426513672,34.36032485961914,106.9874267578125,168.7037353515625,72.18878936767578,61.73121643066406,132.31427001953125,170.22772216796875
2023-08-09,74.13,37.44,80.87870788574219,84.97730255126953,34.10566329956055,106.9285888671875,166.52459716796875,72.29505920410156,61.86565780639648,132.27503967285156,168.20791625976562
2023-08-10,75.565,37.32,80.93724822998047,84.96771240234375,34.135047912597656,106.63431549072266,166.54443359375,72.15013885498047,61.67359161376953,132.18679809570312,168.61386108398438
2023-08-11,75.74,37.39,80.71282958984375,86.2728500366211,34.203609466552734,106.81087493896484,165.316162109375,72.26606750488281,62.00971603393555,133.0103302001953,168.0395965576172
2023-08-14,75.92,37.19,80.88845825195312,85.90816497802734,34.135047912597656,106.8501205444336,167.95095825195312,71.90859985351562,61.51993179321289,133.41229248046875,168.55445861816406
2023-08-15,75.3911,36.81,79.57122039794922,84.12322235107422,33.508174896240234,105.48666381835938,166.2967987060547,71.13570404052734,60.52117538452149,132.92210388183594,166.25743103027344
2023-08-16,74.1265,36.36,79.0345687866211,83.39387512207031,33.45920181274414,104.89811706542967,164.7119598388672,70.97146606445312,60.790069580078125,131.9123077392578,164.19802856445312
2023-08-17,74.0757,36.09,78.8784408569336,84.39192199707031,33.292686462402344,104.01528930664062,163.14697265625,70.28551483154297,60.65562057495117,130.86325073242188,161.4158477783203
2023-08-18,73.7543,36.19,78.86869049072266,85.22681427001953,33.282894134521484,104.2114715576172,163.39459228515625,70.54637145996094,60.972537994384766,130.9122772216797,161.0495147705078
2023-08-21,73.218,35.88,78.8784408569336,84.68940734863281,33.243717193603516,104.0839614868164,166.5146942138672,70.07296752929688,60.58839797973633,131.04954528808594,162.90098571777344
2023-08-22,73.63,35.99,78.81013488769531,84.0368423461914,32.93027877807617,103.83873748779295,166.3264923095703,69.67686462402344,60.761260986328125,130.58876037597656,163.13861083984375
2023-08-23,74.04,36.52,78.93699645996094,83.82571411132812,33.253509521484375,104.9079132080078,169.32774353027344,70.14059448242188,61.001346588134766,130.98092651367188,164.44554138183594
2023-08-24,72.72,36.35,78.60523986816406,83.24993133544922,33.1359748840332,103.63275146484376,165.42514038085938,69.58023071289062,60.64602279663086,129.8436737060547,161.2277069091797
2023-08-25,72.8829,36.45,78.83941650390625,84.0560302734375,33.292686462402344,104.50575256347656,167.1090087890625,69.96669006347656,61.106990814208984,130.79464721679688,163.0297088623047
2023-08-28,73.47,36.74,79.41510009765625,84.62223052978516,33.478790283203125,105.35914611816406,168.47589111328125,70.28551483154297,61.097381591796875,131.0985565185547,163.68316650390625
2023-08-29,75.1518,37.16,80.73233795166016,84.85255432128906,33.782432556152344,106.16348266601562,171.85354614257812,70.53670501708984,61.32786560058594,132.27503967285156,167.7722625732422
2023-08-30,76.0528,37.29,80.91773223876953,85.27479553222656,33.80202102661133,106.64412689208984,173.151123046875,70.65263366699219,61.04936599731445,132.17701721191406,168.4950408935547
2023-08-31,77.83,37.02,80.87870788574219,85.3323745727539,33.67469024658203,106.16348266601562,173.99307250976562,70.29518127441406,60.46355438232422,130.5985565185547,169.01980590820312
2023-09-01,77.6349,37.0,81.78614044189453,87.07893371582031,33.978328704833984,106.72260284423828,174.52793884277344,69.69618225097656,60.15624237060547,130.95152282714844,167.99008178710938
2023-09-05,76.071,36.63,80.27373504638672,87.53958892822266,33.63551330566406,104.9275360107422,175.15194702148438,69.09718322753906,59.23430633544922,129.5985565185547,168.10890197753906
2023-09-06,75.65,36.56,80.09811401367188,87.57796478271484,33.61592102050781,104.476318359375,173.29969787597656,69.0198974609375,59.36875915527344,128.89268493652344,166.61386108398438
2023-09-07,74.1926,36.86,79.73709106445312,87.49159240722656,33.52776336669922,104.13300323486328,170.79368591308594,69.18412780761719,60.146636962890625,129.47109985351562,167.07919311523438
2023-09-08,73.9241,36.62,79.81515502929688,88.33609771728516,33.59632873535156,103.61312866210938,171.1502685546875,69.27108001708984,60.674827575683594,129.47109985351562,167.07919311523438
2023-09-11,73.53,36.64,80.15666198730469,87.1749038696289,33.753047943115234,103.64254760742188,172.041748046875,69.87008666992188,60.92451858520508,130.36328125,171.57423400878906
2023-09-12,73.29,36.64,79.97127532958984,89.22856903076172,33.978328704833984,103.2697982788086,168.921630859375,69.27108001708984,61.001346588134766,130.19659423828125,170.01979064941406
2023-09-13,72.97,36.27,79.50292205810547,88.55680847167969,33.978328704833984,102.58318328857422,169.34756469726562,69.48363494873047,61.73121643066406,130.21620178222656,171.3663330078125
2023-09-14,74.0967,36.93,80.62500762939453,89.59323120117188,34.29176330566406,103.593505859375,170.5758056640625,70.18891143798828,62.63394927978515,130.6279754638672,173.04949951171875
2023-09-15,73.36,36.79,79.72732543945312,88.2977066040039,34.11545181274414,102.99514770507812,167.29721069335938,69.60923767089844,62.365047454833984,129.5985565185547,170.08909606933594
2023-09-18,73.3711,36.18,79.39594268798828,89.04595947265625,34.20892333984375,103.10940551757812,168.1012420654297,69.58491516113281,62.31857681274414,129.40167236328125,168.23927307128906
2023-09-19,73.52,35.99,79.32731628417969,88.21456909179688,34.16957092285156,102.6760482788086,168.01190185546875,69.41957092285156,61.9797248840332,129.50994873046875,167.39620971679688
2023-09-20,73.086,36.06,78.49394226074219,87.3928451538086,33.93344497680664,102.2722396850586,165.3715362548828,69.4876480102539,62.03781509399414,129.5198211669922,165.72987365722656
2023-09-21,71.5458,34.81,76.91543579101562,86.194091796875,33.37263870239258,100.597900390625,162.8502197265625,68.59278869628906,61.38916778564453,128.38772583007812,161.2069854736328
2023-09-22,71.4721,34.57,76.83700561523438,86.33909606933594,33.11684036254883,100.2531967163086,163.1976776123047,68.2231674194336,61.27299118041992,128.12191772460938,159.62002563476562
2023-09-25,70.7122,34.51,77.44487762451172,87.42184448242188,33.19554901123047,100.7554931640625,163.72377014160156,67.9800033569336,61.18585586547851,128.82086181640625,160.60195922851562
2023-09-26,69.3842,33.9,76.32716369628906,86.91914367675781,32.752811431884766,99.21904754638672,160.77566528320312,67.47421264648438,59.35609436035156,127.72815704345705,157.67596435546875
2023-09-27,69.7378,33.6,76.31736755371094,89.08463287353516,32.703617095947266,99.9577178955078,161.02381896972656,66.9197998046875,58.21369934082031,127.08830261230467,157.07093811035156
2023-09-28,70.7297,33.95,77.14093017578125,89.1812973022461,32.93973922729492,100.3812255859375,162.1653289794922,67.12406158447266,56.95512771606445,127.69862365722656,158.8265380859375
2023-09-29,70.93,34.07,77.01348876953125,87.38317108154297,32.634742736816406,99.84937286376952,162.72120666503906,66.92951965332031,57.05193710327149,126.7339096069336,159.66961669921875
2023-10-02,69.9795,33.45,75.99382781982422,85.64305114746094,32.35926055908203,98.87432098388672,164.46823120117188,66.47236633300781,54.39925765991211,126.55670928955078,159.79856872558594
2023-10-03,68.41,32.84,75.78793334960938,85.58504486083984,31.8476505279541,98.18489837646484,161.67893981933594,65.99575805664062,55.02854919433594,125.4344711303711,155.91046142578125
2023-10-04,67.87,33.19,76.68013000488281,82.89751434326172,32.08378219604492,98.50006866455078,163.69398498535156,66.52099609375,54.970458984375,125.96605682373048,158.98521423339844
2023-10-05,67.0367,33.43,75.74871826171875,82.3851547241211,32.231361389160156,97.9189682006836,163.912353515625,65.20789337158203,54.65097427368164,126.65514373779295,158.19174194335938
2023-10-06,67.2342,33.56,76.46443939208984,82.87818908691406,32.506839752197266,99.25843811035156,166.9795684814453,64.8479995727539,55.42548370361328,127.9841079711914,159.30262756347656
2023-10-09,67.8984,34.0,76.56248474121094,85.64305114746094,32.52652359008789,100.8145751953125,167.8431396484375,64.9063720703125,55.977317810058594,128.42710876464844,159.47125244140625
2023-10-10,68.6026,34.12,77.37623596191406,85.7493896484375,32.76264572143555,101.42523193359376,168.1012420654297,65.56777954101562,56.74213790893555,129.03744506835938,161.2169189453125
2023-10-11,68.1904,34.81,77.56253051757812,84.64730834960938,32.81184005737305,102.0358657836914,169.65965270996094,65.12034606933594,57.661865234375,128.46649169921875,161.79220581054688
2023-10-12,67.6304,34.35,76.40560913085938,84.7439956665039,32.605228424072266,101.1100616455078,169.8184814453125,64.4103012084961,56.77117919921875,127.36392974853516,160.0266876220703
2023-10-13,66.7919,34.34,76.12128448486328,86.60978698730469,32.67409896850586,100.21379852294922,167.3865509033203,64.97444915771484,57.41014862060547,128.1613006591797,157.67596435546875
2023-10-16,68.9487,34.69,76.86641693115234,87.18982696533203,33.01844787597656,101.2774887084961,168.99459838867188,65.64559936523438,58.000709533691406,129.12603759765625,160.2250518798828
2023-10-17,69.25,34.51,77.62135314941406,88.09856414794922,33.175872802734375,101.59265899658205,168.21041870117188,65.92766571044922,57.84580993652344,128.94883728027344,160.60195922851562
2023-10-18,68.2025,33.75,75.61145782470703,88.90094757080078,32.605228424072266,99.1402587890625,166.48326110839844,66.17083740234375,57.342376708984375,127.82662200927734,156.8328857421875
2023-10-19,67.6294,32.92,74.72905731201172,88.74627685546875,32.172332763671875,98.22429656982422,165.53033447265625,65.68449401855469,56.77117919921875,126.5665512084961,152.82579040527344
2023-10-20,66.65,32.75,73.82706451416016,87.25750732421875,31.680395126342773,97.2098388671875,162.73110961914062,65.43159484863281,56.18062210083008,126.06449127197266,150.45523071289062
2023-10-23,65.6522,32.47,73.00348663330078,85.8460693359375,31.483623504638672,96.75678253173828,162.9197235107422,65.3051528930664,55.706241607666016,125.27696228027344,150.63377380371094
2023-10-24,66.16,32.88,73.86626434326172,84.63764953613281,31.700075149536133,97.4856185913086,164.0413818359375,65.85958099365234,57.13907623291016,125.660888671875,152.24058532714844
2023-10-25,65.0208,32.19,73.00348663330078,84.48296356201172,31.582008361816406,96.23479461669922,162.1057586669922,66.08329010009766,57.45855712890625,124.53864288330078,149.16583251953125
2023-10-26,65.1136,32.87,73.51332092285156,83.8255844116211,31.513137817382812,95.83097839355467,159.0087890625,65.65531921386719,57.952301025390625,123.30813598632812,146.83493041992188
2023-10-27,64.2008,32.35,73.48390197753906,81.81477355957031,30.9424991607666,94.98396301269533,159.93190002441406,64.76045989990234,56.85831451416016,121.22116088867188,148.37234497070312
2023-10-30,64.73,32.45,74.23883819580078,82.0854721069336,31.493457794189453,96.16584777832033,161.64918518066406,65.77204895019531,57.293975830078125,121.9004135131836,149.73118591308594
2023-10-31,66.046,33.1,74.57218170166016,82.35615539550781,31.837814331054688,96.8749771118164,162.80059814453125,66.00548553466797,57.7877197265625,122.59934997558594,150.86192321777344
2023-11-01,64.756,33.27,74.61140441894531,82.16280364990234,32.04442596435547,97.19014739990234,165.94723510742188,65.93739318847656,58.446048736572266,122.85530090332033,152.72659301757812
2023-11-02,66.3667,34.3,76.05265808105469,84.64730834960938,32.801998138427734,99.18949127197266,168.75636291503906,66.79334259033203,59.5400390625,124.80443572998048,156.71388244628906
2023-11-03,68.2422,35.11,77.24878692626953,83.79658508300781,33.234901428222656,100.06605529785156,170.4934539794922,66.87116241455078,59.88856506347656,125.42463684082033,158.91580200195312
2023-11-06,67.95,34.63,76.86641693115234,82.84918975830078,33.136512756347656,99.80014038085938,171.61514282226562,66.97815704345703,59.73366165161133,126.26136779785156,159.1141815185547
2023-11-07,67.2898,34.34,75.37613677978516,81.01239776611328,33.087318420410156,99.5539093017578,173.4912109375,67.14350891113281,59.29800796508789,126.34998321533205,160.88961791992188
2023-11-08,67.02,34.54,75.61145782470703,79.99732208251953,33.126670837402344,99.78042602539062,174.47390747070312,66.88088989257812,58.862342834472656,126.17277526855467,160.46311950683594
2023-11-09,66.2386,34.01,74.96435546875,79.75563049316406,32.98893356323242,99.56375122070312,173.65992736816406,66.60853576660156,58.08784103393555,123.56407165527344,157.4676971435547
2023-11-10,66.5313,34.39,75.84675598144531,80.63536071777344,33.36280059814453,101.00172424316406,178.19625854492188,67.0754165649414,58.39764404296875,124.3023910522461,160.08619689941406
2023-11-13,66.3796,34.1,75.73890686035156,81.21540832519531,33.3136100769043,101.0903549194336,177.15399169921875,67.2894058227539,57.700584411621094,125.02101135253906,160.7705841064453
2023-11-14,69.5477,35.94,77.97430419921875,81.9404525756836,33.94328308105469,103.11924743652344,180.69764709472656,67.9800033569336,60.004737854003906,125.86762237548828,166.18614196777344
2023-11-15,70.4949,36.02,78.31746673583984,81.78578186035156,34.13021469116211,103.33592987060548,180.92596435546875,68.52469635009766,59.82079315185547,125.96605682373048,166.384521484375
2023-11-16,69.2022,36.01,78.55277252197266,80.19065856933594,34.26795196533203,103.35563659667967,181.82923889160156,67.67847442626953,60.140281677246094,126.50748443603516,164.6785125732422
2023-11-17,69.7152,35.97,78.69983673095703,81.87278747558594,34.44504928588867,104.01551818847656,181.4520721435547,67.59093475341797,60.30485916137695,126.25153350830078,165.77947998046875
2023-11-20,70.6406,36.25,78.83708953857422,81.9887924194336,34.58279800415039,104.33068084716795,184.08251953125,67.54230499267578,60.12091445922851,127.01939392089844,166.63247680664062
2023-11-21,69.56,36.07,79.14104461669922,81.80512237548828,34.56311798095703,104.25189208984376,182.59356689453125,67.7465591430664,60.246768951416016,127.7872314453125,166.2059783935547
2023-11-22,69.8019,36.18,79.19005584716797,81.76644134521484,34.70085906982422,104.4784164428711,183.40753173828125,68.23290252685547,60.537208557128906,128.39755249023438,166.7118377685547
2023-11-24,70.18,36.32,79.53321838378906,82.10479736328125,34.809085845947266,104.73448944091795,183.0502014160156,68.48579406738281,60.69211196899414,129.08665466308594,166.8705291748047
2023-11-27,69.8441,36.45,79.4351577758789,81.81477355957031,34.691017150878906,104.14354705810548,183.0402679443359,68.29125213623047,60.7889289855957,128.27943420410156,167.13832092285156
2023-11-28,69.7267,36.65,79.592041015625,81.83411407470703,34.681175231933594,103.89733123779295,183.38768005371097,68.6025161743164,60.98255157470703,127.61988830566406,168.1004180908203
2023-11-29,70.755,36.93,80.00382232666016,81.2250747680664,34.927146911621094,104.2912826538086,183.52664184570312,68.048095703125,60.49848937988281,127.65923309326172,167.64418029785156
2023-11-30,70.36,37.23,80.79798126220703,81.76644134521484,35.3206901550293,105.43377685546876,183.7946624755859,68.72896575927734,60.759883880615234,129.26385498046875,167.4061279296875
2023-12-01,73.03,38.01,81.7195816040039,82.19180297851562,35.58633041381836,107.09825897216795,184.21156311035156,69.01103973388672,61.505340576171875,129.7757568359375,169.69732666015625
2023-12-04,73.47,38.22,80.7685546875,81.81477355957031,35.54697799682617,107.2755355834961,181.96823120117188,69.09857940673828,61.2633056640625,130.0218505859375,169.05262756347656
2023-12-05,72.1498,38.06,79.6606674194336,80.38401794433594,35.36988830566406,106.40882873535156,183.06011962890625,68.55388641357422,60.82765197753906,129.85450744628906,169.35018920898438
2023-12-06,72.4156,37.93,79.49398803710938,79.18527221679688,35.192787170410156,106.88158416748048,181.5116271972656,68.37879943847656,61.6408805847168,129.95294189453125,169.59814453125
2023-12-07,73.266,37.98,80.03323364257812,78.64389038085938,35.360042572021484,106.98007202148438,183.7152404785156,68.67060089111328,61.505340576171875,129.7954559326172,170.99664306640625
2023-12-08,74.3978,37.9,80.32736206054688,79.49462890625,35.54697799682617,107.31493377685548,185.2836151123047,68.19400024414062,61.38916778564453,130.0120086669922,171.7802276611328
2023-12-11,74.181,38.03,80.89602661132812,79.5912857055664,35.763431549072266,108.3392333984375,186.90155029296875,68.84568786621094,61.78609848022461,130.8684539794922,172.23648071289062
2023-12-12,73.8319,38.02,81.36663055419922,78.4988784790039,36.019229888916016,108.83168029785156,188.1423492431641,69.06940460205078,61.534385681152344,131.4295654296875,172.7720947265625
2023-12-13,76.1966,39.4,82.35688018798828,79.5912857055664,36.599708557128906,110.0431137084961,189.800048828125,70.32414245605469,63.8578987121582,133.8512420654297,175.03353881835938
2023-12-14,78.3595,40.49,83.71968078613281,81.9307861328125,36.96373748779297,111.4613800048828,189.33351135253903,69.2931137084961,63.02530288696289,133.20150756835938,177.3842315673828
2023-12-15,77.6621,40.0,83.50398254394531,81.49576568603516,36.74728775024414,111.31363677978516,190.28643798828125,69.2931137084961,61.93132400512695,132.06944274902344,177.75123596191406
2023-12-18,77.3933,39.47,83.6333236694336,82.16140747070312,36.869895935058594,111.30868530273438,190.85548400878903,70.0144271850586,61.79156875610352,132.28501892089844,178.8541717529297
2023-12-19,78.2128,39.74,84.40341186523438,83.14718627929688,37.1467399597168,112.17023468017578,191.58168029785156,70.15162658691406,62.14338302612305,133.1749267578125,180.25518798828125
2023-12-20,76.8807,39.24,83.11006164550781,82.37612915039062,36.48429107666016,110.3580093383789,188.686767578125,68.78936767578125,60.88272857666016,131.24673461914062,176.9662628173828
2023-12-21,78.3729,39.57,83.9887466430664,82.69821166992188,36.840232849121094,111.49684143066406,190.80572509765625,69.26959228515625,60.99022674560547,132.84864807128906,179.65899658203125
2023-12-22,78.8176,39.73,84.51200866699219,82.94222259521484,36.91933059692383,112.03160095214844,191.0544281005859,69.79882049560547,61.1954460144043,133.5111541748047,178.3374786376953
2023-12-26,79.9778,40.02,84.90692901611328,83.65471649169922,37.06764602661133,112.8238296508789,191.8502960205078,70.09281921386719,61.56680679321289,133.8078155517578,179.09263610839844
2023-12-27,80.01,40.25,85.11425018310547,83.28382873535156,37.1862907409668,112.99217987060548,191.84033203125,70.4162368774414,61.52771759033203,134.37142944335938,179.70867919921875
2023-12-28,80.73,40.5,84.7884521484375,82.01499938964844,37.29505157470703,113.02188873291016,192.06915283203125,70.44564056396484,61.96747589111328,134.71751403808594,178.774658203125
2023-12-29,79.98,40.06,84.45277404785156,81.82955169677734,37.1764030456543,112.88324737548828,191.48220825195312,70.59264373779297,61.88930130004883,134.85595703125,177.67173767089844
2024-01-02,79.7999,40.43,84.30467224121094,82.70797729492188,37.334598541259766,111.74441528320312,186.46832275390625,71.38648223876953,62.788368225097656,137.22914123535156,176.02230834960938
2024-01-03,78.0337,39.47,83.39636993408203,84.05488586425781,37.01820373535156,110.08072662353516,184.5682373046875,70.8278579711914,63.02290725708008,137.001708984375,172.46511840820312
2024-01-04,78.044,39.37,83.12979888916016,82.58109283447266,37.1665153503418,110.21936798095705,183.2152862548828,70.72985076904297,62.82746124267578,137.68399047851562,171.2528839111328
2024-01-05,78.2729,39.29,83.26802825927734,82.6494140625,37.324710845947266,110.34810638427734,183.16552734375,70.57305145263672,63.0620002746582,137.56532287597656,171.52113342285156
2024-01-08,79.0965,39.83,83.62345123291016,81.69290924072266,37.56201171875,111.0710220336914,187.7615966796875,71.09247589111328,63.52130126953125,138.78160095214844,174.44241333007812
2024-01-09,79.2106,39.55,82.66578674316406,80.38504791259766,37.324710845947266,110.72440338134766,188.06004333496097,71.27867889404297,63.00336837768555,138.76181030273438,173.7965850830078
2024-01-10,79.9404,39.61,82.55717468261719,79.59447479248047,37.384037017822266,111.28887939453124,189.66168212890625,71.13167572021484,62.99359130859375,139.39463806152344,175.18763732910156
2024-01-11,78.14,39.24,82.31035614013672,79.7994384765625,37.24561309814453,111.03141021728516,190.6266632080078,71.12187194824219,61.52771759033203,139.2957763671875,174.9591064453125
2024-01-12,78.31,39.54,82.38933563232422,80.69737243652344,37.1764030456543,111.02149963378906,191.2434539794922,71.3472900390625,61.87952423095703,138.94970703125,172.8526153564453
2024-01-16,78.2701,39.3,81.44153594970703,78.77461242675781,36.91933059692383,109.90248107910156,191.7209625244141,70.95526885986328,61.20521926879883,138.11904907226562,172.6538848876953
2024-01-17,77.3754,38.58,80.84915924072266,78.12068176269531,36.850120544433594,109.15975952148438,190.77589416503903,70.90626525878906,60.315921783447266,137.84219360351562,171.1435546875
2024-01-18,78.1555,38.33,81.10586547851562,77.99378967285156,36.909446716308594,110.63529205322266,194.64572143554688,70.81806182861328,59.670936584472656,137.8224334716797,172.11734008789062
2024-01-19,77.91,38.7,81.1848373413086,78.24755859375,37.502685546875,111.35819244384766,199.13232421875,70.61225891113281,59.59275436401367,137.90155029296875,173.7766876220703
2024-01-22,79.08,38.88,81.42179107666016,78.54037475585938,37.68065643310547,112.2197494506836,200.00778198242188,70.26923370361328,59.28981018066406,138.50473022460938,173.01158142089844
2024-01-23,79.4494,38.67,81.6883544921875,78.70629119873047,37.7399787902832,112.13063049316406,200.8135681152344,71.03367614746094,59.39730453491211,138.40582275390625,172.59425354003906
2024-01-24,78.3083,38.14,80.58259582519531,79.8287124633789,37.88829040527344,111.43741607666016,202.1963806152344,70.16142272949219,58.58618927001953,137.14015197753906,171.93846130371094
2024-01-25,79.051,38.66,81.43167114257812,81.62458801269531,38.076148986816406,112.5069351196289,203.04196166992188,70.83765411376953,59.64162063598633,136.93246459960938,169.81207275390625
2024-01-26,79.1517,38.49,81.46128845214844,82.22972869873047,38.21457290649414,112.32868194580078,200.70413208007812,71.18067169189453,59.817527770996094,137.71365356445312,170.58712768554688
2024-01-29,79.7747,38.77,81.86607360839844,82.11260223388672,38.313446044921875,113.06149291992188,202.5445556640625,71.59230041503906,60.19865036010742,138.68270874023438,173.08114624023438
2024-01-30,78.49,38.41,82.24124908447266,82.96173858642578,38.79793167114258,113.10110473632812,200.87326049804688,71.9941177368164,60.179107666015625,138.9991455078125,172.98179626464844
2024-01-31,76.8184,38.13,81.16510009765625,81.40987396240234,38.323333740234375,111.7939224243164,196.65524291992188,71.46488952636719,60.05207061767578,138.81126403808594,169.83197021484375
2024-02-01,78.0069,38.8,82.51768493652344,81.40010833740234,38.38265609741211,113.6952896118164,199.13232421875,72.92515563964844,61.1954460144043,140.6109161376953,173.10104370117188
2024-02-02,78.2139,38.31,82.0339126586914,81.51721954345703,38.54085540771485,114.4578094482422,201.1916046142578,72.68994903564453,60.09115982055664,140.4032745361328,176.1912384033203
2024-02-05,77.1377,37.55,79.95072937011719,81.312255859375,38.313446044921875,113.83393096923828,201.64923095703125,72.23912048339844,58.840274810791016,140.8383331298828,173.7071533203125
2024-02-06,77.63,38.12,81.36255645751953,81.57579040527344,38.392547607421875,114.85392761230467,200.7240447998047,72.40573120117188,59.055267333984375,142.37100219726562,174.76039123535156
2024-02-07,76.9914,38.1,82.01416778564453,81.74171447753906,38.67927551269531,115.616455078125,203.3802032470703,72.33712768554688,59.0943603515625,142.7566680908203,176.71786499023438
2024-02-08,76.3623,38.31,81.90555572509766,82.58109283447266,38.53097152709961,115.63626098632812,204.0168914794922,72.3175277709961,58.67414093017578,142.5094451904297,177.49288940429688
2024-02-09,77.5362,38.41,82.08326721191406,81.312255859375,38.63972854614258,115.8144989013672,206.7625732421875,71.6511001586914,58.89891052246094,142.4006805419922,178.75479125976562
2024-02-12,79.3573,38.29,82.73489379882812,82.21019744873047,38.81769943237305,115.98285675048828,205.19076538085935,72.16072082519531,59.58298873901367,142.58856201171875,178.60574340820312
2024-02-13,75.7887,37.59,81.56988525390625,81.38057708740234,38.29367446899414,114.79450225830078,201.7089080810547,71.38648223876953,58.59596252441406,141.26353454589844,175.0485382080078
2024-02-14,77.32,37.84,82.09315490722656,81.3025131225586,38.65950393676758,116.71566772460938,203.81793212890625,71.24927520751953,58.91845703125,142.48968505859375,176.89669799804688
2024-02-15,78.0754,38.75,83.6431884765625,83.5668716430664,39.32195663452149,117.58712768554688,203.39015197753903,71.70989990234375,59.90547561645508,143.52793884277344,178.94358825683594
2024-02-16,76.4274,38.35,84.08747100830078,83.51807403564453,39.183536529541016,116.88401794433594,201.5198974609375,71.81770324707031,59.83707046508789,143.99269104003906,177.88040161132812
2024-02-20,75.634,38.29,83.90975952148438,82.75678253173828,39.07477188110352,116.51761627197266,199.4705810546875,72.57234954833984,59.79798126220703,143.50816345214844,176.20115661621094
2024-02-21,75.1171,38.57,84.37378692626953,84.30863952636719,39.19342422485352,116.9830551147461,198.21710205078125,72.83695220947266,60.58955383300781,143.8245849609375,177.50282287597656
2024-02-22,75.887,38.67,85.22285461425781,84.45504760742188,39.64823532104492,118.42887115478516,204.7033233642578,73.06236267089844,60.1204719543457,145.51548767089844,180.9507293701172
2024-02-23,74.5094,38.72,85.72637939453125,83.89871978759766,39.845985412597656,119.05276489257812,204.22579956054688,73.28777313232422,60.55046081542969,146.20765686035156,180.1359405517578
2024-02-26,75.0459,38.28,85.21298217773438,84.1915283203125,39.64823532104492,118.87450408935548,204.4247589111328,72.99376678466797,59.35821533203125,145.45616149902344,180.6923828125
2024-02-27,75.6033,38.31,85.52891540527344,83.83039855957031,39.75699615478515,119.05276489257812,204.60382080078125,73.00355529785156,60.482051849365234,145.10018920898438,181.28855895996097
2024-02-28,74.8357,38.8,85.79548645019531,83.66447448730469,39.905311584472656,119.45877075195312,203.63885498046875,73.08197021484375,60.6677360534668,144.37832641601562,182.0039825439453
2024-02-29,75.3248,39.11,86.44709777832031,84.07439422607422,39.885536193847656,119.82518768310548,205.9070281982422,72.96435546875,60.687278747558594,143.20166015625,183.2360992431641
2024-03-01,76.0872,39.54,86.84201049804688,85.05042266845703,39.83610153198242,120.3401336669922,209.6674346923828,72.97415924072266,60.315921783447266,144.70465087890625,183.8422088623047
2024-03-04,75.52,39.99,87.47386932373047,84.1427230834961,39.93497085571289,120.77586364746094,209.6674346923828,73.032958984375,61.3322639465332,144.48709106445312,181.35812377929688
2024-03-05,75.4118,39.48,87.00984954833984,84.76737213134766,39.94485855102539,119.78557586669922,204.51431274414065,73.2093734741211,61.1563606262207,143.40928649902344,179.10256958007812
2024-03-06,75.8472,39.7,87.65159606933594,85.0309066772461,40.15249252319336,120.40945434570312,206.13584899902344,73.82679748535156,61.742706298828125,144.3882293701172,178.46664428710938
2024-03-07,74.9403,39.7,88.72774505615234,85.75315856933594,40.09316635131836,121.37994384765624,209.38888549804688,74.24821472167969,62.14338302612305,145.06063842773438,179.82791137695312
2024-03-08,75.03,40.17,88.21434783935547,86.05571746826172,40.162376403808594,121.11256408691406,206.2751312255859,73.66019439697266,62.29974365234375,144.79364013671875,179.1621856689453
2024-03-11,75.2945,39.97,89.21150970458984,86.94390106201172,40.231590270996094,120.48867797851562,205.70806884765625,74.06201171875,62.61246109008789,144.71453857421875,178.67530822753906
2024-03-12,75.1971,39.87,89.2016372680664,86.80725860595703,40.39967727661133,121.0234375,209.9261016845703,74.44422912597656,62.006568908691406,145.3869171142578,180.2154541015625
2024-03-13,74.5428,39.62,90.080322265625,88.1932144165039,40.69629669189453,121.35023498535156,207.65792846679688,74.63043975830078,62.42678451538086,144.8233184814453,179.83787536621094
2024-03-14,73.0107,39.06,89.6064224243164,89.10090637207031,40.370018005371094,120.83528900146484,207.6977081298828,74.05221557617188,61.92838668823242,144.30911254882812,178.69517517089844
2024-03-15,72.6759,39.04,89.64591979980469,89.36442565917969,40.330467224121094,120.85508728027344,204.5640411376953,74.02281188964844,62.016334533691406,143.73561096191406,176.91659545898438
2024-03-18,72.1628,38.77,89.80940246582031,89.67337799072266,40.56170654296875,121.06964874267578,205.56947326660156,74.49866485595703,62.30208206176758,143.71875,178.26788330078125
2024-03-19,72.427,38.77,89.8193130493164,90.69664001464844,40.760196685791016,122.11267852783205,206.6356658935547,74.77510070800781,62.85386657714844,144.6714324951172,179.81137084960938
2024-03-20,73.934,38.93,90.7209701538086,90.56874084472656,41.24650573730469,123.58283996582033,208.9474639892578,75.0021743774414,62.93269348144531,144.34393310546875,182.49005126953125
2024-03-21,74.269,39.08,91.09749603271484,91.1098861694336,41.58393859863281,124.80464935302734,209.096923828125,75.04166412353516,62.83415985107422,144.53250122070312,183.5555725097656
2024-03-22,73.6876,38.62,90.53272247314452,90.91310119628906,41.10755920410156,124.37751007080078,209.16668701171875,74.6763687133789,62.9228401184082,144.33401489257812,181.95233154296875
2024-03-25,73.7075,38.47,90.56244659423828,91.75926208496094,40.94876480102539,123.5728988647461,207.78160095214844,74.46905517578125,63.21844100952149,144.1355438232422,181.3548583984375
2024-03-26,72.9373,38.31,90.49308013916016,91.05084991455078,41.08771133422851,123.12588500976562,206.92465209960935,74.50853729248047,62.499149322509766,144.66151428222656,181.5838928222656
2024-03-27,74.1088,39.28,91.79107666015624,91.89701080322266,41.574012756347656,125.1026611328125,207.98089599609375,75.28848266601562,64.2431640625,146.58676147460938,183.68502807617188
2024-03-28,74.2596,39.53,92.03878784179688,92.89076232910156,41.802276611328125,125.12252044677734,207.53250122070312,75.38719940185547,64.68657684326172,146.60659790039062,183.1174163818359
2024-04-01,73.535,38.84,91.82080078125,93.57949829101562,41.574012756347656,124.15897369384766,208.1104278564453,74.78497314453125,64.29244232177734,145.35618591308594,181.753173828125
2024-04-02,71.9537,38.41,91.48392486572266,94.88809204101562,41.35567092895508,123.58283996582033,206.1075439453125,74.39994049072266,64.40082550048828,143.09352111816406,179.07447814941406
2024-04-03,72.9682,38.43,92.02887725830078,95.5374755859375,41.3358268737793,124.21857452392578,206.65560913085935,73.58051300048828,64.14463806152344,142.9347381591797,179.2039337158203
2024-04-04,71.6688,38.13,91.09749603271484,95.47843170166016,40.86936950683594,123.12588500976562,203.38720703125,73.26458740234375,64.01655578613281,140.8705596923828,177.102783203125
2024-04-05,71.3228,38.38,91.91988372802734,96.50170135498048,41.25642395019531,124.8344497680664,205.71893310546875,73.38306427001953,64.2037582397461,142.1309051513672,178.088623046875
2024-04-08,71.6174,38.71,91.98924255371094,95.89167785644533,41.43506622314453,124.61591339111328,205.4797821044922,73.27446746826172,64.62744903564453,141.6743927001953,179.78147888183594
2024-04-09,72.2588,39.2,92.2072296142578,95.9211883544922,41.196876525878906,124.32785034179688,206.51609802246097,73.6298828125,64.98216247558594,142.18052673339844,180.62791442871097
2024-04-10,70.4419,37.59,90.77051544189452,96.21636962890624,40.5815544128418,123.26496124267578,203.985107421875,73.36331939697266,63.868751525878906,140.51329040527344,177.8396759033203
2024-04-11,71.0894,37.63,90.70115661621094,96.14749145507812,40.293739318847656,123.4040298461914,208.06060791015625,73.18560791015625,63.74065780639648,139.9376983642578,179.2736358642578
2024-04-12,69.02,37.24,89.09600830078125,94.58308410644533,39.75782012939453,122.08287048339844,204.6925811767578,72.44515991210938,63.25784683227539,137.85366821289062,176.36590576171875
2024-04-15,68.1569,36.59,88.6699447631836,93.69756317138672,39.559326171875,121.20872497558594,200.806396484375,72.14898681640625,62.676509857177734,137.5758056640625,173.4282989501953
2024-04-16,67.9949,36.03,87.98627471923828,92.88092041015624,39.29136276245117,120.93058013916016,201.0455322265625,72.17860412597656,61.84883499145508,137.6254119873047,172.4424591064453
2024-04-17,67.6521,35.73,88.18443298339844,92.61526489257812,39.39060592651367,120.30477905273438,198.14584350585935,72.44515991210938,63.139610290527344,137.3872528076172,171.60598754882812
2024-04-18,67.713,35.74,88.21415710449219,92.32992553710938,39.5295524597168,119.8875732421875,195.88389587402344,72.78083801269531,63.494327545166016,137.3773193359375,170.5404815673828
2024-04-19,67.8681,35.88,88.14480590820312,93.4417495727539,40.07540512084961,119.66902923583984,191.8482208251953,73.49166870117188,64.46979522705078,137.8933563232422,169.04678344726562
2024-04-22,67.7585,36.17,88.23397827148438,94.05176544189452,40.56170654296875,120.5729751586914,193.5621337890625,74.19261932373047,65.06098937988281,138.41934204101562,169.7936248779297
2024-04-23,68.6079,36.5,87.47103118896484,94.5732421875,40.81974411010742,122.25173950195312,196.4319305419922,74.39994049072266,65.36643981933594,140.22549438476562,171.81509399414062
2024-04-24,68.6554,36.64,87.53047943115234,94.64212036132812,40.80982208251953,121.27825164794922,197.32875061035156,74.96267700195312,65.76057434082031,139.78884887695312,173.45816040039062
2024-04-25,68.1714,36.43,88.15470886230469,95.07502746582033,40.571632385253906,121.6457977294922,196.90028381347656,74.78497314453125,65.93792724609375,138.85598754882812,173.60752868652344
2024-04-26,69.049,36.46,88.69966888427734,94.19935607910156,40.5120849609375,121.84446716308594,199.1223907470703,74.62700653076172,65.2186508178711,138.89569091796875,175.1709442138672
2024-04-29,69.2979,36.87,89.44279479980469,94.83889770507812,40.45253372192383,122.65901947021484,199.97933959960935,74.86396026611328,66.10543060302734,139.3621063232422,179.24375915527344
2024-04-30,68.0677,36.19,87.81782531738281,92.01507568359376,40.0555534362793,120.71204376220705,195.57498168945312,74.53815460205078,65.76057434082031,139.26287841796875,174.8821563720703
2024-05-01,68.7602,36.21,88.27360534667969,90.54905700683594,40.0555534362793,120.4140396118164,193.5720977783203,74.06427001953125,66.51927947998047,139.51097106933594,173.7867889404297
2024-05-02,69.2666,36.73,87.81782531738281,91.07052612304688,40.15480041503906,121.10938262939452,196.3621826171875,74.68624877929688,66.87399291992188,139.41172790527344,175.9775390625
2024-05-03,69.6215,37.02,88.70957946777344,91.0803680419922,40.24412155151367,121.95372772216795,201.83273315429688,74.91331481933594,67.40606689453125,139.75906372070312,177.16253662109375
2024-05-06,70.4871,37.03,89.24462890625,91.7986297607422,40.760196685791016,123.18549346923828,204.2042999267578,74.95280456542969,67.75093078613281,140.32472229003906,179.0545654296875
2024-05-07,70.3592,37.42,90.30482482910156,91.71006774902344,40.89914321899414,123.52322387695312,203.53668212890625,75.77223205566406,68.51948547363281,141.48583984375,177.7699737548828
2024-05-08,70.3494,37.07,89.88867950439453,91.60183715820312,41.04801177978515,123.52322387695312,204.11463928222656,75.545166015625,69.23876190185547,140.9995574951172,177.102783203125
2024-05-09,71.7769,37.95,90.88941955566406,92.83171844482422,41.35567092895508,124.7549819946289,204.05484008789065,76.1967544555664,70.2930679321289,142.2102813720703,178.30770874023438
2024-05-10,72.1076,37.81,90.99840545654295,92.3200912475586,41.51446914672851,124.84439086914062,204.81214904785156,76.63114929199219,70.22409057617188,142.49807739257812,177.35174560546875
2024-05-13,72.1549,37.91,90.93895721435548,92.07411193847656,41.34574508666992,124.3179168701172,205.7787170410156,76.41395568847656,70.22409057617188,142.35914611816406,177.12271118164062
2024-05-14,73.4011,38.18,91.02813720703124,92.1921844482422,41.554161071777344,124.28811645507812,207.60223388671875,76.26586151123047,70.41130828857422,142.96450805664062,177.92930603027344
2024-05-15,73.5842,38.83,91.1866683959961,92.39881134033205,41.8618278503418,125.1026611328125,212.275634765625,76.31523132324219,71.4655990600586,145.08824157714844,178.1981658935547
2024-05-16,74.74,38.76,90.53272247314452,92.14299011230467,41.8618278503418,124.35765075683594,211.5382537841797,77.40121459960938,71.21926879882812,144.91952514648438,177.0430450439453
2024-05-17,75.4127,38.76,91.30557250976562,93.4319076538086,42.16948699951172,124.49671936035156,211.06993103027344,77.21363830566406,71.27838897705078,145.19740295410156,177.94921875
2024-05-20,75.7211,38.52,91.43437957763672,92.82188415527344,41.5938606262207,124.73512268066406,213.5511016845703,76.68051147460938,71.16015625,144.88975524902344,176.6248016357422
2024-05-21,74.7971,38.49,91.43437957763672,92.3692855834961,41.8618278503418,124.32785034179688,213.89987182617188,77.13465118408203,71.80062103271484,145.1378631591797,177.76002502441406
2024-05-22,74.2684,38.16,90.54261779785156,90.59825134277344,41.623634338378906,124.47684478759766,214.3781585693359,76.82860565185547,70.95323944091797,145.3958740234375,175.90782165527344
2024-05-23,72.69,37.35,89.74005126953125,89.77176666259766,41.04801177978515,123.0066909790039,212.6343536376953,75.92031860351562,69.75113677978516,143.8080596923828,173.05984497070312
2024-05-24,73.7842,37.35,90.52281188964844,89.8996810913086,41.29612350463867,123.63249969482422,214.4279937744141,76.1177749633789,70.45072174072266,143.32177734375,174.802490234375
2024-05-28,74.2501,37.13,90.17601776123048,90.82454681396484,40.839595794677734,122.1226043701172,215.3347625732422,75.5254135131836,70.38174438476562,141.5850830078125,174.37429809570312
2024-05-29,75.29,36.78,88.88793182373047,89.22077941894531,40.5120849609375,120.3941650390625,213.96961975097656,74.98242950439453,69.47525024414062,140.4835205078125,173.22914123535156
2024-05-30,75.9345,37.31,89.61124420166016,89.47660064697266,40.73042297363281,121.2186508178711,209.08697509765625,75.17987823486328,70.41130828857422,140.55299377441406,174.25482177734375
2024-05-31,76.42,38.05,90.69125366210938,91.70022583007812,41.325897216796875,122.6888198852539,209.41580200195312,76.3547134399414,71.65281677246094,142.60723876953125,175.23069763183594
2024-06-03,77.125,37.9,90.15619659423828,89.29949951171875,41.0678596496582,121.18885803222656,209.9439239501953,76.3250961303711,70.83499908447266,143.6095733642578,175.15101623535156
2024-06-04,76.9825,38.26,89.15546417236328,88.44348907470703,40.87929153442383,120.8908462524414,210.3823699951172,76.98656463623047,70.80543518066406,144.0263671875,175.3302764892578
2024-06-05,77.6,38.21,89.769775390625,88.43365478515625,40.998390197753906,122.11267852783205,215.0557556152344,76.8187255859375,70.40145111083984,144.6813507080078,176.35594177246094
2024-06-06,77.64,38.27,89.86885070800781,88.89608764648438,40.978538513183594,121.38751983642578,214.3383026123047,77.05567932128906,69.67230987548828,145.15771484375,177.64051818847656
2024-06-07,76.31,37.97,88.96719360351562,88.54188537597656,41.16710662841797,121.51666259765624,214.8365478515625,76.67064666748047,68.91361236572266,145.3164825439453,176.91358947753906
2024-06-10,75.6791,38.16,88.87802124023438,89.21094512939453,41.0083122253418,121.89413452148438,215.38458251953125,76.61140441894531,69.80039978027344,145.85238647460938,177.48118591308594
2024-06-11,76.2045,38.04,88.8482894897461,89.0338363647461,40.5418586730957,121.19879150390624,219.39035034179688,76.57191467285156,69.37672424316406,145.2470245361328,177.01316833496094
2024-06-12,76.5722,38.31,89.01673126220703,88.0794448852539,40.502159118652344,122.35107421875,224.2430877685547,75.73274230957031,68.9234619140625,144.9393768310547,178.85540771484375
2024-06-13,76.02,38.5,88.98701477050781,87.27264404296875,40.47238540649414,121.56632995605467,226.01681518554688,75.83146667480469,69.08111572265625,144.82028198242188,178.99481201171875
2024-06-14,75.3683,38.53,88.16461944580078,86.6232681274414,40.34336853027344,120.34451293945312,226.86378479003903,75.96968841552734,68.91361236572266,144.77066040039062,177.58078002929688
2024-06-17,76.6421,38.33,88.81857299804688,86.84956359863281,40.70064926147461,121.67559051513672,230.3015594482422,76.69038391113281,68.15491485595703,144.62181091308594,180.6976318359375
2024-06-18,76.1252,38.48,88.71949005126953,87.21361541748047,40.95869064331055,122.33120727539062,230.59054565429688,76.78911590576172,68.1844711303711,144.81036376953125,180.09019470214844
2024-06-20,75.6052,38.38,88.80866241455078,88.81737518310547,41.177032470703125,122.41067504882812,227.999755859375,76.62127685546875,68.77567291259766,145.2866973876953,180.31922912597656
2024-06-21,75.6363,38.48,88.81857299804688,88.30574035644531,41.01824188232422,122.15241241455078,227.6011657714844,76.68051147460938,68.3716812133789,145.693603515625,181.84280395507812
2024-06-24,75.2415,38.35,89.3910140991211,90.53235626220705,41.4397087097168,122.67171478271484,222.0211944580078,77.49817657470703,69.27059173583984,146.54342651367188,181.06640625
2024-06-25,75.2539,37.81,88.2560806274414,90.74063873291016,41.130828857421875,121.62511444091795,226.0938720703125,77.00081634521484,68.61503601074219,146.08514404296875,180.33790588378903
2024-06-26,75.5612,37.76,88.19634246826172,89.84800720214844,40.871768951416016,121.2961883544922,225.8343505859375,76.84165954589844,68.32698822021484,145.56707763671875,182.95249938964844
2024-06-27,76.81,38.1,87.94745635986328,90.0562973022461,40.82194900512695,121.4257583618164,225.94415283203125,76.51339721679688,68.44618225097656,145.3279571533203,184.0701904296875
2024-06-28,77.16,38.41,87.91758728027344,90.40342712402344,40.96144485473633,121.47560119628906,225.82435607910156,76.17520141601562,67.68136596679688,145.20840454101562,182.0244140625
2024-07-01,77.77,38.04,86.56362915039062,90.45301055908205,41.051116943359375,120.16983795166016,227.5312957763672,75.63805389404297,67.21452331542969,144.39144897460938,182.6431427001953
2024-07-02,77.7809,38.2,86.7229232788086,90.38358306884766,41.52938461303711,120.82770538330078,228.66925048828125,76.16525268554688,67.56216430664062,143.86341857910156,186.19581604003903
2024-07-03,77.9408,38.16,87.37004089355469,90.78031158447266,41.39985275268555,121.26628112792967,231.7537078857422,76.03594207763672,67.96941375732422,142.76751708984375,187.38336181640625
2024-07-05,78.06,38.3,87.50941467285156,89.36202239990234,41.389888763427734,120.82770538330078,232.4624481201172,76.9709701538086,68.08860778808594,143.87339782714844,188.91021728515625
2024-07-08,79.18,38.39,87.76826477050781,88.8165283203125,41.2802848815918,120.97721862792967,234.04959106445312,76.85160827636719,68.15813446044922,143.7139892578125,189.00003051757812
2024-07-09,78.3789,38.4,86.87226104736328,88.03300476074219,41.59912872314453,120.4489288330078,233.85992431640625,76.65265655517578,68.3567886352539,144.411376953125,189.6287384033203
2024-07-10,78.7004,38.67,88.03705596923828,88.62808227539062,41.75855255126953,121.5254364013672,237.2538299560547,76.9908676147461,69.00241088867188,145.77630615234375,191.0557861328125
2024-07-11,80.2288,39.7,89.24168395996094,89.55046844482422,42.08736038208008,123.07042694091795,231.3144989013672,76.70240020751953,70.26386260986328,146.80247497558594,188.63079833984375
2024-07-12,81.227,39.99,90.09786224365234,89.77857971191406,42.22685623168945,123.7781219482422,233.38079833984375,77.04059600830078,70.78036499023438,147.71905517578125,191.095703125
2024-07-15,81.8384,40.16,89.86888122558594,91.13735961914062,42.84461212158203,124.66524505615234,233.8000335693359,76.59297943115234,69.06200408935547,147.2009735107422,190.87615966796875
2024-07-16,83.677,40.54,91.6111068725586,91.54400634765624,43.33284378051758,127.775146484375,233.0214385986328,77.32906341552734,69.59837341308594,149.3031463623047,194.2990875244141
2024-07-17,82.98,40.9,91.42195129394533,92.45647430419922,43.66164779663086,126.14045715332033,223.9577178955078,78.32377624511719,69.63810729980469,149.98060607910156,191.0557861328125
2024-07-18,81.818,40.56,90.5159912109375,92.62507629394533,43.133567810058594,125.15365600585938,223.97769165039065,77.93584442138672,69.5785140991211,146.5733184814453,189.10980224609375
2024-07-19,81.1413,40.51,89.7095947265625,91.61343383789062,42.69515228271485,124.46589660644533,220.47396850585935,77.67721557617188,69.65796661376953,147.32052612304688,187.42327880859375
2024-07-22,81.3716,40.91,90.00826263427734,91.0381851196289,42.934288024902344,125.73178100585938,225.6945953369141,77.7269515991211,70.2439956665039,148.16737365722656,189.4890289306641
2024-07-23,81.9882,40.84,90.36666107177734,89.59014129638672,43.01399612426758,125.49256134033205,224.79620361328125,77.44843292236328,69.80696105957031,148.0777130126953,188.64076232910156
2024-07-24,80.7597,40.28,89.2118148803711,89.60005187988281,42.42613220214844,122.79132843017578,215.492919921875,77.3788070678711,70.59164428710938,149.31309509277344,180.9266815185547
2024-07-25,81.81,40.06,89.46070861816406,91.14728546142578,42.58555603027344,123.7781219482422,213.18707275390625,77.28927612304688,70.005615234375,148.56588745117188,180.2181396484375
2024-07-26,83.9932,40.73,90.9241714477539,91.43490600585938,43.25313186645508,125.89126586914062,215.89219665527344,78.07510375976562,70.69096374511719,149.40277099609375,182.23399353027344
2024-07-29,84.4806,40.99,91.08345794677734,90.65137481689452,43.1933479309082,125.6719741821289,214.93392944335935,78.10494232177734,71.0088119506836,149.492431640625,185.2777099609375
2024-07-30,86.5467,41.29,90.78479766845705,92.05974578857422,43.6915397644043,126.040771484375,209.53363037109375,77.57774353027344,71.37632751464844,149.6219482421875,184.2498321533203
2024-07-31,89.28,41.19,91.73057556152344,92.44654846191406,43.581939697265625,127.44621276855467,218.40768432617188,77.43848419189453,72.30006408691406,149.07400512695312,187.10394287109375
2024-08-01,87.21,41.83,91.36221313476562,89.99678039550781,42.96417999267578,125.0838851928711,210.26231384277344,78.15467834472656,73.60124969482422,150.5983123779297,182.5134124755859
2024-08-02,84.5924,41.86,89.63990783691406,87.67594909667969,41.90801239013672,122.33281707763672,204.3529357910156,78.84103393554688,73.72044372558594,150.29942321777344,175.79727172851562
2024-08-05,80.93,40.65,87.63883209228516,85.7419204711914,40.69241714477539,120.20970916748048,197.5451507568359,77.28927612304688,71.77363586425781,146.28439331054688,170.8275146484375
2024-08-06,86.23,41.55,88.08683776855469,86.26758575439453,41.35003280639648,121.65502166748048,200.23033142089844,77.82642364501953,72.37953186035156,146.9618682861328,172.71363830566406
2024-08-07,88.2836,41.25,86.89216613769531,86.61471557617188,41.39985275268555,121.06692504882812,196.9861602783203,77.90599822998047,72.7867660522461,145.46743774414062,169.69985961914062
2024-08-08,89.5044,41.6,88.23616790771484,88.47930908203125,42.06743240356445,123.8578643798828,204.34295654296875,78.61225128173828,72.86622619628906,148.68545532226562,173.40220642089844
2024-08-09,89.61,41.81,88.1664810180664,88.67768096923828,42.24678421020508,123.87779998779295,205.2613067626953,78.73161315917969,73.11454772949219,149.4226837158203,173.98101806640625
2024-08-12,87.3607,41.56,87.77821350097656,89.11406707763672,42.0275764465332,123.24983978271484,206.9382781982422,78.33373260498047,73.24366760253906,148.8548126220703,173.2924346923828
2024-08-13,88.1245,41.85,88.65430450439453,88.2511978149414,42.37630844116211,124.5456314086914,213.29685974121097,78.69182586669922,73.6707763671875,150.6580810546875,177.63348388671875
2024-08-14,89.4874,42.0,88.65430450439453,88.76693725585938,42.894432067871094,125.0539779663086,214.4647674560547,79.0499267578125,73.6211166381836,151.19607543945312,176.68544006347656
2024-08-15,92.33,41.88,90.05803680419922,89.82817077636719,43.29298782348633,126.73851776123048,220.63368225097656,79.86559295654297,73.6111831665039,152.14256286621094,182.32379150390625
2024-08-16,92.88,41.86,90.16754913330078,89.72899627685547,43.61183166503906,126.55909729003906,221.0030212402344,80.08442687988281,73.93896484375,152.3019561767578,182.75291442871097
2024-08-19,94.2124,42.11,90.59564208984376,90.33399963378906,43.85095977783203,127.32659912109376,224.646484375,80.35299682617188,74.4256591796875,153.22850036621094,184.998291015625
2024-08-20,94.51,42.15,90.26710510253906,87.95365142822266,43.71146774291992,126.9777374267578,223.85789489746097,80.75088500976562,74.26673889160156,153.84619140625,184.82864379882812
2024-08-21,94.732,42.29,91.30248260498048,88.10242462158203,43.641719818115234,127.74524688720705,225.175537109375,81.29798126220703,74.79317474365234,154.105224609375,187.163818359375
2024-08-22,93.47,42.55,91.1133270263672,88.3305435180664,43.89081954956055,127.58576202392578,219.9948272705078,81.1786117553711,74.70377349853516,154.20484924316406,183.93048095703125
2024-08-23,95.48,43.37,92.31795501708984,89.64965057373047,44.26944732666016,128.8616180419922,223.55844116210935,81.40739440917969,74.91236114501953,154.8723602294922,187.483154296875
2024-08-26,95.3365,43.34,92.72612762451172,90.45301055908205,44.408939361572266,128.72207641601562,220.7534637451172,81.98432922363281,75.3990707397461,154.79266357421875,186.0261688232422
2024-08-27,93.44,43.45,92.736083984375,89.60997772216797,44.63810729980469,128.80181884765625,222.0910797119141,82.18327331542969,74.8031005859375,155.03176879882812,185.53717041015625
2024-08-28,92.8597,43.3,92.33786010742188,89.03472137451172,44.747711181640625,128.74200439453125,219.0265655517578,81.83512115478516,74.8031005859375,155.21109008789062,183.74087524414065
2024-08-29,93.3006,43.13,92.84559631347656,90.19514465332033,45.14626693725586,129.64906311035156,217.0501251220703,81.42729187011719,75.21034240722656,155.5398712158203,183.96041870117188
2024-08-30,93.786,43.55,93.8610610961914,90.53235626220705,45.57471466064453,131.03457641601562,219.93495178222656,82.0738525390625,75.7765121459961,156.61585998535156,186.7346954345703
2024-09-03,91.8833,43.65,91.73057556152344,88.28095245361328,45.23594284057617,128.1339874267578,209.8330993652344,82.65078735351562,75.66725158691406,156.3169708251953,184.1699981689453
2024-09-04,94.72,43.75,91.35226440429688,87.06102752685547,45.28575897216797,128.2635498046875,209.29405212402344,83.03872680664062,76.31287384033203,156.04798889160156,184.6490020751953
2024-09-05,94.1466,43.63,90.63545989990234,86.3865966796875,44.787567138671875,126.76841735839844,208.97463989257812,82.72042083740234,76.12415313720703,153.90597534179688,186.74468994140625
2024-09-06,93.1123,43.63,89.49057006835938,85.30552673339844,44.12995147705078,125.48258972167967,203.5543670654297,82.55131530761719,75.3990707397461,153.37794494628906,182.0244140625
2024-09-09,92.7238,44.15,90.35670471191406,85.92044067382812,44.787567138671875,127.40634155273438,206.88836669921875,83.18792724609375,76.16387939453125,154.4539337158203,184.6789398193359
2024-09-10,92.66,44.93,90.3965301513672,84.4426498413086,44.32923126220703,127.62562561035156,209.9828186035156,83.16803741455078,76.5214614868164,155.1613006591797,186.79457092285156
2024-09-11,93.65,44.81,90.61554718017578,83.65911865234375,44.11998748779297,127.85488891601562,217.14993286132812,82.39216613769531,76.75984191894531,154.7030029296875,188.6607360839844
2024-09-12,95.28,44.89,91.45182037353516,84.41289520263672,44.219627380371094,128.8416748046875,218.94671630859375,82.89945983886719,76.92869567871094,155.2609100341797,190.7863311767578
2024-09-13,96.31,45.21,92.27812957763672,84.88896179199219,44.34915542602539,130.14744567871094,220.0447540283203,83.4863510131836,78.01136779785156,155.57972717285156,192.0836639404297
2024-09-16,97.3228,45.36,93.13430786132812,85.8609390258789,44.927059173583984,130.81527709960938,219.2062530517578,83.81460571289062,78.6073226928711,156.6557159423828,191.75433349609375
2024-09-17,97.2138,45.0,93.31351470947266,87.02135467529297,45.16619491577149,131.532958984375,218.7770233154297,83.01882934570312,78.5477294921875,155.04173278808594,192.7323303222656
2024-09-18,96.8525,44.87,92.91529083251952,87.1899642944336,45.02669906616211,131.42330932617188,216.78060913085935,82.70052337646484,77.95176696777344,154.78269958496094,192.3531036376953
2024-09-19,98.9175,44.76,94.31901550292967,88.23136138916016,45.5248908996582,133.6859588623047,223.2190399169922,82.2131118774414,77.49485778808594,155.3406219482422,196.73406982421875
2024-09-20,98.9636,44.68,93.6520004272461,88.03300476074219,45.494998931884766,132.74899291992188,222.13099670410156,82.61100006103516,79.54100036621094,154.7030029296875,196.28500366210935
2024-09-23,99.5387,44.86,94.47000122070312,89.12000274658203,45.439998626708984,133.63999938964844,222.08999633789065,83.08999633789062,80.33000183105469,154.39999389648438,198.6699981689453
2024-09-24,100.05,44.86,95.76000213623048,88.9000015258789,45.060001373291016,134.60000610351562,223.61000061035156,82.88999938964844,79.76000213623047,154.08999633789062,200.41000366210935
2024-09-25,99.3419,44.67,95.12000274658205,87.16000366210938,44.790000915527344,133.97000122070312,224.25,82.68000030517578,80.18000030517578,152.58999633789062,199.69000244140625
2024-09-26,99.85,44.23,97.08999633789062,85.44999694824219,45.02000045776367,134.63999938964844,227.22000122070312,82.87000274658203,79.62999725341797,153.10000610351562,200.5399932861328
2024-09-27,100.6328,44.29,96.91999816894533,87.19000244140625,45.150001525878906,134.8300018310547,225.1000061035156,83.0199966430664,80.41999816894531,153.02000427246094,200.83999633789065
2024-09-30,100.6244,44.67,96.37999725341795,87.80000305175781,45.31999969482422,135.44000244140625,225.7599945068359,83.0,80.77999877929688,154.02000427246094,200.3699951171875
2024-10-01,99.23,44.4,96.13999938964844,89.80000305175781,45.08000183105469,135.50999450683594,220.2599945068359,82.72000122070312,81.43000030517578,153.2100067138672,199.55999755859375
2024-10-02,100.2163,44.24,95.7699966430664,90.72000122070312,45.130001068115234,135.25999450683594,221.88999938964844,82.0199966430664,81.47000122070312,152.89999389648438,197.8699951171875
2024-10-03,99.79,43.81,94.70999908447266,92.31999969482422,44.88999938964844,134.57000732421875,222.80999755859375,81.19999694824219,81.44000244140625,151.52000427246094,195.5800018310547
2024-10-04,100.5069,43.52,95.16999816894533,93.18000030517578,45.650001525878906,135.50999450683594,225.2899932861328,81.47000122070312,81.30999755859375,151.63999938964844,198.1699981689453
2024-10-07,99.11,43.2,94.88999938964844,93.51000213623048,45.09000015258789,135.17999267578125,223.7400054931641,80.66000366210938,79.44000244140625,150.97000122070312,195.08999633789065
2024-10-08,99.9787,43.33,94.4499969482422,91.06999969482422,45.349998474121094,135.47999572753906,227.9199981689453,81.05999755859375,79.4800033569336,151.7899932861328,196.9900054931641
2024-10-09,100.82,43.35,95.0500030517578,91.62000274658205,45.77000045776367,136.69000244140625,230.47000122070312,81.55000305175781,78.80000305175781,153.33999633789062,198.3999938964844
2024-10-10,100.1065,42.99,94.32608795166016,90.76470947265624,45.27179718017578,134.894775390625,229.62991333007812,80.15401458740234,77.36538696289062,151.4953155517578,196.50567626953125
2024-10-11,101.07,43.43,94.93995666503906,91.32559204101562,46.14488220214844,137.30519104003906,230.028564453125,80.5982666015625,78.04489135742188,152.60595703125,195.66957092285156
2024-10-14,101.242,43.73,95.48450469970705,91.28623962402344,46.43260955810547,138.12850952148438,233.02838134765625,80.92405700683594,79.02969360351562,153.44886779785156,196.5255889892578
2024-10-15,101.19,44.28,95.38549041748048,88.34406280517578,46.53182601928711,137.06712341308594,227.90576171875,81.43742370605469,79.38421630859375,151.5746307373047,196.95359802246097
2024-10-16,103.25,44.72,96.12806701660156,88.76718139648438,47.107269287109375,138.12850952148438,228.6133728027344,81.37818908691406,80.95988464355469,152.00103759765625,197.98878479003903
2024-10-17,104.1526,44.43,96.27657318115234,89.19029998779297,47.23624801635742,137.7317352294922,229.3109893798828,81.01290130615234,80.24098205566406,151.11846923828125,197.80960083007812
2024-10-18,104.4001,44.74,96.66271209716795,88.89509582519531,47.24617004394531,138.1483612060547,230.1282196044922,81.19061279296875,80.7038345336914,151.852294921875,198.58599853515625
2024-10-21,103.483,43.82,95.9201431274414,88.6294174194336,46.86915588378906,137.66229248046875,231.20455932617188,80.5094223022461,80.38870239257812,150.06732177734375,197.04318237304688
2024-10-22,102.1376,43.89,95.0389633178711,88.8360595703125,46.77986145019531,135.99583435058594,230.9653778076172,80.96355438232422,80.10311126708984,149.84915161132812,196.24688720703125
2024-10-23,101.8894,44.32,94.7815399169922,88.37357330322266,46.740177154541016,135.5990447998047,227.6566162109375,80.80558776855469,80.87125396728516,149.1450653076172,193.16123962402344
2024-10-24,101.8962,44.42,93.62313079833984,88.36373901367188,46.77986145019531,134.66661071777344,228.32435607910156,80.69699096679688,80.34931182861328,148.163330078125,199.25289916992188
2024-10-25,101.753,44.07,93.0290756225586,88.33422088623047,46.26394271850586,134.30950927734375,229.5102996826172,80.02566528320312,79.15771484375,147.3501739501953,199.87998962402344
2024-10-28,102.5194,44.21,93.80134582519533,87.77333068847656,46.83938980102539,134.706298828125,229.4405517578125,80.17375183105469,79.77813720703125,147.56834411621094,200.34779357910156
2024-10-29,102.64,43.81,93.1973876953125,86.4350814819336,46.551666259765625,134.52774047851562,232.53005981445312,79.38396453857422,78.0744400024414,147.16175842285156,199.30267333984375
2024-10-30,102.23,43.97,93.70233917236328,86.63188171386719,46.7600212097168,134.2996063232422,228.8326110839844,79.25562286376953,77.88732147216797,146.88409423828125,199.02395629882812
2024-10-31,101.23,43.2,92.4647216796875,87.17308807373047,46.11511993408203,132.75216674804688,221.48757934570312,79.09766387939453,78.69486236572266,145.64453125,195.9781494140625
2024-11-01,101.4783,42.74,92.2072982788086,86.6220474243164,46.27386474609375,132.93069458007812,223.15191650390625,79.12728881835938,76.94192504882812,146.5072784423828,199.1633148193359
2024-11-04,101.9482,43.22,92.6132354736328,88.13742065429688,45.916690826416016,132.78192138671875,222.9824981689453,79.34447479248047,76.02606201171875,145.5453643798828,198.47650146484375
2024-11-05,103.187,43.81,92.75184631347656,88.72782135009766,46.34331512451172,135.00389099121094,226.121826171875,79.84796142578125,77.1684341430664,146.61636352539062,201.9901580810547
2024-11-06,106.44,42.64,94.02906799316406,92.0635986328125,49.1610221862793,140.29095458984375,232.55995178222656,78.54480743408203,76.3707504272461,146.8047637939453,208.4501037597656
2024-11-07,105.82,43.17,94.39540100097656,91.64047241210938,48.3672981262207,139.44781494140625,236.61618041992188,78.83110809326172,76.50861358642578,147.8658447265625,211.12765502929688
2024-11-08,107.723,43.91,93.53402709960938,92.25056457519533,48.80384826660156,140.9456329345703,236.35707092285156,79.78872680664062,77.97595977783203,148.92691040039062,214.1237030029297
2024-11-11,109.2335,43.53,93.12808227539062,92.77208709716795,49.498348236083984,142.03677368164062,235.0514984130859,79.5123062133789,78.19261932373047,148.05426025390625,218.4436187744141
2024-11-12,107.8,42.98,91.54393768310548,92.28008270263672,49.34952926635742,140.8166961669922,235.3504638671875,79.60115814208984,77.29644775390625,145.99160766601562,215.5271759033203
2024-11-13,107.77,43.32,91.76175689697266,92.9984130859375,49.379295349121094,141.1142578125,234.5332489013672,79.83809661865234,77.15858459472656,145.6048583984375,217.36862182617188
2024-11-14,106.45,42.93,91.00929260253906,93.35264587402344,49.25031661987305,138.7335968017578,233.7359619140625,79.64064025878906,76.89268493652344,143.31414794921875,214.2829742431641
2024-11-15,104.53,42.98,90.3756332397461,93.2148895263672,49.47850799560547,137.98963928222656,227.93568420410156,78.93970489501953,78.04489135742188,140.656494140625,212.4514923095703
2024-11-18,104.52,43.36,91.0785903930664,94.45472717285156,49.62733459472656,137.80116271972656,228.67315673828125,79.4925537109375,78.72440338134766,140.75567626953125,214.4123687744141
2024-11-19,104.6482,43.54,90.78157043457033,93.85448455810548,49.29991912841797,137.68214416503906,230.5467987060547,79.60115814208984,79.22664642333984,140.03175354003906,214.57162475585935
2024-11-20,104.9218,43.47,91.52413940429688,94.79913330078124,49.151100158691406,137.8309326171875,230.34747314453125,79.1963882446289,79.26603698730469,141.6878204345703,213.6260223388672
2024-11-21,107.7,43.76,92.6429443359375,95.56666564941406,49.776153564453125,139.5569305419922,232.68951416015625,80.05528259277344,80.6447525024414,142.82821655273438,214.0042724609375
2024-11-22,109.6408,44.09,93.15778350830078,95.7142562866211,50.331756591796875,141.50112915039062,232.80911254882812,80.79570770263672,80.21143341064453,142.95713806152344,217.08990478515625
2024-11-25,110.1037,44.68,94.11817169189452,93.8249740600586,50.6591682434082,142.3839569091797,232.7991485595703,81.23997497558594,80.35916137695312,144.1768798828125,219.30958557128903
2024-11-26,109.9212,44.9,93.41521453857422,93.69705200195312,50.75838470458984,142.55259704589844,233.96517944335935,81.57563781738281,81.63939666748047,144.9503631591797,220.1058807373047
2024-11-27,109.53,45.21,93.36571502685548,93.5986557006836,50.85759353637695,142.02685546875,230.7959442138672,81.74346923828125,81.63939666748047,145.72386169433594,219.0209197998047
2024-11-29,110.2,45.0,93.84095001220705,94.00209045410156,50.93696975708008,142.83035278320312,232.9386749267578,82.1581039428711,81.66893768310547,146.18002319335938,221.2704620361328
2024-12-02,110.3977,44.32,93.7815399169922,93.00823974609376,50.43097305297851,141.77886962890625,235.15115356445312,82.05938720703125,79.91600036621094,145.9221954345703,223.20147705078125
2024-12-03,110.4845,44.06,93.4845199584961,92.9984130859375,50.053955078125,140.88612365722656,235.9982757568359,81.63487243652344,79.22664642333984,145.59495544433594,223.03225708007812
2024-12-04,111.24,43.94,92.5736312866211,90.75487518310548,49.86544418334961,141.50112915039062,240.31361389160156,81.40779876708984,79.21680450439453,145.515625,225.1026153564453
2024-12-05,110.16,43.83,91.35581970214844,91.1091079711914,50.01426696777344,139.78506469726562,239.0977478027344,81.73359680175781,79.46299743652344,143.88929748535156,226.94406127929688
2024-12-06,111.34,43.77,90.9993896484375,89.56422424316406,50.00435256958008,139.42796325683594,240.02459716796875,81.32881927490234,78.47821044921875,143.07614135742188,231.72183227539065
2024-12-09,110.02,43.86,90.97958374023438,89.4166259765625,49.31976318359375,138.21778869628906,238.45993041992188,81.20048522949219,77.49341583251953,143.49264526367188,230.9852600097656
2024-12-10,108.98,43.15,90.04889678955078,88.8065414428711,49.309844970703125,137.88052368164062,235.15115356445312,81.58551025390625,76.93208312988281,142.8976593017578,231.36349487304688
2024-12-11,109.88,43.04,89.73207092285156,88.95414733886719,49.409053802490234,137.56309509277344,238.5595703125,80.96355438232422,76.44953155517578,140.95399475097656,235.4246063232422
2024-12-12,110.87,43.01,89.10830688476562,88.2358169555664,49.1907844543457,136.68026733398438,237.22412109375,81.20048522949219,76.4101333618164,139.8334197998047,233.4736785888672
2024-12-13,111.8787,42.83,88.34593963623047,87.79302215576172,49.151100158691406,136.3231658935547,238.24066162109375,80.9931640625,76.45938110351562,139.8135986328125,234.39938354492188
2024-12-16,111.9,42.61,87.56377410888672,85.86436462402344,49.061805725097656,136.4422149658203,240.62257385253903,80.56864929199219,75.84880065917969,138.14761352539062,237.5745849609375
2024-12-17,109.46,42.42,87.07861328125,85.22476196289062,48.71455383300781,135.1923370361328,239.16749572753903,80.4304428100586,75.5336685180664,138.04844665527344,238.32110595703125
2024-12-18,107.1187,40.76,84.60338592529297,82.7057113647461,47.2560920715332,131.3733673095703,231.45372009277344,79.20626831054688,73.7511978149414,136.17420959472656,227.5811004638672
2024-12-19,107.4222,40.06,83.6925048828125,81.98738098144531,47.42475891113281,131.20472717285156,231.7028656005859,78.6435317993164,74.08602905273438,135.1428985595703,227.27252197265625
2024-12-20,108.91,40.79,84.73210144042969,82.79425811767578,48.12918472290039,132.74224853515625,235.16111755371097,78.91996765136719,75.26777648925781,136.84854125976562,227.8498382568359
2024-12-23,108.17,40.54,84.66641235351562,83.28047180175781,48.2447624206543,132.7123260498047,237.6527404785156,78.50415802001953,75.52395629882812,138.2152557373047,228.5409393310547
2024-12-24,109.5184,40.81,85.12422943115234,83.98497772216797,48.81270217895508,133.74916076660156,240.10842895507812,79.02142333984375,75.94100189208984,138.78306579589844,233.82638549804688
2024-12-26,110.3406,40.87,84.9948501586914,83.91551971435547,48.93226623535156,133.84884643554688,240.2681579589844,79.27010345458984,75.76226806640625,139.06198120117188,232.9587860107422
2024-12-27,108.2623,40.54,84.53703308105469,83.90559387207031,48.57357025146485,132.85189819335938,237.07376098632812,78.88216400146484,75.5438232421875,138.4144744873047,229.109375
2024-12-30,107.0126,40.35,83.4024429321289,83.89568328857422,48.10527038574219,131.51600646972656,234.05905151367188,77.95706176757812,75.22607421875,136.71107482910156,225.42950439453125
2024-12-31,107.04,40.67,83.7408218383789,84.9970932006836,48.15509033203125,131.3564910888672,232.1124725341797,78.19579315185547,75.15657043457031,137.03981018066406,223.7341766357422
2025-01-02,107.55,40.29,82.81523895263672,85.98934936523438,48.0355224609375,130.89791870117188,231.5634307861328,77.95706176757812,75.73247528076172,137.07965087890625,220.7922515869141
2025-01-03,109.07,40.84,82.79533386230469,86.79308319091797,48.41415023803711,132.31356811523438,235.33680725097656,77.91727447509766,76.53677368164062,138.42445373535156,225.2599639892578
2025-01-06,108.9557,40.28,83.35267639160156,86.39617156982422,48.26469039916992,132.02444458007812,238.33154296875,77.10159301757812,75.68283081054688,138.48422241210938,226.14752197265625
2025-01-07,107.12,39.98,83.30290985107422,87.25944519042969,48.15509033203125,131.8948516845703,233.54995727539065,76.83301544189453,75.49417114257812,139.1715545654297,221.7695770263672
2025-01-08,107.1,40.15,83.76073455810547,87.34874725341797,48.31451416015625,132.41326904296875,233.4700927734375,76.97227478027344,75.47431182861328,139.88876342773438,222.39784240722656
2025-01-10,105.2735,39.18,82.90481567382812,87.7059555053711,47.14874649047851,130.92782592773438,228.3790283203125,75.93775177001953,75.04734802246094,139.10182189941406,220.2138671875
2025-01-13,104.13,39.68,84.75598907470703,89.55156707763672,47.48751449584961,132.46310424804688,226.76187133789065,76.06707000732422,74.17353820800781,140.91481018066406,221.46043395996097
2025-01-14,104.935,40.02,85.81095886230469,90.5140609741211,48.07537841796875,134.02830505371094,227.36080932617188,76.08695983886719,75.14663696289062,139.46043395996094,221.03160095214844
2025-01-15,107.115,40.19,86.62706756591797,91.85360717773438,49.300926208496094,134.8756866455078,231.8828582763672,75.82833862304688,76.24881744384766,140.0282440185547,226.6561279296875
2025-01-16,107.09,41.09,87.3436508178711,92.51842498779295,49.62973403930664,136.5106658935547,230.09600830078125,76.39533233642578,78.1751480102539,140.58609008789062,225.42950439453125
2025-01-17,108.2701,41.08,87.91094970703125,93.23285675048828,50.048213958740234,137.32815551757812,233.69967651367188,76.83301544189453,78.28436279296875,139.63973999023438,228.59080505371097
2025-01-21,110.78,41.83,89.03558349609375,92.7565689086914,50.46669387817383,140.1494903564453,235.6462554931641,77.19111633300781,79.48583984375,141.9508056640625,230.26617431640625
2025-01-22,111.99,41.1,88.31900024414062,91.0697250366211,50.227561950683594,139.82049560546875,240.9669189453125,76.81311798095703,77.76803588867188,141.63201904296875,229.39857482910156
2025-01-23,112.07,41.43,88.80667877197266,91.4864730834961,50.51651382446289,141.23614501953125,241.39617919921875,77.09164428710938,78.13542938232422,143.52471923828125,230.7847595214844
2025-01-24,112.01,41.55,88.57776641845703,90.60336303710938,50.66596984863281,140.63800048828125,238.88058471679688,77.48954010009766,78.9297866821289,143.75381469726562,229.3786163330078
2025-01-27,104.68,41.96,88.62753295898438,89.66071319580078,51.22394180297851,138.75376892089844,227.1711578369141,79.58841705322266,77.10275268554688,146.98133850097656,230.68504333496097
2025-01-28,105.84,41.45,88.33891296386719,88.807373046875,51.13426971435547,137.8365936279297,233.23049926757812,78.34500885009766,76.04029846191406,145.95530700683594,230.9642639160156
2025-01-29,105.37,40.97,88.1796646118164,89.00582122802734,51.09441375732422,137.36802673339844,231.33384704589844,78.53400421142578,76.19916534423828,145.09861755371094,230.3060760498047
2025-01-30,106.72,41.51,89.01568603515625,89.46226501464844,51.5826416015625,138.9033203125,231.76307678222656,79.30989837646484,77.78788757324219,146.7721405029297,232.55987548828125
2025-01-31,107.6841,41.42,88.36876678466797,86.96176147460938,51.28372573852539,137.92633056640625,230.40545654296875,78.56385040283203,77.33113098144531,146.303955078125,231.53269958496097
2025-02-03,107.18,41.35,88.45833587646484,87.50750732421875,51.074485778808594,136.56051635742188,227.30091857910156,78.8722152709961,77.74817657470703,146.87176513671875,228.47113037109375
2025-02-04,108.85,41.35,88.71710205078125,89.34319305419922,50.95492172241211,136.60040283203125,230.57516479492188,78.20574188232422,77.06303405761719,146.47329711914062,231.16371154785156
2025-02-05,111.11,42.0,88.6474380493164,89.53172302246094,51.49296569824219,136.70008850097656,233.779541015625,78.69316101074219,77.83753967285156,147.87786865234375,228.5409393310547
2025-02-06,112.51,42.12,88.95596313476562,87.88456726074219,51.921409606933594,137.3181915283203,234.41842651367188,79.05126190185547,77.74817657470703,146.55299377441406,229.4484405517578
2025-02-07,111.6797,41.97,87.87113952636719,87.87464141845703,51.6324577331543,136.90945434570312,232.41195678710935,78.93189239501953,77.58930206298828,145.8656463623047,224.96078491210935
2025-02-10,112.88,42.03,88.31900024414062,89.80955505371094,51.22394180297851,138.13568115234375,235.8059844970703,79.4193115234375,78.43331146240234,145.7361602783203,225.7286834716797
2025-02-11,110.8087,42.26,88.83654022216797,90.53390502929688,51.35347366333008,138.18553161621094,235.9157867431641,80.18525695800781,78.83049011230469,145.46719360351562,223.1657257080078
2025-02-12,109.6707,41.9,88.19957733154297,88.3509292602539,51.17412567138672,137.32815551757812,235.4066925048828,80.12557983398438,78.69147491455078,145.2580108642578,223.12583923339844
2025-02-13,112.1411,42.23,89.73226928710938,89.0157470703125,51.51289367675781,137.4677276611328,238.74082946777344,80.9909896850586,78.87020874023438,145.8258056640625,226.47662353515625
2025-02-14,112.0838,42.06,89.42373657226562,89.37295532226562,51.61252975463867,137.12876892089844,239.5494079589844,80.18525695800781,78.54253387451172,144.241943359375,226.37689208984375
2025-02-18,112.3126,42.21,90.5583267211914,90.59344482421876,51.9811897277832,138.20547485351562,241.7355804443359,80.4737319946289,79.27731323242188,143.9630126953125,225.7486114501953
2025-02-19,112.4043,42.29,89.49340057373047,91.307861328125,52.00111770629883,138.3450469970703,241.75552368164065,81.12030792236328,79.6943588256836,145.8357696533203,225.61898803710935
2025-02-20,111.8293,42.58,89.2844009399414,92.14136505126952,51.20401382446289,137.4378204345703,240.9868927001953,80.80199432373047,79.68443298339844,146.65260314941406,223.67431640625
2025-02-21,109.1695,42.23,87.65218353271484,90.22630310058594,50.56633377075195,134.42706298828125,234.45834350585935,81.74698638916016,79.70428466796875,145.8656463623047,217.79052734375
2025-02-24,107.94,42.42,87.55265808105469,90.24614715576172,50.78553771972656,133.81893920898438,231.1042327880859,81.99566650390625,79.30711364746094,147.05105590820312,216.9727783203125
2025-02-25,106.7068,42.87,88.22943115234375,88.9462890625,50.77556991577149,134.50682067871094,228.1094970703125,83.15950012207031,78.90992736816406,148.31617736816406,215.8358917236328
2025-02-26,108.54,42.66,88.18962097167969,88.44023132324219,50.66596984863281,134.58657836914062,230.5951385498047,81.56793212890625,79.23760223388672,147.25030517578125,214.94834899902344
2025-02-27,106.74,42.85,87.59246826171875,88.91651916503906,50.9449577331543,134.11801147460938,222.1998748779297,81.5579833984375,77.48007202148438,146.65260314941406,211.8468780517578
2025-02-28,107.33,43.15,88.33891296386719,90.29576110839844,51.99115753173828,135.91250610351562,225.1347198486328,82.64224243164062,78.66168975830078,148.35601806640625,215.36720275878903
2025-03-03,104.8092,43.52,86.56735229492188,87.14037322998047,51.55274963378906,133.97845458984375,218.2867431640625,83.07991790771484,78.77091979980469,149.00350952148438,211.3981170654297
2025-03-04,104.4609,43.02,85.39295196533203,86.29695129394531,49.73933410644531,131.36647033691406,218.11703491210935,81.66740417480469,77.49000549316406,147.61886596679688,207.66839599609375
2025-03-05,106.5,43.42,87.62232208251953,85.03677368164062,50.02828598022461,133.4401092529297,221.18167114257812,82.005615234375,76.94387817382812,149.10311889648438,210.8296813964844
2025-03-06,104.1243,42.23,87.16450500488281,85.29476165771484,49.201290130615234,132.2936248779297,215.0424346923828,82.15482330322266,75.34522247314453,148.69471740722656,205.48440551757812
2025-03-07,105.3629,42.47,87.40336608886719,86.75338745117188,48.942230224609375,133.83888244628906,218.1569671630859,82.42340087890625,76.74529266357422,148.7046661376953,205.10543823242188
2025-03-10,100.85,42.06,85.58204650878906,87.39836120605469,47.846214294433594,131.74530029296875,208.8832550048828,82.24434661865234,77.58930206298828,147.1008758544922,197.7855987548828
2025-03-11,100.94,41.62,84.92517852783203,86.70377349853516,47.43769454956055,129.72152709960938,208.03472900390625,81.04072570800781,76.86444854736328,145.4970703125,195.85092163085935
2025-03-12,101.04,41.47,84.5270767211914,87.10067749023438,47.507442474365234,129.71156311035156,211.3089904785156,79.2800521850586,76.62613677978516,144.04270935058594,196.98777770996097
2025-03-13,99.49,40.66,84.46736145019531,86.50532531738281,47.248382568359375,128.3856201171875,207.29603576660156,78.91200256347656,76.8147964477539,143.2756805419922,192.07131958007812
2025-03-14,102.41,41.45,85.57209777832031,89.06536102294922,48.34440231323242,130.7284393310547,213.5650329589844,79.09105682373047,78.31415557861328,144.37142944335938,196.1600646972656
2025-03-17,103.76,42.18,86.64697265625,90.48429107666016,48.91233825683594,132.53289794921875,215.0524139404297,80.24494171142578,78.64183044433594,146.204345703125,196.46920776367188
2025-03-18,102.77,41.92,86.49768829345703,90.63312530517578,48.85255432128906,131.47613525390625,211.77816772460935,79.32978820800781,78.09571075439453,146.27406311035156,192.9688415527344
2025-03-19,103.8894,41.97,86.78630828857422,92.11160278320312,49.390602111816406,133.2207794189453,214.53334045410156,79.32978820800781,78.3836669921875,146.353759765625,196.66867065429688
2025-03-20,103.37,41.92,86.23892211914062,92.44896697998048,49.460350036621094,132.55284118652344,213.00601196289065,78.94184112548828,78.70140838623047,146.4434051513672,196.1999664306641
2025-03-21,103.3103,41.51,85.38299560546875,91.80399322509766,49.28099822998047,131.84500122070312,213.5850067138672,78.91200256347656,78.19499969482422,146.03500366210938,196.9080047607422
2025-03-24,106.38,41.82,86.54000091552734,92.8499984741211,50.150001525878906,134.2899932861328,217.6300048828125,79.4000015258789,78.16999816894531,147.14999389648438,204.2899932861328
2025-03-25,105.616,41.32,86.5199966430664,93.2300033569336,50.43000030517578,134.49000549316406,218.3500061035156,78.68000030517578,76.91999816894531,145.27000427246094,205.9199981689453
2025-03-26,103.9311,41.53,86.68000030517578,93.77999877929688,50.279998779296875,133.60000610351562,213.47999572753903,79.9000015258789,77.43000030517578,144.74000549316406,203.22999572753903
2025-03-27,102.78,41.43,86.63999938964844,92.87000274658205,50.18000030517578,132.88999938964844,211.5099945068359,80.80999755859375,77.41000366210938,144.97000122070312,203.36000061035156
2025-03-28,100.58,41.41,85.05000305175781,92.43000030517578,49.209999084472656,130.14999389648438,206.3800048828125,80.41000366210938,77.9800033569336,144.52000427246094,197.0399932861328
2025-03-31,99.9498,41.85,85.9800033569336,93.4499969482422,49.810001373291016,131.07000732421875,206.47999572753903,81.66999816894531,78.8499984741211,146.00999450683594,197.4600067138672
2025-04-01,99.99,41.88,86.30000305175781,94.0,49.75,131.80999755859375,207.9900054931641,81.79000091552734,79.05000305175781,143.33999633789062,199.52000427246097
2025-04-02,101.21,42.08,87.01000213623047,94.12999725341795,50.15999984741211,133.0500030517578,209.52999877929688,81.55000305175781,79.41999816894531,144.3000030517578,203.30999755859375
2025-04-03,94.13,40.82,83.08000183105469,86.73999786376953,47.689998626708984,125.8499984741211,195.22999572753903,82.0199966430664,78.91999816894531,143.1300048828125,191.02999877929688
2025-04-04,88.62,38.96,77.87999725341797,78.76000213623047,44.20000076293945,117.94000244140624,182.3699951171875,78.45999908447266,74.52999877929688,135.27999877929688,182.7899932861328
2025-04-07,88.85,38.02,76.62999725341797,78.25,44.09000015258789,117.38999938964844,183.4600067138672,77.55000305175781,73.38999938964844,134.47000122070312,180.6300048828125
2025-04-08,86.93,37.08,74.2699966430664,76.44000244140625,43.91999816894531,116.41999816894533,179.72999572753906,76.3499984741211,73.08999633789062,132.97999572753906,176.33999633789062
2025-04-09,94.761,39.21,80.76000213623047,82.36000061035156,47.22999954223633,126.76000213623048,203.86000061035156,79.30999755859375,75.97000122070312,138.75999450683594,195.5399932861328
2025-04-10,91.4036,38.38,78.18000030517578,76.9800033569336,45.90999984741211,123.48999786376952,194.3699951171875,79.3499984741211,75.4000015258789,134.88999938964844,187.8999938964844
2025-04-11,91.9218,38.92,80.5,78.88999938964844,46.66999816894531,125.66999816894533,198.3500061035156,80.3499984741211,76.31999969482422,136.8699951171875,189.72000122070312
2025-04-14,92.6368,39.78,81.47000122070312,79.16999816894531,47.150001525878906,126.9800033569336,200.16000366210935,81.72000122070312,77.69000244140625,138.5399932861328,190.27000427246097
2025-04-15,93.2259,39.84,80.83000183105469,79.05000305175781,47.27000045776367,126.3499984741211,200.88999938964844,81.02999877929688,77.68000030517578,137.69000244140625,188.8999938964844
2025-04-16,91.345,39.82,80.19999694824219,79.69999694824219,46.529998779296875,124.62000274658205,193.91000366210935,80.16000366210938,76.9800033569336,136.2899932861328,184.2400054931641
2025-04-17,91.64,40.45,79.9612808227539,80.1583251953125,46.338130950927734,124.40582275390624,192.29376220703125,80.75804901123047,76.71734619140625,134.23239135742188,184.6808929443359
2025-04-21,88.61,39.61,78.74329376220703,78.06338500976562,45.34481430053711,121.6158676147461,187.3283843994141,79.98863983154297,74.90225219726562,131.33950805664062,179.75009155273438
2025-04-22,90.2,40.42,80.58512115478516,80.05013275146484,46.84471893310547,123.74059295654295,191.8949432373047,81.12301635742188,76.9442367553711,133.80638122558594,185.43797302246097
2025-04-23,92.2874,40.47,80.68415069580078,79.90260314941406,47.400978088378906,125.28946685791016,197.4585418701172,80.65939331054688,77.269775390625,134.4701690673828,189.5818328857422
2025-04-24,94.8147,40.59,82.42695617675781,81.18120574951172,47.927433013916016,128.09927368164062,204.82684326171875,79.94918060302734,77.38814544677734,136.11476135253906,193.35711669921875
2025-04-25,95.011,40.53,81.8130111694336,81.0336685180664,47.698970794677734,128.08934020996094,207.85792541503903,79.74202728271484,77.1513900756836,136.7686309814453,196.83360290527344
2025-04-28,96.18,40.78,81.9615478515625,81.6041259765625,47.84796524047851,128.5162811279297,207.51893615722656,79.47570037841797,77.6249008178711,137.3135223388672,196.9033203125
2025-04-29,96.6107,41.11,82.64480590820312,81.36808013916016,48.34462356567383,129.35028076171875,208.486083984375,80.1365966796875,78.22664642333984,137.98721313476562,198.2978973388672
2025-04-30,96.48,41.3,83.07061004638672,79.1747817993164,48.434024810791016,130.2835693359375,209.35353088378903,80.71858978271484,77.8320541381836,139.16616821289062,196.49490356445312
2025-05-01,98.51,41.42,82.70421600341797,79.4698486328125,48.42409133911133,131.26651000976562,212.4244842529297,80.01823425292969,78.05894470214844,135.3717041015625,197.5806884765625
2025-05-02,99.14,41.93,84.10044860839844,80.63042449951172,49.42733383178711,133.61959838867188,215.9740295410156,80.45225524902344,78.67054748535156,137.24417114257812,200.6487274169922
2025-05-05,98.39,41.88,83.47660827636719,79.1747817993164,49.10947799682617,133.6890869140625,214.8274078369141,80.3832015991211,78.4732666015625,136.8577880859375,198.51702880859375
2025-05-06,99.14,41.59,82.87256622314453,79.19445037841797,48.83135223388672,132.51751708984375,213.04266357421875,80.24510192871094,79.43013000488281,133.08316040039062,196.7837829589844
2025-05-07,99.51,41.56,82.41706085205078,79.22396087646484,49.11941146850586,133.19265747070312,215.17637634277344,80.37334442138672,79.65701293945312,134.10360717773438,198.31781005859375
2025-05-08,99.41,41.36,83.5162124633789,80.26651000976562,49.52667236328125,135.02944946289062,217.23031616210935,80.27469635009766,79.01581573486328,132.89492797851562,200.65869140625
2025-05-09,100.5673,41.61,83.73406219482422,81.07301330566406,49.52667236328125,135.13868713378906,216.96112060546875,79.81108093261719,79.15391540527344,131.44845581054688,201.62493896484375
2025-05-12,104.33,41.65,85.67491912841797,83.1876220703125,50.5299186706543,139.2987823486328,227.03146362304688,79.92945098876953,78.680419921875,134.69802856445312,211.6459197998047
2025-05-13,105.16,41.09,85.24911499023438,84.35802459716797,50.73851776123047,140.27178955078125,231.93702697753903,78.85425567626953,78.57190704345703,130.64598083496094,214.4450225830078
2025-05-14,104.75,40.74,84.46683502197266,83.84658813476562,50.59944915771485,139.5966339111328,233.44259643554688,78.43009948730469,78.22664642333984,127.57477569580078,215.27178955078125
2025-05-15,105.59,41.49,85.32833862304688,84.20066833496094,50.93717575073242,141.14549255371094,233.7616424560547,80.03795623779297,79.89376831054688,129.24908447265625,214.7936553955078
2025-05-16,105.92,42.01,86.19974517822266,84.07280731201172,51.2451057434082,142.7539520263672,234.2003631591797,80.955322265625,81.06766510009766,131.85467529296875,216.82574462890625
2025-05-19,105.47,42.1,86.41759490966797,82.9810791015625,51.27490234375,143.24044799804688,233.86135864257812,81.19206237792969,81.41291809082031,133.12277221679688,216.31773376464844
2025-05-20,105.17,41.88,86.2690658569336,82.21391296386719,50.99677658081055,142.7241668701172,232.9839324951172,81.4781265258789,81.64967346191406,133.44972229003906,215.19210815429688
2025-05-21,103.1181,40.77,85.12039184570312,80.69927215576172,49.95379638671875,140.31150817871094,228.60682678222656,80.53116607666016,80.16011047363281,130.3586883544922,210.82908630371097
2025-05-22,103.19,40.63,85.0312728881836,80.38453674316406,49.894195556640625,140.28170776367188,228.66665649414065,80.19578552246094,79.01581573486328,129.3382568359375,211.7355499267578
2025-05-23,102.47,40.64,84.86293029785156,80.64025115966797,49.71540069580078,139.8249969482422,226.14407348632812,80.49170684814453,79.96281433105469,129.13018798828125,209.8329620361328
2025-05-27,104.98,41.31,86.34827423095703,81.33856201171875,50.58951568603515,142.28729248046875,231.51824951171875,81.2216567993164,80.56455993652344,130.9333038330078,216.02883911132812
2025-05-28,104.14,41.31,85.16990661621094,80.30585479736328,50.25178909301758,141.58236694335938,230.5610809326172,80.66926574707031,79.43999481201172,130.25961303710938,214.04656982421875
2025-05-29,102.985,41.69,85.48677825927734,80.90581512451172,50.51005172729492,141.71144104003906,230.9499359130859,80.99478149414062,79.9924087524414,131.13143920898438,214.13621520996097
2025-05-30,102.1454,41.73,85.49667358398438,80.18782806396484,50.61931610107422,141.80079650878906,230.23204040527344,81.70500183105469,80.8111801147461,131.40884399414062,212.9707489013672
2025-06-02,103.035,41.79,86.00170135498047,81.2402114868164,50.639183044433594,141.6220703125,232.26605224609375,81.75432586669922,81.06766510009766,131.48809814453125,213.4688262939453
2025-06-03,104.9219,41.64,86.88300323486328,82.20408630371094,50.73851776123047,142.7142333984375,235.7557678222656,81.6754150390625,81.28468322753906,131.7952117919922,214.60438537597656
2025-06-04,105.3025,41.77,87.20977783203125,80.60091400146484,50.4504508972168,142.79367065429688,236.1047515869141,81.10328674316406,79.86417388916016,132.05279541015625,214.03660583496097
2025-06-05,105.3,41.76,86.69486236572266,80.52223205566406,50.3113899230957,142.6943817138672,235.4367218017578,80.32402038574219,79.73593139648438,131.87448120117188,208.6376190185547
2025-06-06,106.52,41.88,86.92261505126953,82.0368881225586,50.93717575073242,143.89572143554688,237.66017150878903,80.58049011230469,80.09105682373047,133.13270568847656,211.34706115722656
2025-06-09,108.08,41.86,87.5068588256836,82.19424438476562,50.6590461730957,143.76666259765625,238.82672119140625,80.47198486328125,79.57809448242188,132.9048309326172,213.04046630859375
2025-06-10,108.119,42.23,88.05147552490234,83.65971374511719,50.718650817871094,143.14114379882812,240.1627960205078,80.6495361328125,79.76553344726562,134.42062377929688,215.59054565429688
2025-06-11,107.4794,42.0,87.1800765991211,84.86947631835938,50.6590461730957,143.21066284179688,239.6343536376953,80.37334442138672,79.81485748291016,134.48997497558594,213.88717651367188
2025-06-12,108.29,42.23,87.54646301269531,85.1645278930664,50.6590461730957,142.8333740234375,241.8578186035156,80.84681701660156,80.78158569335938,135.54013061523438,212.8811187744141
2025-06-13,106.2015,41.89,86.52651977539062,86.64966583251953,49.625999450683594,141.63198852539062,238.46778869628903,79.86040496826172,80.31794738769531,134.866455078125,210.9187469482422
2025-06-16,108.4094,41.93,87.2593002319336,86.3939437866211,50.19218826293945,142.60501098632812,242.326416015625,80.11686706542969,79.92335510253906,134.4503631591797,213.18991088867188
2025-06-17,107.12,41.76,86.40769958496094,87.20045471191406,49.90413284301758,141.53271484375,240.61148071289065,79.43624114990234,79.2624282836914,132.23114013671875,209.51422119140625
2025-06-18,108.6597,41.84,86.16014099121094,86.62999725341797,49.8842658996582,141.19515991210938,240.9006195068359,79.33760070800781,79.46958923339844,132.00328063964844,209.6138153076172
2025-06-20,109.5918,41.83,85.57589721679688,87.51518249511719,50.0233268737793,141.35400390625,239.8337554931641,79.91958618164062,79.68660736083984,131.3692169189453,209.8628387451172
2025-06-23,112.0124,42.06,86.52937316894531,85.30207061767578,50.65325164794922,143.26809692382812,242.5682678222656,80.8452377319336,80.69680786132812,131.558349609375,214.0225067138672
2025-06-24,114.6987,42.26,87.2459716796875,84.1915512084961,51.410762786865234,144.46315002441406,246.92266845703125,80.77571105957031,81.04446411132812,133.1709747314453,215.21041870117188
2025-06-25,114.6957,41.23,86.4099349975586,83.82467651367188,51.24131774902344,143.1884307861328,249.0299530029297,79.6931381225586,79.96175384521484,133.29042053222656,212.6748962402344
2025-06-26,116.0559,40.97,87.36540222167969,85.0244369506836,51.62007141113281,144.74200439453125,250.7477569580078,79.62361145019531,80.62727355957031,133.60897827148438,214.6314392089844
2025-06-27,116.3239,41.12,87.47488403320312,84.5782470703125,51.76957702636719,146.18603515625,250.44813537597656,80.00102996826172,80.78620910644531,133.32028198242188,218.20513916015625
2025-06-30,117.3124,41.42,87.39525604248047,84.09239196777344,52.19816589355469,146.9130401611328,252.90496826171875,80.41816711425781,81.11400604248047,134.17637634277344,216.9473571777344
2025-07-01,117.42,41.7,89.654541015625,84.73689270019531,52.48721694946289,147.40101623535156,250.6478729248047,81.4212875366211,81.39212799072266,136.087646484375,217.8757171630859
2025-07-02,117.9915,41.78,90.99816131591795,86.1944580078125,52.44734573364258,147.55039978027344,253.29446411132812,81.6596450805664,80.68687438964844,134.74378967285156,219.6226348876953
2025-07-03,119.5874,41.8,90.9384536743164,86.29360961914062,53.01547622680664,148.8052215576172,256.63018798828125,81.61991882324219,81.29279327392578,134.88314819335938,220.82052612304688
2025-07-07,118.38,41.48,90.0625991821289,85.4607162475586,52.50715255737305,148.287353515625,254.59280395507812,81.5503921508789,81.46166229248047,133.7483367919922,218.01547241210935
2025-07-08,117.9804,41.42,90.79911041259766,87.7610855102539,52.038692474365234,148.24752807617188,255.9610595703125,80.79557037353516,80.59747314453125,134.35556030273438,217.2767791748047
2025-07-09,118.2,41.4,91.34651184082033,87.31488800048828,52.22806930541992,149.28323364257812,257.4990539550781,80.2691879272461,81.3523941040039,134.87319946289062,218.5644989013672
2025-07-10,118.38,41.61,91.83419036865234,87.9792251586914,52.537052154541016,150.1197967529297,256.6501770019531,80.55721282958984,82.01791381835938,135.6994171142578,220.9802398681641
2025-07-11,117.3416,41.57,91.08773803710938,88.37583923339844,51.98885726928711,149.58200073242188,255.52162170410156,80.2592544555664,81.89871215820312,134.57455444335938,221.0401306152344
2025-07-14,118.3818,41.85,90.58014678955078,87.40413665771484,52.3775749206543,150.388671875,255.31187438964844,80.32877349853516,82.22650909423828,134.415283203125,221.8586883544922
2025-07-15,118.0693,41.31,88.71897888183594,86.1448745727539,51.48053359985352,149.26333618164062,257.5789794921875,79.52429962158203,81.44178771972656,131.99635314941406,218.68429565429688
2025-07-16,119.21,41.76,88.95783996582031,85.4012222290039,51.83934783935547,149.79115295410156,258.3779296875,79.8023910522461,81.48152160644531,133.6388397216797,219.0835876464844
2025-07-17,121.39,41.72,89.58486938476562,85.92674255371094,52.33770751953125,151.17543029785156,260.72491455078125,80.55721282958984,81.81925201416016,132.1157989501953,219.832275390625
2025-07-18,120.9381,41.84,89.79387664794922,85.23265838623047,52.36761093139648,150.8368377685547,260.5551452636719,80.33870697021484,83.19002532958984,131.23980712890625,221.77883911132812
2025-07-21,120.7664,42.0,90.251708984375,84.35018920898438,52.21810150146485,150.0401153564453,260.89471435546875,80.32877349853516,83.45821380615234,130.49322509765625,222.8269805908203
2025-07-22,120.26,42.73,91.4958038330078,84.74681091308594,52.50715255737305,150.3986358642578,258.4778137207031,81.06373596191406,84.48133850097656,132.922119140625,225.0830078125
2025-07-23,122.3576,42.85,91.80433654785156,86.07546997070312,52.9257698059082,153.0974884033203,259.9559326171875,81.0935287475586,83.84561920166016,135.64964294433594,226.151123046875
2025-07-24,120.82,42.79,90.85882568359376,86.69022369384766,52.895870208740234,152.83856201171875,261.05450439453125,80.80550384521484,83.7363510131836,135.14195251464844,222.40773010253903
2025-07-25,120.378,42.79,91.93372344970705,86.3630142211914,53.26465606689453,154.35231018066406,261.6537170410156,80.94454956054688,83.95487213134766,135.8586883544922,224.4740753173828
2025-07-28,120.7116,42.05,90.6000518798828,87.34463500976562,52.895870208740234,153.874267578125,263.74102783203125,80.11028289794922,83.06089782714844,134.67410278320312,225.78176879882812
2025-07-29,120.1392,42.75,90.251708984375,88.19735717773438,52.62675476074219,152.12152099609375,263.75103759765625,80.63666534423828,84.01448059082031,133.81800842285156,224.2245178222656
2025-07-30,120.3956,42.15,88.43035125732422,86.9381103515625,52.52708435058594,151.37460327148438,264.34027099609375,79.92156982421875,84.6402587890625,133.57911682128906,222.80702209472656
2025-07-31,120.2651,41.41,87.31564331054688,86.47208404541016,52.19816589355469,151.38455200195312,262.40277099609375,79.23627471923828,85.09718322753906,129.8362274169922,221.0401306152344
2025-08-01,117.3712,41.29,86.31040954589844,84.86579132080078,51.231353759765625,149.1239013671875,256.74005126953125,79.61368560791016,85.226318359375,130.53305053710938,215.70953369140625
2025-08-04,123.616,41.64,87.4549789428711,84.67739868164062,51.73967742919922,150.4982147216797,261.9533386230469,80.00102996826172,86.73615264892578,132.40447998046875,218.2450714111328
2025-08-05,123.0781,41.78,88.0720443725586,84.78646850585938,51.53036880493164,150.1894989013672,259.7861328125,79.92156982421875,85.81237030029297,131.8968048095703,218.5245819091797
2025-08-06,126.4217,41.43,87.11658477783203,84.00315856933594,51.77954864501953,150.3090057373047,262.71234130859375,81.06373596191406,85.04752349853516,129.91586303710938,223.0665740966797
2025-08-07,124.6094,41.59,87.49479675292969,83.67594909667969,51.201446533203125,150.0899200439453,262.9520568847656,81.67950439453125,85.97130584716797,128.4226837158203,222.99668884277344
2025-08-08,125.7712,41.25,87.93270874023438,84.21138000488281,51.679874420166016,150.2094268798828,265.5787048339844,81.91787719726562,85.60377502441406,129.5674591064453,223.3860015869141
2025-08-11,125.3501,41.01,87.73365783691406,83.5371322631836,51.659942626953125,149.721435546875,263.7809753417969,81.84835052490234,85.33558654785156,129.6968536376953,223.96498107910156
2025-08-12,128.5125,41.08,88.87822723388672,83.94366455078125,52.287872314453125,151.27500915527344,267.86572265625,82.06684875488281,85.70310974121094,130.5927734375,226.34078979492188
2025-08-13,129.2815,41.35,90.55029296875,84.91536712646484,52.58688735961914,151.85263061523438,267.9656066894531,82.06684875488281,85.89183807373047,132.68319702148438,229.4453125
2025-08-14,126.343,41.06,89.60477447509766,84.83604431152344,52.83606719970703,150.50819396972656,267.3863830566406,81.33189392089844,85.29585266113281,133.35015869140625,229.18576049804688
2025-08-15,126.4998,41.33,89.60477447509766,84.83604431152344,52.287872314453125,149.82102966308594,265.3589782714844,81.46100616455078,85.04752349853516,135.5899200439453,228.63673400878903
2025-08-18,128.22,40.94,89.08723449707031,84.33036804199219,52.32773971557617,150.40859985351562,265.92822265625,81.35176086425781,84.67999267578125,135.27137756347656,229.5551300048828
2025-08-19,126.02,41.67,89.62468719482422,84.360107421875,52.42741012573242,150.73724365234375,261.2842102050781,82.18603515625,85.50444793701172,136.1374053955078,229.4453125
2025-08-20,125.6282,41.83,89.69435119628906,85.06410217285156,52.69652557373047,150.59780883789062,259.5164794921875,82.65283203125,85.59384155273438,136.87403869628906,227.17930603027344
2025-08-21,126.07,41.68,89.96307373046875,85.64910888671875,52.52708435058594,150.06002807617188,258.57769775390625,81.90794372558594,85.0077896118164,136.41612243652344,225.83168029785156
2025-08-22,129.62,42.34,91.74462127685548,87.39421844482422,53.394229888916016,152.50991821289062,262.08319091796875,81.90794372558594,85.46471405029297,137.54098510742188,232.68959045410156
2025-08-25,130.4959,42.13,91.23703002929688,87.62227630615234,53.08524703979492,150.9862060546875,261.4939270019531,80.5075454711914,84.5011978149414,135.5799560546875,232.22042846679688
2025-08-26,131.9552,42.01,91.48584747314452,87.48345947265625,53.493900299072266,152.539794921875,262.6923828125,79.98116302490234,84.68993377685547,136.42608642578125,233.2885284423828
2025-08-27,133.1197,42.19,91.71476745605467,88.46508026123047,53.603538513183594,152.51986694335938,264.110595703125,80.21952056884766,84.70979309082031,136.34645080566406,233.33843994140625
2025-08-28,134.49,42.08,91.71476745605467,89.13932800292969,53.673309326171875,152.78875732421875,266.1979064941406,79.71300506591797,84.06414031982422,135.80889892578125,233.73773193359375
2025-08-29,133.77,42.31,91.84414672851562,89.62517547607422,53.8128547668457,151.38455200195312,262.1131591796875,80.22945404052734,83.75621032714844,136.80435180664062,231.3319854736328
2025-09-02,132.62,41.59,91.15740203857422,89.75407409667969,53.41416549682617,149.94052124023438,259.4665222167969,80.10034942626953,83.47808837890625,136.9337615966797,229.6050262451172
2025-09-03,132.4228,41.48,90.54033660888672,87.74124908447266,53.324459075927734,149.18365478515625,261.0145568847656,80.0407485961914,83.26949310302734,136.28672790527344,230.5334014892578
2025-09-04,135.51,41.76,90.88867950439452,88.32626342773438,53.882625579833984,150.86671447753906,262.30291748046875,80.09041595458984,83.17015838623047,136.80435180664062,234.7459716796875
2025-09-05,135.664,42.18,91.5256576538086,86.62081909179688,52.895870208740234,150.3090057373047,262.5225830078125,80.31884765625,82.91189575195312,137.272216796875,234.696044921875
2025-09-08,135.601,41.9,91.60528564453124,86.4225082397461,52.93574142456055,150.64761352539062,264.4900817871094,80.02088928222656,82.06758117675781,137.2224578857422,235.6044464111328
2025-09-09,136.35,41.88,90.11236572265624,86.83895874023438,53.16498565673828,149.63180541992188,264.9994201660156,80.17980194091797,82.63377380371094,137.95907592773438,235.27503967285156
2025-09-10,138.142,41.86,90.28156280517578,88.35601043701172,52.98557662963867,150.73724365234375,269.8032531738281,79.39518737792969,84.05420684814453,136.70481872558594,232.45999145507812
2025-09-11,140.33,42.54,92.17259216308594,88.37583923339844,53.85271835327149,152.1713104248047,270.71209716796875,80.0407485961914,84.5011978149414,139.0839385986328,236.9820098876953
2025-09-12,137.77,42.35,91.24698638916016,87.8503189086914,53.62347412109375,150.95632934570312,270.5323181152344,79.77259063720703,84.9283218383789,137.48126220703125,238.20985412597656
2025-09-15,140.35,42.3,90.51048278808594,87.55286407470703,53.503868103027344,151.65345764160156,272.9692077636719,78.8588638305664,85.12698364257812,136.30662536621094,240.2761993408203
2025-09-16,138.88,42.05,90.23180389404295,89.02033996582031,53.3842658996582,151.20530700683594,272.0204162597656,79.21641540527344,83.5774154663086,136.30662536621094,241.75360107421875
2025-09-17,139.28,42.03,90.44081115722656,89.22856140136719,53.902557373046875,150.5181427001953,271.08160400390625,79.6931381225586,83.7860107421875,136.57540893554688,241.14468383789065
2025-09-18,140.96,42.06,90.44081115722656,88.950927734375,53.952392578125,152.12152099609375,275.7655944824219,78.99790954589844,83.84561920166016,136.84417724609375,240.0565948486328
2025-09-19,140.546,41.85,90.4010009765625,87.77099609375,54.071998596191406,152.489990234375,278.56201171875,78.83899688720703,84.38199615478516,136.6649932861328,240.96499633789065
2025-09-22,141.85,41.67,90.37000274658205,87.66999816894531,54.0,153.0,282.6600036621094,77.95999908447266,85.19999694824219,136.6300048828125,240.17999267578125
2025-09-23,141.7658,42.0,90.08000183105467,89.18000030517578,53.7599983215332,153.0399932861328,280.2200012207031,78.3499984741211,85.63999938964844,136.94000244140625,237.9199981689453
2025-09-24,138.99,41.57,88.9800033569336,90.33999633789062,53.61000061035156,152.25,278.489990234375,78.5199966430664,86.25,136.38999938964844,239.6000061035156
2025-09-25,138.61,41.47,87.81999969482422,91.1500015258789,53.470001220703125,151.22000122070312,278.0,77.7699966430664,85.41999816894531,134.1300048828125,236.22000122070312
2025-09-26,138.82,41.88,88.83999633789062,91.98999786376952,53.86000061035156,152.5800018310547,278.8399963378906,77.95999908447266,86.80999755859375,135.5,239.7100067138672
2025-09-29,139.1161,41.96,89.18000030517578,90.3000030517578,54.130001068115234,153.0500030517578,280.3299865722656,78.11000061035156,87.05999755859375,135.89999389648438,240.7599945068359
2025-09-30,139.92,42.13,89.62000274658203,89.33999633789062,53.869998931884766,154.22999572753906,281.8599853515625,78.37000274658203,87.20999908447266,139.1699981689453,239.63999938964844
2025-10-01,142.1449,42.13,88.68000030517578,89.33999633789062,53.38999938964844,153.8000030517578,284.6199951171875,78.25,88.05000305175781,143.47000122070312,241.13999938964844
2025-10-02,144.9559,41.91,89.70999908447266,88.44000244140625,53.349998474121094,154.1999969482422,286.1600036621094,77.94000244140625,87.88999938964844,143.19000244140625,239.3999938964844
2025-10-03,146.2885,42.08,89.86000061035156,88.91000366210938,53.720001220703125,154.41000366210938,284.7200012207031,78.02999877929688,88.91000366210938,144.82000732421875,237.86000061035156
2025-10-06,149.47,41.66,89.91000366210938,89.68509674072266,53.75,155.10000610351562,288.6650085449219,77.58000183105469,89.43499755859375,144.4250030517578,238.97999572753903
2025-10-07,148.02,41.53,89.41999816894531,89.48999786376953,53.77000045776367,154.25,285.67999267578125,78.18000030517578,90.18000030517578,144.22999572753906,235.6999969482422
2025-10-08,152.05,41.32,89.9000015258789,88.97000122070312,53.5099983215332,155.58999633789062,290.69000244140625,77.79000091552734,90.8000030517578,144.50999450683594,236.3999938964844
